player_id,name_first,name_last,hand,dob,ioc,height,wikidata_id
113190,Bobby,Riggs,U,,USA,,
200000,X,X,U,19000000,UNK,,
200001,Martina,Hingis,R,19800930,SUI,170,Q134720
200002,Mirjana,Lucic,R,19820309,CRO,181,Q239686
200003,Justine,Henin,R,19820601,BEL,167,Q11682
200004,Kerry Anne,Guse,R,19721204,AUS,159,Q516757
200005,Jolene,Watanabe,R,19680831,USA,,Q1702635
200006,Karina,Habsudova,R,19730802,SVK,170,Q269278
200007,Silvija,Talaja,R,19780114,CRO,173,Q271692
200008,Alicia,Molik,R,19810127,AUS,182,Q232922
200009,Tamarine,Tanasugarn,R,19770524,THA,165,Q144555
200010,Rita,Grande,R,19750323,ITA,177,Q264551
200011,Katarina,Srebotnik,R,19810312,SLO,180,Q229116
200012,Jana,Nejedly,R,19740609,CAN,175,Q2908430
200013,Angelica,Gavaldon,R,19731003,MEX,,Q2283377
200014,Tzipi,Obziler,R,19730419,ISR,172,Q867533
200015,Petra,Mandula,R,19780117,HUN,178,Q258965
200016,Sandrine,Testud,R,19720403,FRA,176,Q259026
200017,Arantxa,Sanchez Vicario,R,19711218,ESP,168,Q188080
200018,Julia,Abe,R,19760521,GER,,Q1503174
200019,Alexandra,Fusai,R,19731122,FRA,176,Q468226
200020,Lisa,Raymond,R,19730810,USA,165,Q10129
200021,Alexia,Dechaume Balleret,R,19700503,FRA,,Q748769
200022,Emmanuelle,Gagliardi,R,19760709,SUI,171,Q254686
200023,Bryanne,Stewart,R,19791209,AUS,174,Q456729
200024,Maria,Vento Kabchi,R,19740524,VEN,168,Q254260
200025,Ludmila,Cervanova,R,19791015,SVK,171,Q591648
200026,Florencia,Labat,L,19710612,ARG,170,Q455165
200027,Magui,Serna,L,19790301,ESP,167,Q271740
200028,Maureen,Drake,R,19710321,CAN,175,Q2777538
200029,Lisa,Mcshea,R,19741029,AUS,174,Q3242430
200030,Miroslava,Vavrinec,R,19780401,SUI,173,Q233306
200031,Meilen,Tu,R,19780117,USA,163,Q265572
200032,Barbara,Schett,R,19760310,AUT,176,Q259647
200033,Serena,Williams,R,19810926,USA,175,Q11459
200034,Amanda,Grahame,L,19790325,AUS,,Q33027005
200035,Maria,Sanchez Lorenzo,R,19771107,ESP,171,Q522197
200036,Nicole,Pratt,R,19730305,AUS,163,Q271711
200037,Sabine,Appelmans,L,19720422,BEL,168,Q239791
200038,Annabel,Ellwood,R,19780202,AUS,165,Q2382889
200039,Chanda,Rubin,R,19760218,USA,168,Q237894
200040,Anna,Smashnova,R,19760716,ISR,157,Q233521
200041,Amy,Frazier,R,19720919,USA,175,Q254340
200042,Els,Callens,R,19700820,BEL,178,Q260112
200043,Virginie,Razzano,R,19830512,FRA,173,Q220425
200044,Denisa,Chladkova,R,19790208,CZE,174,Q271728
200045,Tara,Snyder,R,19770526,USA,175,Q301072
200046,Meghann,Shaughnessy,R,19790413,USA,180,Q54652
200047,Pavlina,Nola,R,19740714,NZL,,Q629984
200048,Elena,Likhovtseva,R,19750908,RUS,174,Q233231
200049,Conchita,Martinez,R,19720416,ESP,170,Q232618
200050,Sandra,Kleinova,R,19780508,CZE,177,Q3471919
200051,Irina,Spirlea,R,19740326,ROU,175,Q265927
200052,Olga,Barabanschikova,R,19791102,BLR,172,Q452832
200053,Lubomira,Bacheva,R,19750307,BUL,,Q3242109
200054,Sylvia,Plischke,R,19770720,AUT,177,Q432729
200055,Mariana,Diaz Oliva,R,19760311,ARG,172,Q2307635
200056,Jelena,Kostanic Tosic,L,19810706,CRO,168,Q233556
200057,Erika,De Lone,R,19721014,USA,,Q940235
200058,Anna,Foldenyi Dicker,R,19740822,HUN,165,Q4767019
200059,Ruxandra,Dragomir Ilie,R,19721024,ROU,168,Q273507
200060,Tathiana,Garbin,R,19770630,ITA,172,Q230235
200061,Gala,Leon Garcia,L,19731223,ESP,163,Q455239
200062,Kristina,Brandi,R,19770329,PUR,168,Q264544
200063,Tatiana,Panova,R,19760813,RUS,154,Q269080
200064,Amanda,Coetzer,R,19711022,RSA,158,Q233339
200065,Amelie,Mauresmo,R,19790705,FRA,175,Q180872
200066,Cristina,Torrens Valero,R,19740912,ESP,171,Q271754
200067,Patty,Schnyder,L,19781214,SUI,168,Q231954
200068,Lilia,Osterloh,R,19780407,USA,170,Q258202
200069,Nadia,Petrova,R,19820608,RUS,178,Q11659
200070,Anne Gaelle,Sidot,L,19790724,FRA,172,Q1563349
200071,Lenka,Nemeckova,R,19760420,CZE,170,Q3229475
200072,Cara,Black,R,19790217,ZIM,167,Q229128
200073,Julie,Pullin,L,19751105,GBR,173,Q6308474
200074,Jane,Chi,R,19740621,USA,165,Q24347657
200075,Jing Qian,Yi,R,19740228,CHN,168,Q3572264
200076,Laurence,Courtois,R,19760118,BEL,172,Q221591
200077,Jennifer,Capriati,R,19760329,USA,170,Q11680
200078,Barbara,Schwartz,L,19790127,AUT,181,Q275571
200079,Kim,Clijsters,R,19830608,BEL,175,Q11685
200080,Dominique,Monami,R,19730531,BEL,170,Q270967
200081,Anke,Huber,R,19741204,GER,173,Q57401
200082,Kristie,Boogert,R,19731216,NED,178,Q262062
200083,Alexandra,Stevenson,R,19801215,USA,185,Q241637
200084,Asa,Carlsson,R,19750616,SWE,178,Q258930
200085,Ai,Sugiyama,R,19750705,JPN,163,Q229100
200086,Magdalena,Maleeva,R,19750401,BUL,168,Q238102
200087,Seda,Noorlander,R,19740522,NED,166,Q839952
200088,Adriana,Gersi,R,19760626,CZE,166,Q2825062
200089,Miriam,Oremans,R,19720909,NED,169,Q273481
200090,Anca,Barna,L,19770514,GER,175,Q72915
200091,Janet,Lee,R,19761022,TPE,175,Q455653
200092,Sandra,Nacuk,R,19800817,SCG,,Q2277033
200093,Amelie,Cocheteux,L,19780327,FRA,,Q461338
200094,Barbara,Rittner,R,19730425,GER,173,Q62208
200095,Linda,Wild,R,19710211,USA,,Q3241386
200096,Mary,Pierce,R,19750115,FRA,178,Q210695
200097,Nathalie,Tauziat,R,19671017,FRA,165,Q232633
200098,Henrieta,Nagyova,R,19781215,SVK,177,Q258901
200099,Sonya,Jeyaseelan,R,19760424,CAN,157,Q669082
200100,Amanda,Hopmans,R,19760211,NED,167,Q686752
200101,Jana,Kandarr,R,19760921,GER,181,Q73967
200102,Melissa,Dowse,R,19820427,AUS,,
200103,Evie,Dominikovic,R,19800529,AUS,173,Q468237
200104,Emilie,Loit,L,19790609,FRA,167,Q264580
200105,Rachel,Mcquillan,U,19711202,AUS,170,Q455711
200106,Angeles,Montolio,R,19750806,ESP,157,Q2626756
200107,Paola,Suarez,R,19760623,ARG,170,Q229474
200108,Elena,Dementieva,R,19811015,RUS,180,Q11667
200109,Nathalie,Dechy,R,19790221,FRA,177,Q229831
200110,Fabiola,Zuluaga,R,19790107,COL,172,Q237467
200111,Lina,Krasnoroutskaya,R,19840429,RUS,174,Q2419020
200112,Julie,Halard Decugis,R,19700910,FRA,173,Q241320
200113,Anna,Kournikova,R,19810607,RUS,173,Q131120
200114,Patricia,Wartusch,R,19780805,AUT,175,Q271724
200115,Brie,Rippner,R,19800121,USA,175,Q849668
200116,Natalia,Zvereva,R,19710416,BLR,174,Q233243
200117,Kveta,Peschke,R,19750709,CZE,165,Q234480
200118,Virginia,Ruano Pascual,R,19730921,ESP,169,Q229093
200119,Rita,Kuti Kis,L,19780213,HUN,176,Q735029
200120,Jelena,Dokic,R,19830412,AUS,175,Q283958
200121,Alina,Jidkova,R,19770118,RUS,168,Q269057
200122,Tina,Pisnik,R,19810219,SLO,172,Q287267
200123,Marlene,Weingartner,R,19800130,GER,174,Q70284
200124,Anne,Kremer,R,19751017,LUX,165,Q234906
200125,Corina,Morariu,R,19780126,USA,174,Q225589
200126,Marissa,Irvin,R,19800623,USA,170,
200127,Sarah,Pitkowski Malcor,R,19751113,FRA,,Q3473420
200128,Lindsay,Davenport,R,19760608,USA,189,Q11677
200129,Lesley,Turner,R,19420816,AUS,,Q263129
200130,Dorothy,Whitely,U,,AUS,,
200131,Judith,Dibar,U,19450510,ROU,,Q22210616
200132,Kay,Williams,U,,AUS,,
200133,Eva,Duldig,R,,NED,,
200134,Kerry,Ballard,U,19491216,AUS,,Q18015513
200135,Lorraine,Coghlan,R,19370923,AUS,155,Q2019897
200136,Valerie,Caulley,U,,AUS,,
200137,L,Griffiths,U,,AUS,,
200138,Sandra,Hole,U,,AUS,,
200139,Lita,Liem,L,19460227,INA,,Q6647376
200140,Beryl,Jenkins,U,,AUS,,
200141,Wendy,Gilchrist,L,19500517,AUS,,Q17438332
200142,Loris,Butterfield,U,,AUS,,
200143,Kathleen,Harter,R,19461027,USA,,Q1563355
200144,Margaret,Court,R,19420716,AUS,175,Q202342
200145,Kerry,Harris,R,19490919,AUS,173,Q454170
200146,Cynthia,Doerner,R,19510211,AUS,168,Q975605
200147,Geri,Shepard,U,,USA,,
200148,Marilyn,Tesch,U,,AUS,,Q18015520
200149,Helen,Sheedy,U,,AUS,,Q18012355
200150,Evonne,Goolagong,R,19510731,AUS,168,Q228559
200151,Ada,Bakker,U,19480408,NED,,Q16120147
200152,Gail,Sherriff,R,19450403,FRA,,Q461018
200153,Sheila,Washbourne,U,,AUS,,
200154,Sandra,Stephen,U,,AUS,,
200155,Lexie,Kenny,U,,AUS,,Q18012636
200156,Lynette,Mansfield,U,,AUS,,Q18012361
200157,Lynne,Nette,R,19420526,AUS,,
200158,Carol,Sherriff,R,19461020,AUS,,
200159,Rosie,Casals,R,19480916,USA,157,Q259328
200160,Judy,Tegart,R,19371212,AUS,,Q272065
200161,Janine,Whyte,U,,AUS,,
200162,Judith,Salome,U,19490210,NED,,Q19276930
200163,Helen,Oconnor,U,,AUS,,
200164,Joan,Johnson,U,,USA,,
200165,Lany,Kaligis,U,19490422,INA,,Q6487683
200166,Patricia,Edwards,U,,AUS,,
200167,Heather,Mckechnie,U,,AUS,,
200168,Karen,Krantzcke,R,19470201,AUS,188,Q299601
200169,Ann,Jenkins,U,,AUS,,
200170,Beverley,Rae,U,19291116,AUS,,
200171,Janet,Young,U,19511022,AUS,,Q3161931
200172,Caroline,Cooper,U,,AUS,,
200173,Kaye,Dening,U,,AUS,,
200174,Kerry,Wilkinson,U,,AUS,,
200175,Mary Ann,Eisel,U,19461125,USA,,Q1563951
200176,Kerry,Reid,R,19470807,AUS,166,Q259288
200177,Alison,Mckenzie,U,,AUS,,
200178,Sue,Hastings,U,,AUS,,
200179,Barbara,Hawcroft,R,19501013,AUS,,Q2883960
200180,Astrid,Suurbeek,U,19470215,NED,158,Q1258713
200181,Margaret,Starr,U,,AUS,,Q18012611
200182,E,Staples,U,,AUS,,
200183,Elena,Subirats,U,19471230,MEX,,Q8774746
200184,Helen,Gourlay,R,19461223,AUS,166,Q299638
200185,Lesley,Hunt,R,19500529,AUS,168,Q441468
200186,Yveline,Boy,U,,FRA,,
200187,Janine,Murdoch,U,,AUS,,
200188,Helen,Amos,R,19480630,AUS,,Q85909654
200189,Denise,Brennan,U,,AUS,,
200190,Billie Jean,King,R,19431122,USA,168,Q54527
200191,Frances,Luff,U,,AUS,,Q99657064
200192,Helen,Kayser,U,,AUS,,Q18016279
200193,Ann,Jones,L,19381007,GBR,,Q259356
200194,Francoise,Durr,R,19421225,FRA,162,Q263134
200195,Helen,Rush,U,,AUS,,
200196,Kerryl,Chute,U,19450420,AUS,,
200197,Pamela,Brand,U,19441205,AUS,,
200198,Caroline,Langsford,U,,AUS,,
200199,Sally,Irvine,U,,AUS,,Q18085293
200200,Norma,Marsh,U,19360113,AUS,,Q18015494
200201,Sharon,Thomson,U,,AUS,,
200202,Theresa,Van Haren,U,,AUS,,
200203,Vicki,Lancaster Kerr,U,19510126,AUS,,
200204,Sandra,Walsham,U,,AUS,,Q18012478
200205,Judy,Harris,U,,AUS,,
200206,L,Cameron,U,,AUS,,
200207,Cheryl,Norquay,U,,AUS,,
200208,Mandy,Morgan,U,,AUS,,Q18010830
200209,Wendy,Turnbull,R,19521126,AUS,164,Q259306
200210,Norma,Eastburn,U,,AUS,,
200211,Winnie,Shaw,R,19470118,GBR,,Q2479423
200212,Elizabeth,Allan,R,19461128,AUS,,
200213,Jan,Lehane,R,19410709,AUS,,Q2640230
200214,Christina,Sandberg,R,19480111,SWE,,Q1565643
200215,Susan,Alexander,R,,AUS,,Q18012436
200216,Janet,Fallis,U,,AUS,,Q18018389
200217,Adrienne,Avis,U,19501115,AUS,,
200218,DUPE Helen,Taylor,U,,AUS,,
200219,Patricia,Coleman,U,19530513,AUS,,Q3369087
200220,Patti,Hogan,R,19491221,USA,,Q3370160
200221,Dianne,Fromholtz,L,19560810,AUS,165,Q457833
200222,Anne,Coleman,U,,AUS,,Q18016290
200223,Sharon,Walsh Pete,R,19520224,USA,174,Q461080
200224,Kati,Athorne,U,,AUS,,
200225,Helen,Worland,R,19500428,AUS,,
200226,Mona,Guerrant,U,19481128,USA,,Q3320069
200227,Diane,James,U,,AUS,,
200228,Olga,Morozova,R,19490222,URS,170,Q259324
200229,Robyn,Knobel,U,,AUS,,Q18015528
200230,Patricia,Billing,U,,AUS,,
200231,Brenda,Dart,U,,AUS,,
200232,Ann,Lebedeff,U,19510504,USA,,Q18016300
200233,Chris,Matison,R,19511029,AUS,,Q2965954
200234,Pam,Whytcross,U,19531125,AUS,,Q445451
200235,Maureen,Mccalman,U,,AUS,,
200236,Patricia,King,U,,AUS,,
200237,Virginia,Wade,R,19450710,GBR,170,Q233234
200238,Nathalie,Fuchs,R,19520903,FRA,,Q3336584
200239,Kathy,Walker,U,,AUS,,
200240,Eugenia,Birioukova,R,19521218,AZE,,Q3059579
200241,Duk Hee,Lee,U,19530713,KOR,157,Q625153
200242,Helen,Young,U,,AUS,,
200243,Glynis,Coles,R,19540220,GBR,173,Q3109370
200244,Moira,Whitely,U,,AUS,,
200245,Soon Oh,Lee,U,19531004,KOR,,
200246,Leslie,Walker,U,,AUS,,
200247,Dorte,Ekner,U,19510502,DEN,,Q17370678
200248,Marion,Proisy,U,,FRA,,
200249,Joan,Walker,U,,ZIM,,
200250,Lindsay,Blachford,U,19530406,GBR,,Q59753362
200251,Kazuko,Sawamatsu,U,19510105,JPN,174,Q447231
200252,Monique,Van Haver,U,19480831,BEL,,Q17371506
200253,Kiyoko,Nomura,U,19541117,JPN,,
200254,Michele,Gurdal,U,19521130,BEL,,Q674358
200255,Lesley,Charles,U,19520715,GBR,,Q3236673
200256,Chris,Oneil,R,19560319,AUS,175,
200257,Helen,Crozier,U,,AUS,,
200258,Jeong Soon,Yang,U,19470226,KOR,,
200259,Chris,Evert,R,19541221,USA,168,Q14286
200260,Katerleen,Szeman,U,19561127,HUN,,
200261,Toshiko,Sade,U,19470308,JPN,,
200262,Jenny,Walker,U,19560409,AUS,,Q17362391
200263,Janet,Newberry,R,19530806,USA,170,Q3161924
200264,Helena,Anliot,R,19560926,SWE,168,Q3129593
200265,Lindsey,Beaven,R,19500101,GBR,,Q18015341
200266,Sue,Barker,R,19560419,GBR,165,Q239774
200267,Isabelle,Larsson,U,,SWE,,
200268,Frances,Candy,U,,AUS,,
200269,Jill,Schwikert,U,19540519,USA,,Q18010026
200270,Nellemieke,Brouwer,U,19520101,NED,,
200271,Margareta,Strandberg,U,19510320,SWE,,Q61670796
200272,Brenda,Dale,U,19410917,AUS,,
200273,Nerida,Gregory,U,19560513,AUS,,Q3338340
200274,Julie,Heldman,R,19451208,USA,170,Q1293027
200275,Ann,Kiyomura Hayashi,R,19550822,USA,,Q458438
200276,J D,Griffiths,U,,AUS,,
200277,Anneloes,Schothurst,U,,NED,,
200278,Sally,Arnott,U,,AUS,,
200279,Gail,Williams,U,,AUS,,
200280,Joy,Schwikert,U,19540519,USA,,Q18010000
200281,Jackie,Fayter,U,19510610,GBR,,Q3157398
200282,Jenny,Dimond,U,19551113,AUS,,Q86135385
200283,Pam,Teeguarden,R,19510417,USA,178,Q461253
200284,Nora,Blom,U,19510222,NED,,
200285,Mimi,Wikstedt,U,19540430,SWE,163,Q3314609
200286,Peggy,Michel,R,19490202,USA,,Q299610
200287,Miki,Yokobori,U,19750513,JPN,,
200288,Sue,Mappin,R,19470711,GBR,,Q3502956
200289,Chris,Cerato,U,,AUS,,
200290,Deborah,Fiuza,U,19540819,POR,,
200291,Dianne,Evers,R,19561109,AUS,,Q430332
200292,Vivicca,Andersson,U,,SWE,,
200293,Martina,Navratilova,L,19561018,USA,173,Q54545
200294,Gwen,Stirton,U,,AUS,,
200295,Ai,Iida,U,,JPN,,
200296,Belinda,Thompson,U,19560503,GBR,,
200297,Natasha,Chmyreva,U,19580528,URS,,Q15836320
200298,Laura,Dupont,R,19490504,USA,,Q1565163
200299,Kaye,Hallam,U,19570324,AUS,,Q17300639
200300,Sally,Greer,U,19550325,USA,,Q62612789
200301,Lois,Raymond,U,,AUS,,
200302,Linda,Mottram,R,19570517,GBR,,Q3241364
200303,Julie,Staines,U,,AUS,,
200304,Cheree,Walker,U,,NZL,,
200305,Carol,Draper,U,19550720,AUS,,
200306,Jan,Wilton,U,19570430,AUS,,Q17361983
200307,Kerry,Neill,U,,AUS,,
200308,Kym,Ruddell,U,19550719,AUS,,Q3200951
200309,Merrilyn,Robinson,U,,AUS,,
200310,Julie,Hanrahan,U,,AUS,,
200311,Cecilia,Martinez,U,19470524,USA,,Q2943727
200312,Frederique,Thibault,U,19540602,FRA,,Q20089808
200313,Lotta,Stenberg,U,19570212,SWE,,
200314,Brigitte,Simon Glinel,U,19561101,FRA,,Q2925479
200315,Nina,Bohm,R,19580430,SWE,,Q17438808
200316,Heidi,Eisterlehner,R,19491025,GER,172,Q1526139
200317,Helga,Masthoff,R,19411111,FRG,,Q469531
200318,Michelle,Tyler,U,19580708,GBR,,Q3311469
200319,Cathy,Griffiths,U,19560905,AUS,,
200320,Renata,Tomanova,R,19541209,GER,168,Q254047
200321,Elisabeth,Ekblom,U,19580210,SWE,,Q3051209
200322,Karen,Gulley,U,,AUS,,
200323,Rene,Blount,U,19570512,USA,,Q7312970
200324,Beth,Norton,R,19570613,USA,,Q2900076
200325,Leanne,Harrison Austin,L,19580410,AUS,168,Q3228657
200326,Naoko,Sato,U,19550102,JPN,163,Q3335842
200327,Birgitte,Hermansen,U,19560315,DEN,,
200328,Patricia,Bostrom,U,19511125,USA,,Q3369077
200329,Mary,Sawyer,U,19570611,AUS,169,Q17302233
200330,Sue,Saliba,U,19571014,AUS,,Q17307783
200331,Kim,Sands,U,19561011,USA,,Q3196796
200332,Amanda,Tobin,R,19600608,AUS,168,Q17438632
200333,Betsy,Nagelsen,R,19561023,USA,175,Q293082
200334,Sabina,Simmonds,R,19600417,ITA,170,Q3460536
200335,Judy,Chaloner,U,19531118,NZL,,Q1711148
200336,Keryn,Pratt,U,19590620,AUS,,Q17362156
200337,Virginia,Ruzici,R,19550131,ROU,173,Q239647
200338,Elizabeth,Little,U,19601003,AUS,,Q3051240
200339,Linda,Cassell,R,19620424,AUS,,Q17307334
200340,Marcella,Mesker,U,19590523,NED,,Q272703
200341,Jutta,Diesslin,U,19551012,FRG,,
200342,Chris,Newton,U,19560213,NZL,181,Q1077600
200343,Susan,Leo,R,19620810,AUS,,Q3505588
200344,Barbara,Jordan,R,19570402,USA,165,Q53570
200345,Brenda,Catton,U,19620104,AUS,,
200346,Anne,Minter,R,19630403,AUS,165,Q445472
200347,Bernadette,Randall,U,19650927,AUS,,Q20259421
200348,Hana,Mandlikova,R,19620219,AUS,173,Q255011
200349,Diane,Morrison,U,19580811,USA,,
200350,Felicia,Hutnick,U,19570720,USA,,
200351,Lindsay,Morse,U,19550124,USA,,Q3241448
200352,Greer,Stevens,R,19570215,RSA,168,Q516539
200353,Lele,Forood,U,19560910,USA,,Q6520835
200354,Claudia,Kohde Kilsch,R,19631211,GER,187,Q61142
200355,Diane,Desfor,R,19550615,USA,165,Q3026196
200356,Betty,Stove,R,19450624,NED,185,Q259282
200357,Rosalyn,Fairbank,R,19601102,USA,173,Q262006
200358,Marcie,Louie,R,19530910,USA,,Q3289995
200359,Christiane,Jolissaint,R,19610912,SUI,173,Q2965768
200360,Pam,Shriver,R,19620704,USA,183,Q54654
200361,Marie,Pinterova,R,19460816,HUN,175,Q1565130
200362,Liz,Smylie,R,19630411,AUS,170,Q264083
200363,Hana,Strachonova,R,19610102,SUI,165,Q30575937
200364,Barbara,Hallquist,R,19570501,USA,173,Q2883951
200365,Tanya,Harford,R,19581128,RSA,162,Q526823
200366,Sylvia,Hanika,L,19591130,GER,173,Q57977
200367,Nanette,Schutte,U,19620406,NED,,Q3335640
200368,Miranda,Yates,U,19631208,AUS,,
200369,Candy,Reynolds,R,19550324,USA,173,Q293096
200370,Marie Christine,Calleja,U,19640114,FRA,,Q17308126
200371,Mima,Jausovec,R,19560720,SLO,160,Q239728
200372,Bettina,Bunge,R,19630613,GER,173,Q63084
200373,Bonnie,Gadusek,R,19630911,USA,,Q2438371
200374,Helga,Lutten,R,19610727,GER,,Q84751470
200375,Barbara,Potter,L,19611022,USA,175,Q38129
200376,Katerina,Bohmova,L,19580122,CZE,,Q3194005
200377,Helena,Sukova,R,19650223,CZE,188,Q229151
200378,Anne,Smith,R,19590701,USA,165,Q270414
200379,Paula,Smith,R,19570110,USA,170,Q436523
200380,Nancy,Yeargin,R,19550522,USA,,Q23039626
200381,Andrea,Jaeger,R,19650604,USA,168,Q236648
200382,Isabelle,Villiger,R,19621124,SUI,,Q20993717
200383,Anne,Hobbs,R,19590821,GBR,167,Q515289
200384,Eva,Pfaff,R,19610210,GER,175,Q70368
200385,Brenda,Remilton,U,19560224,AUS,,Q2924407
200386,Corinne,Vanier,U,19630920,FRA,,Q16224807
200387,Anne,White,R,19610928,USA,180,Q510594
200388,Leslie,Allen,R,19570312,USA,,Q3236681
200389,Kathy,Jordan,R,19591203,USA,173,Q264493
200390,Mary Lou,Piatek,R,19610806,USA,,
200391,Sherry,Acker,R,19590606,USA,173,Q3481977
200392,Jo,Durie,R,19600727,GBR,163,Q436562
200393,Lea,Antonoplis,R,19590120,USA,165,Q3228607
200394,Marjorie,Blackwood,R,19570501,CAN,,Q3293941
200395,Catherine,Tanvier,R,19650528,FRA,174,Q267963
200396,Kim,Steinmetz,U,19571222,USA,,Q6409415
200397,Tracy,Austin,R,19621212,USA,165,Q53326
200398,Iva,Budarova,U,19600731,TCH,,Q3156045
200399,Jennifer,Mundel,L,19620120,RSA,178,Q3177094
200400,Kate,Latham,R,19521025,USA,168,Q6375594
200401,Manuela,Maleeva Fragniere,R,19670214,SUI,173,Q259343
200402,Wendy,White,R,19600929,USA,,
200403,Andrea,Leand,R,19640118,USA,173,Q2846358
200404,Zina,Garrison,R,19631116,USA,164,Q53546
200405,Susan,Mascarin,R,19640628,USA,173,Q3505594
200406,Claudia,Monteiro,U,19610508,BRA,,Q2978415
200407,Camille,Benjamin,L,19660602,USA,175,Q511745
200408,Alycia,Moulton,R,19610218,USA,,Q450264
200409,Petra,Delhees Jauch,L,19590328,SUI,,Q32296050
200410,Yvonne,Vermaak,R,19561218,RSA,156,Q510577
200411,Jane,Preyer,U,19531206,USA,,
200412,Vicki,Nelson,R,19620925,USA,168,Q3556956
200413,Heather,Ludloff,R,19610611,USA,165,Q3129084
200414,Steffi,Graf,R,19690614,GER,175,Q11662
200415,Catherine,Suire,R,19590915,FRA,167,Q515418
200416,Robin,White,R,19631210,USA,164,Q433961
200417,Gigi,Fernandez,U,19640222,USA,170,Q233332
200418,Amanda,Brown,U,19650502,GBR,,Q15869895
200419,Kathy,Rinaldi Stunkel,U,19670324,USA,,Q443446
200420,Anna Maria,Fernandez,U,19601022,USA,,Q2850553
200421,Pascale,Paradis Mangon,R,19660424,FRA,,Q548183
200422,Raffaella,Reggi Concato,U,19651127,ITA,170,Q264212
200423,Carling,Bassett Seguso,R,19671009,CAN,168,Q2533224
200424,Etsuko,Inoue,R,19641018,JPN,164,Q3059383
200425,Sophie,Amiach,R,19631110,FRA,165,Q3490838
200426,Kim,Staunton,U,19660324,AUS,,
200427,Beth,Herr,R,19640528,USA,170,Q510774
200428,Lori,Mcneil,U,19631218,USA,170,Q265490
200429,Elizabeth,Minter,L,19650823,AUS,,Q3051250
200430,Marcela,Skuherska,U,19610214,TCH,,Q3289508
200431,Lilian,Drescher,U,19650523,SUI,163,Q3240807
200432,Laura,Bernstein,U,19630317,USA,,Q85151227
200433,Kim,Jones,R,19570928,USA,,
200434,Shelley,Solomon,U,19630619,USA,,Q3481844
200435,Barbara,Gerken,U,19640703,USA,,Q2883946
200436,Carina,Karlsson,U,19630911,SWE,,Q2938791
200437,Annabel,Croft,R,19660712,GBR,,Q458541
200438,Michaela,Washington,U,19660227,USA,,Q13474294
200439,Jenny,Byrne,U,19670225,AUS,,Q458529
200440,Shawn,Foltz,R,19671221,USA,,Q96630768
200441,Louise,Field,U,19670225,AUS,,Q3263739
200442,Andrea,Temesvari,R,19660426,HUN,182,Q270408
200443,Sara,Gomer,L,19640513,GBR,188,Q25505
200444,Elise,Burgin,L,19620305,USA,,Q3051121
200445,Svetlana,Cherneva,U,19621008,RUS,,Q12509
200446,Colleen,Carney,R,19670123,AUS,,
200447,Adriana,Villagran Reami,U,19560807,ARG,,Q2825070
200448,Sandy,Collins,U,19581013,USA,178,Q511115
200449,Petra,Keppeler,U,19650322,GER,,Q3377573
200450,Larisa,Savchenko,U,19660721,URS,169,Q240695
200451,Beverly,Mould,R,19620313,RSA,160,Q2900390
200452,Tine,Scheuer Larsen,U,19660313,DEN,170,Q467706
200453,Catarina,Lindqvist Ryan,R,19630613,SWE,165,Q270182
200454,Myriam,Schropp,U,19660429,GER,,Q18540695
200455,Katerina,Maleeva,R,19690507,BUL,168,Q259847
200456,Masako,Yanagi,L,19591111,JPN,,Q16193239
200457,Andrea,Holikova,U,19680115,TCH,,Q2846348
200458,Rebecca,Bryant,U,19631220,AUS,,Q84513065
200459,Linda,Gates,U,19631001,USA,175,
200460,Regina,Marsikova,U,19581211,CZE,,Q459614
200461,Lisa,Spain Short,R,19620714,USA,,Q91012931
200462,Belinda,Cordwell,L,19650921,NZL,175,Q461059
200463,Terry,Holladay,L,19551128,USA,180,Q3518905
200464,Ann,Henricksson,U,19591031,USA,,Q760698
200465,Lisa,Bonder Kreiss,R,19651016,USA,,Q3242377
200466,Molly,Van Nostrand,R,19650312,USA,,Q3319632
200467,Janine,Tremelling,U,19670912,AUS,,Q3162019
200468,Hu,Na,U,19630416,USA,,Q455713
200469,Nicole,Bradtke,R,19690922,AUS,176,Q289753
200470,Dee Ann,Hansel,U,19620611,USA,,Q96619830
200471,Jamie,Golder,U,19620121,USA,,Q61994729
200472,Helen,Kelesi,R,19691115,CAN,,Q438296
200473,Beverly,Bowes,R,19650909,USA,,Q2900386
200474,Louise,Allen,U,19620107,USA,,Q6688606
200475,Lisa,Oneill,U,19680808,AUS,,
200476,Cammy,Macgregor,U,19681011,USA,168,Q2935183
200477,Susan,Rimes,U,19590415,USA,,Q84961979
200478,Caryn,Copeland Wilson,U,19610314,USA,,Q85010982
200479,Emiko,Okagawa,U,19641226,JPN,163,Q9253439
200480,Claudia,Porwik,U,19681114,GER,,Q73912
200481,Elna,Reinach,U,19681202,RSA,,Q433976
200482,Judith,Wiesner,R,19660302,AUT,,Q469585
200483,Kumiko,Okamoto,U,19650219,JPN,,Q3200377
200484,Ann,Devries,R,19700227,BEL,,Q2376709
200485,Manon,Bollegraf,R,19640410,NED,173,Q291677
200486,Csilla,Cserepy,U,19660329,SUI,,Q3006389
200487,Eva,Krapl,R,19660116,SUI,180,Q5415090
200488,Alison,Scott,U,19680208,AUS,,Q16449200
200489,Yukie,Koizumi,U,19580124,JPN,,Q61015681
200490,Michaela,Pazderova,U,19630121,TCH,,
200491,Christina,Singer,U,19680727,GER,176,Q91766
200492,Tina,Mochizuki,R,19521124,USA,,Q56224154
200493,Marianne,Van Der Torre,U,19610818,NED,,Q16295521
200494,Dianne,Van Rensburg,R,19680304,RSA,,
200495,Akiko,Kijimuta,U,19680501,JPN,,Q225612
200496,Terry,Phelps,U,19661218,USA,,Q3518919
200497,Patricia,Hy Boulais,R,19650822,CAN,163,Q3174664
200498,Michelle,Jaggard Lai,R,19690506,AUS,146,Q439559
200499,Sally,Mccann,U,19690430,AUS,,Q88335893
200500,Pilar,Vasquez,U,19630515,PER,,Q3388382
200501,Marianne,Werdel Witmeyer,U,19671017,USA,,Q528326
200502,Andrea,Betzner,U,19660710,GER,,Q103943
200503,Gretchen,Magers,R,19640207,USA,170,Q516872
200504,Julie,Salmon,U,19650708,GBR,,Q6308507
200505,Michelle,Bowrey,R,19700712,AUS,,Q22957434
200506,Wiltrud,Probst,R,19690529,GER,170,Q70595
200507,Kathrin,Keil,U,19621128,USA,,Q47264687
200508,Virginie,Paquet,R,19670506,FRA,,Q59528105
200509,Michelle,Turk,U,19670923,AUS,,Q88325115
200510,Julie,Richardson,U,19670330,NZL,173,Q3189264
200511,Amy,Jonsson,U,19670608,NOR,,Q11957772
200512,Clare,Thompson,U,19630610,AUS,,Q66892360
200513,Pamela,Jung,U,19630703,USA,,Q105817097
200514,Monique,Javer,R,19670722,GBR,,Q3320862
200515,Lindsay,Bartlett,U,19620731,USA,,Q61989467
200516,Jennifer,Fuchs,U,19670702,USA,,Q53870913
200517,Xanthe,Adams,U,19681114,AUS,,
200518,Paulette,Moreno,U,19690312,HKG,,Q54861511
200519,Sybille,Niox Chateau,U,19691019,FRA,,Q47452642
200520,Sarah,Loosemore,U,19710615,GBR,,Q4963529
200521,Hellas,Ter Riet,U,19680621,NED,,Q47939051
200522,Nicole,Jagerman,R,19670723,NED,179,Q440165
200523,Olga,Tsarbopoulou,U,19680619,GRE,170,Q55064940
200524,Karen,Deed,R,19681029,AUS,,Q88328621
200525,Jennifer,Goodling,U,19620426,USA,,Q3177059
200526,Carol,Christian,U,19621009,USA,,Q61994658
200527,Maria Christine,Damas,U,19661209,FRA,,Q61999521
200528,Katie,Rickett,R,19680819,GBR,,Q84281168
200529,Jill,Smoller,U,19640904,USA,,Q59357549
200530,Radomira,Zrubakova,R,19701226,SVK,169,Q118791
200531,Elizabeth,Galphin,U,19680826,USA,,
200532,Maider,Laval,U,19700518,FRA,,Q59659964
200533,Pam,Casale,R,19631220,USA,,
200534,Melissa,Brown,R,19680411,USA,,Q6812654
200535,Jo Anne,Faull,U,19710113,AUS,,Q1689856
200536,Stephanie,Faulkner,R,19690511,AUS,,
200537,Cynthia,Macgregor,U,19640326,USA,,Q3008813
200538,Akemi,Nishiya,R,19650311,JPN,,Q2828970
200539,Jana,Novotna,R,19681002,CZE,175,Q229121
200540,Amy,Schwartz,U,19690902,USA,,
200541,Sherri,Norris,U,19640202,USA,,Q97141791
200542,Clare,Wood,R,19680308,GBR,,Q510614
200543,Jill,Hetherington,R,19641027,CAN,170,Q291884
200544,Celine,Cohen,U,19670305,SUI,,Q54861180
200545,Ei,Iida,U,19670909,JPN,,Q3049307
200546,Stephanie,Savides,U,19650206,USA,,
200547,Sandra,Wasserman,R,19700310,BEL,173,Q2240255
200548,Patty,Fendick,R,19650331,USA,165,Q273472
200549,Penny,Barg,R,19640411,USA,,Q3374786
200550,Emmanuelle,Derly,U,19700430,FRA,,Q3052945
200551,Teresa,Edgar,U,19690213,GBR,,Q105819995
200552,Maria,Lindstrom,U,19630307,SWE,178,Q3290984
200553,Carin,Bakkum,U,19620725,NED,,Q2938789
200554,Brenda,Schultz Mccarthy,R,19701228,NED,188,Q269855
200555,Valda,Lake,U,19681011,GBR,173,Q7909346
200556,Wendy,Wood,U,19640420,USA,,Q3567257
200557,Katrina,Adams,R,19680805,USA,165,Q437950
200558,Leigh Anne,Eldredge,U,19641214,USA,,Q61995574
200559,Kristine,Kunce,R,19700303,AUS,177,Q3199803
200560,Rene,Simpson,L,19660114,CAN,165,Q3425309
200561,Cathy,Caverzasio,U,19720928,SUI,,Q19947365
200562,Martina,Pawlik,U,19691208,GER,,Q54862558
200563,Jane,Taylor,U,19721107,AUS,,Q56685678
200564,Hester,Witvoet,L,19670707,NED,,Q62083761
200565,Nathalie,Guerree Spitzer,U,19680707,FRA,,Q53870776
200566,Donna,Faber,U,19710705,USA,,Q510016
200567,Jennifer,Santrock,L,19690226,USA,,Q29871322
200568,Andrea,Farley,U,19710930,USA,,Q96621204
200569,Petra,Langrova,U,19700627,TCH,,Q3377586
200570,Veronika,Martinek,U,19720403,GER,160,Q76091
200571,Jonna,Jonerup,U,19690722,SWE,,Q61775853
200572,Gabriela,Sabatini,R,19700516,ARG,175,Q105868
200573,Cecilia,Dahlman,R,19680724,SWE,178,Q2943714
200574,Eva,Sviglerova,U,19710713,CZE,,Q516701
200575,Anna,Ivan,U,19660117,USA,,Q106129476
200576,Nathalie,Herreman,L,19660328,FRA,,Q3336603
200577,Louise,Stacey,U,19720110,AUS,,Q62102535
200578,Rennae,Stubbs,R,19710326,AUS,178,Q230815
200579,Karin,Kschwendt,R,19680914,AUT,175,Q434849
200580,Kimberly,Kessaris,U,19730327,USA,,Q50379974
200581,Tamaka,Takagi,U,19651230,JPN,,Q56065117
200582,Maria,Strandlund Tomsvik,U,19690817,SWE,,Q3291060
200583,Laxmi,Poruri,U,19721109,USA,,Q6505230
200584,Laura,Golarsa,R,19671127,ITA,165,Q460976
200585,Kathy,Horvath,R,19650825,USA,170,Q3194072
200586,Federica,Bonsignori,U,19671120,ITA,,Q3067880
200587,Silke,Meier,U,19680713,GER,,Q89868
200588,Renata,Baranski,U,19650224,POL,,Q29048580
200589,Halle,Cioffi,U,19690805,USA,,Q3126057
200590,Gisele,Miro,U,19681101,BRA,,Q5564919
200591,Ronni,Reis,U,19660510,USA,,Q3441767
200592,Sandrine,Jaquet,U,19710414,SUI,,Q67501055
200593,Karine,Quentrec,U,19691021,FRA,,Q3193308
200594,Iwona,Kuczynska,U,19610222,POL,,Q2404437
200595,Ann,Grossman,U,19701013,USA,,Q2308951
200596,Sabine,Krein Auer,U,19661002,GER,,Q62125636
200597,Mary Joe,Fernandez,R,19710819,USA,175,Q53421
200598,Jeri,Ingram,U,19701201,USA,,
200599,Carrie,Cunningham,U,19720428,USA,,Q2940238
200600,Simone,Schilder,U,19670407,NED,,Q7520410
200601,Leila,Meskhi,R,19680105,GEO,164,Q441219
200602,Shaun,Stafford,R,19681213,USA,180,Q3481584
200603,Justine,Hodder,U,19720310,AUS,,Q59386410
200604,Barbara,Paulus,R,19700901,AUT,177,Q272168
200605,Regina,Rajchrtova,U,19680205,TCH,,Q3423474
200606,Nana,Smith,R,19710410,JPN,163,Q457435
200607,Beate,Reinstadler,U,19670520,AUT,168,Q813181
200608,Audra,Keller,U,19711117,USA,,Q16529476
200609,Steffi,Menning,U,19710102,GER,,Q62125054
200610,Stacey,Martin,U,19701113,USA,,Q47457413
200611,Tracey,Morton Rodgers,U,19671218,AUS,,Q16354722
200612,Natalia,Medvedeva,R,19711115,UKR,176,Q458566
200613,Lise,Gregory,L,19630829,RSA,,Q938316
200614,Elena,Pampoulova,U,19720517,BUL,,Q458554
200615,Kristin,Godridge,U,19730207,HKG,,Q3199786
200616,Pascale,Etchemendy,U,19660606,FRA,,Q54630868
200617,Kimiko,Date Krumm,R,19700928,JPN,163,Q229104
200618,Eva Maria,Schurhoff,U,19691208,GER,,Q67415150
200619,Kate,Mcdonald,U,19700321,AUS,,Q56513396
200620,Kirrily,Sharpe,L,19730225,AUS,,Q3197408
200621,Isabelle,Demongeot,R,19660918,FRA,,Q440839
200622,Maya,Kidowaki,U,19690517,JPN,,Q3302907
200623,Petra,Thoren,U,19690808,FIN,,Q13560
200624,Tami,Whitlinger Jones,U,19681113,USA,,Q61745952
200625,Jana,Pospisilova,U,19700323,CZE,,Q3161823
200626,Emanuela,Zardo,L,19700424,SUI,,Q3051981
200627,Petra,Schwarz,R,19720524,AUT,168,Q514285
200628,Sabrina,Goles,U,19650603,YUG,,Q2984266
200629,Cristina,Tessi,U,19720720,ARG,,Q47103808
200630,Laura,Arraya,R,19640112,PER,173,Q2081562
200631,Maria,Ekstrand,U,19700203,SWE,,Q66952280
200632,Andrea,Strnadova,U,19720528,CZE,175,Q459913
200633,Stacey,Schefflin,U,19680319,USA,,Q56486686
200634,Elena,Brioukhovets,U,19710608,UKR,,Q2090688
200635,Ingelise,Driehuis,U,19670917,NED,,Q16054801
200636,Danielle,Jones,U,19690304,AUS,,Q47545702
200637,Catherine,Barclay,R,19730612,AUS,171,Q511694
200638,Stephanie,Rottier,U,19740122,NED,,Q2134424
200639,Claudine,Toleafoa,U,19700228,NZL,,Q47107477
200640,Mercedes,Paz,R,19660627,ARG,180,Q269784
200641,Patricia,Tarabini,R,19680806,ARG,165,Q258924
200642,Denisa,Szabova,U,19681118,SVK,,Q47075241
200643,Petra,Kamstra,U,19740318,NED,,Q1852089
200644,Naoko,Sawamatsu,R,19730323,JPN,167,Q290398
200645,Maja,Zivec Skulj,U,19730925,GER,,Q1885999
200646,Francesca,Romano,U,19710207,ITA,,Q22957666
200647,Noelle,Van Lottum,U,19720712,FRA,170,Q511721
200648,Marketa,Kochta,R,19750714,GER,168,Q1900652
200649,Ginger,Helgeson,R,19680914,USA,,
200650,Isabel,Cueto,R,19681203,GER,,Q68151
200651,Sabine,Hack,U,19690712,GER,170,Q84320
200652,Monica,Seles,L,19731202,USA,178,Q173633
200653,Yayuk,Basuki,R,19701130,INA,164,Q464583
200654,Patty,Oreilly,U,19680118,USA,,
200655,Nicole,Arendt,L,19690826,USA,177,Q172132
200656,Jessica,Emmons,U,19700913,USA,,Q61722976
200657,Radka,Bobkova,R,19730212,CZE,172,Q3417073
200658,Fang,Li,R,19730101,CHN,166,Q3237546
200659,Rika,Hiraki,R,19711206,JPN,157,Q455453
200660,Kimberly,Po Messerli,R,19711020,USA,157,Q297948
200661,Samantha,Smith,R,19711127,GBR,,Q7408733
200662,Joanne,Limmer,R,19740329,AUS,,Q11727569
200663,Nanne,Dahlman,U,19700907,FIN,163,Q13531
200664,Stephanie,Rehe,R,19691105,USA,180,Q3498470
200665,Yone,Kamio,R,19711122,JPN,164,Q434034
200666,Marion,Maruska,R,19721215,AUT,172,Q1899215
200667,Ines,Gorrochategui,R,19730613,ARG,169,Q271734
200668,Silke,Frankl,U,19700529,GER,,Q2286163
200669,Debbie,Graham,R,19700825,USA,183,Q509960
200670,Nathalie,Housset,U,19680729,FRA,,Q16354749
200671,Meike,Babel,R,19741122,GER,173,Q71164
200672,Barbara,Mulej,R,19740529,SLO,,Q18507824
200673,Susan,Sloane Lundy,R,19701205,USA,,Q3505609
200674,Bettina,Fulco,R,19681023,ARG,,Q2900198
200675,Eugenia,Maniokova,R,19680517,RUS,178,Q12492
200676,Mana,Endo,R,19710206,JPN,160,Q455577
200677,Katja,Oeljeklaus,R,19710210,GER,,Q50358502
200678,Gloria,Pizzichini,R,19750724,ITA,163,Q1097779
200679,Caroline,Kuhlman,U,19660825,USA,,Q18565726
200680,Nadin,Ercegovic,R,19730202,CRO,177,Q6957772
200681,Natalia,Baudone,U,19720712,ITA,,Q30327735
200682,Joannette,Kruger,R,19730903,RSA,179,Q447060
200683,Monique,Kiene,R,19740805,NED,,Q3320865
200684,Shi Ting,Wang,R,19731019,TPE,171,Q3566084
200685,Christelle,Fauche,R,19730609,SUI,,Q47091207
200686,Sandra,Dopfer,U,19700525,AUT,174,Q8474464
200687,Katarzyna,Nowak,U,19690113,POL,173,Q11294207
200688,Noelia,Perez Penate,U,19721206,ESP,,Q53871158
200689,Tessa,Price,U,19670325,RSA,,Q47544216
200690,Kyoko,Nagatsuka,U,19740222,JPN,166,Q455612
200691,Flora,Perfetti,R,19690129,ITA,159,Q13512713
200692,Marzia,Grossi,U,19700902,ITA,,Q3296377
200693,Elena,Makarova,R,19730201,RUS,,Q3050720
200694,Elly,Hakami,U,19690825,USA,,Q3051540
200695,Tina,Krizan,R,19740318,SLO,175,Q542412
200696,Christina,Papadaki,R,19730224,GRE,,Q2966680
200697,Janette,Husarova,R,19740604,SVK,169,Q232443
200698,Petra,Begerow,R,19750414,GER,178,Q1275127
200699,Meredith,Mcgrath,U,19710428,USA,,Q456740
200700,Silvia,Farina Elia,R,19720427,ITA,172,Q237482
200701,Caroline,Vis,R,19700304,NED,180,Q289121
200702,Naoko,Kijimuta,R,19720326,JPN,164,Q455457
200703,Katarina,Studenikova,R,19720902,SVK,172,Q3193948
200704,Maria Jose,Gaidano,U,19730525,ARG,171,Q511678
200705,Linda,Ferrando,U,19660112,ITA,170,Q3241336
200706,Catalina,Cristea,R,19750602,ROU,178,Q660289
200707,Romana,Tedjakusuma,R,19760724,INA,,Q3440970
200708,Sandra,Cacic,R,19740910,USA,,Q3471893
200709,Rossana,De Los Rios,R,19750916,PAR,170,Q1025215
200710,Magdalena,Feistel,U,19700822,POL,,Q6729860
200711,Tatiana,Ignatieva,U,19740611,BLR,173,Q8334422
200712,Katerina,Kroupova,U,19740220,CZE,,Q6376043
200713,Yuka,Yoshida,R,19760401,JPN,161,Q453385
200714,Yvette,Basting,R,19770608,NED,175,Q18605962
200715,Mariaan,De Swardt,R,19710318,RSA,177,Q456551
200716,Sung Hee,Park,R,19750217,KOR,165,Q485902
200717,Anne,Miller,R,19770119,USA,,
200718,Ludmila,Richterova,U,19770307,CZE,180,Q279690
200719,Siobhan,Drake Brockman,U,19780407,AUS,,Q9337190
200720,Dally,Randriantefy,R,19770223,MAD,165,Q264088
200721,Hiromi,Nagano,U,19710720,JPN,,Q66448878
200722,Francesca,Lubiani,L,19770712,ITA,168,Q1440864
200723,Iva,Majoli,R,19770812,CRO,175,Q232472
200724,Lea,Ghirardi,R,19740210,FRA,173,Q18098215
200725,Sandra,Cecchini,R,19650227,ITA,170,Q440443
200726,Nancy,Feber,L,19760205,BEL,160,Q2438524
200727,Adriana,Serra Zanetti,R,19760305,ITA,160,Q2425506
200728,Melanie,Schnell,R,19770222,AUT,,Q3304899
200729,Lindsay,Lee Waters,R,19770628,USA,,Q32169
200730,Min,Tang,U,19710126,HKG,,Q55634682
200731,Gail,Biggs,U,19700825,AUS,,Q56513364
200732,Magdalena,Grzybowska,R,19781122,POL,184,Q1982663
200733,Trudi,Musgrave,L,19770910,AUS,170,Q440862
200734,Tatjana,Jecmenica,R,19780704,SRB,180,Q543369
200735,Miho,Saeki,R,19760318,JPN,168,Q454229
200736,Li Ling,Chen,U,19710313,CHN,165,Q2962591
200737,Aleksandra,Olsza,R,19771208,POL,165,Q2437892
200738,Lenka,Cenkova,R,19770124,CZE,175,Q6522670
200739,Stephanie,De Ville,R,19760724,BEL,172,Q9345692
200740,Elena,Tatarkova,L,19760822,UKR,170,Q274435
200741,Renee,Reid,U,19780528,AUS,,Q56513357
200742,Olga,Lugina,R,19740108,UKR,170,Q3350437
200743,Nirupama,Vaidyanathan,R,19761208,IND,170,Q3534595
200744,Svetlana,Krivencheva,R,19731230,BUL,180,Q9348613
200745,Andrea,Glass,R,19760717,GER,168,Q88793
200746,Sandra,Kloesel,R,19790622,GER,173,Q65070
200747,Haruka,Inoue,R,19770607,JPN,168,Q41199509
200748,Venus,Williams,R,19800617,USA,185,Q11578
200749,Samantha,Reeves,R,19790117,USA,173,Q3470628
200750,Karin,Miller,R,19771210,USA,155,Q56697577
200751,Conchita,Martinez Granados,R,19760120,ESP,,Q2947123
200752,Raluca,Sandu,R,19800203,ROU,177,Q7288404
200753,Cindy,Watson,R,19780324,AUS,,Q5120610
200754,Jill,Craybas,R,19740704,USA,160,Q232435
200755,Daniela,Marzano,U,19500607,ITA,,Q17369705
200756,Bunny,Bruning,U,19570905,USA,,Q2928232
200757,Pamela,Bailey,U,,AUS,,
200758,Rayni,Fox,R,19560524,USA,163,Q3421293
200759,Katja,Ebbinghaus,R,19480601,FRG,173,Q77563
200760,Pauline,Elliott,U,19551015,NZL,,
200761,Michelle,Pekovitch,U,,AUS,,
200762,Sharon,Pinchbeck,U,,AUS,,
200763,Cathy,Drury,R,19600325,GBR,,Q65923144
200764,Elena,Bovina,R,19830310,RUS,189,Q233408
200765,Katalin,Marosi,R,19791112,HUN,178,Q264466
200766,Jennifer,Hopkins,R,19810210,USA,170,Q3177071
200767,Holly,Parkinson,R,19790210,USA,,Q18609277
200768,Laurence,Andretto,R,19730514,FRA,,Q18594979
200769,Giulia,Casoni,R,19780419,ITA,169,Q3107880
200770,Stephanie,Cohen Aloro,R,19830318,FRA,175,Q235543
200771,Sophie,Erre,R,19790406,FRA,170,Q55956338
200772,Anastasia,Myskina,R,19810708,RUS,174,Q203591
200773,Stephanie,Foretz Gacon,R,19810503,FRA,166,Q232893
200774,Vanessa,Webb,L,19760124,CAN,180,Q7914727
200775,Tatiana,Kovaltchouk,U,19790724,UKR,,Q46461475
200776,Angelika,Bachmann,R,19790516,GER,,Q89108
200777,Marta,Marrero,R,19830116,ESP,173,Q264538
200778,Irene,Fraisse,U,19360629,FRA,,
200779,Maryna,Godwin,R,19440909,RSA,,Q18105195
200780,Irena,Skulj,U,19460117,YUG,,
200781,Edda,Buding,R,19361113,FRG,,Q447261
200782,Esme,Emmanuel,U,19470614,RSA,,Q18015567
200783,Jitka,Horcickova,U,,TCH,,
200784,Fay,Toyne,U,19431218,AUS,,Q3067673
200785,Vlasta,Kodesova,U,19440326,CZE,,Q11257704
200786,Claudine,Rouire,U,19390630,FRA,,
200787,Fiorella,Bonicelli,R,19511221,URU,170,Q239320
200788,Carol Ann,Kalogeropoulos,U,19430311,GRE,,Q27862706
200789,Lea,Pericoli,R,19350322,ITA,,Q1053954
200790,Paola,Palacios,U,,COL,,
200791,Rosie,Reyes,R,19390323,FRA,,Q454179
200792,Christina,Lindstrom,U,19451018,FIN,,Q105763486
200793,Mabel,Vrancovich,U,19460210,ARG,,
200794,Marianne,Kindler,U,19480716,SUI,,
200795,Patricia,Montano,U,19520807,MEX,,Q104215558
200796,Sally,Holdsworth,U,19440210,GBR,,
200797,Anne Marie,Studer,U,,SUI,,
200798,Lubka,Radkova,U,19450325,BUL,,Q11098825
200799,Christiane,Spinoza,U,19450407,FRA,,
200800,Frances,Maclennan,U,19431220,GBR,,Q18116026
200801,Kora,Schediwy,U,,FRG,,
200802,Marion,Cristiani,U,,FRA,,
200803,Raquel,Giscafre,U,19490515,ARG,,Q1565946
200804,Anna,Dmitrieva,L,19401210,URS,,Q1566864
200805,Aline,Nenot,U,19330510,FRA,,
200806,Birgitta,Lindstrom,L,19480114,FIN,,Q4667862
200807,Ulla,Sandulf,L,19430130,SWE,,Q106430774
200808,Laura,Rossouw,U,19460715,RSA,,Q10854361
200809,Johanne,Venturino,U,19460101,FRA,,
200810,Annette,Van Zyl,R,19430925,RSA,180,Q569234
200811,Junko,Sawamatsu,U,19480410,JPN,,Q4977164
200812,Odile,De Roubin,U,19480928,FRA,,Q18061535
200813,Ingrid,Bentzer,R,19431206,SWE,,Q4938242
200814,Gillian,Dove,U,,RSA,,
200815,Roberta,Beltrame,R,19380419,ITA,,Q106195987
200816,Ann,Phillips Moore,U,,AUS,,
200817,Judy,Congdon,U,19481203,GBR,,
200818,Faye,Urban,R,19451028,CAN,,Q3067685
200819,Nicole,Niox Chateau,L,,FRA,,
200820,Eugenia,Isopaitis,U,,URS,,
200821,Monica,Giorgi,U,19460103,ITA,,Q28857067
200822,Ilse,Buding,R,19391122,FRG,,Q27964982
200823,Eva,Lundquist,U,19441216,SWE,,Q61767141
200824,Galina,Baksheeva,R,19450712,URS,,Q18071701
200825,Maylis,Burel,U,19430701,FRA,,
200826,Greta,Delport,U,19450629,RSA,,
200827,Suzanne,Schmitt,R,19281018,FRA,,
200828,Maria Cristina,Borba Dias,U,19510626,BRA,,
200829,Nancy,Richey,R,19420823,USA,160,Q54546
200830,Chantal,Langanay,U,,FRA,,
200831,Carmen,Coronado,U,19400616,ESP,,
200832,Daniele,Bouteleux,U,19401120,FRA,,
200833,Judith,Szorenyi,U,19491208,HUN,,
200834,Suzana,Gesteira,U,19471014,BRA,,Q3505870
200835,Janine,Lieffrig,R,19380412,FRA,,Q1563973
200836,Maria,Chakarova,U,19380317,BUL,,Q11106989
200837,Alenka,Pipan,U,19501012,YUG,,
200838,Janine,Mauroy Toffier,U,,FRA,,
200839,Ingrid,Loeys,U,19480112,BEL,,
200840,Eva,Szabo,U,19451030,HUN,,Q3592678
200841,Maria Jose,Aubet,U,19430430,ESP,,
200842,Evelyne,Terras,U,19440925,FRA,,Q1565902
200843,Virginia,Caceres,U,19410719,PER,,
200844,Martha,Wolf Peterdy,U,19460302,FRA,,
200845,Patricia,Walkden,R,19460212,RSA,,Q1568015
200846,Michelle,Rodriguez,U,,CHI,,Q3311458
200847,Dionissia,Asteri,U,,GRE,,
200848,Maria,Bueno,R,19391011,BRA,170,Q233247
200849,Francesca,Gordigiani,R,19401220,ITA,,Q60040617
200850,Monique,Salfati,R,19450518,ITA,,Q57550844
200851,Margarita,Zuleta,U,,ECU,,
200852,Yulia,Berberian,U,19441006,BUL,,Q1567523
200853,Anne Marie,Larue,U,19380126,FRA,,
200854,Maria Teresa,Nasuelli,R,19470719,ITA,,Q2850438
200855,Erzsebet,Polgar,U,,HUN,,
200856,Ana,Cavadini,U,19501010,ARG,,
200857,Wendy,Tomlinson,U,19500918,RSA,,
200858,Dorothy,Knode,U,19250703,USA,,Q461012
200859,Danuta,Wieczorek,U,19490427,POL,,
200860,Kristy,Pigeon,L,19500812,USA,,Q4972920
200861,Yaeko,Matsuda,U,,JPN,,
200862,Valerie,Ziegenfuss,R,19490629,USA,173,Q447839
200863,Zaiga,Yansone,U,19510124,URS,,Q3574621
200864,Tiiu,Kivi,U,19431218,EST,,Q11206649
200865,Heather,Nicholls,L,19310725,RSA,,Q57589598
200866,Linda,Tuero,R,19501021,USA,163,Q930911
200867,Kerstin,Seelbach,U,19430712,FRG,,
200868,Brenda,Kirk,U,19510111,RSA,,Q2924406
200869,Maria Eugenia,Guzman,U,19450908,ECU,,Q3296434
200870,Peaches,Bartkowicz,U,19490416,USA,,Q1258966
200871,Tory Ann,Fretz,R,19420808,USA,,Q1565071
200872,Nicole,Bimes,U,19480918,FRA,,
200873,Ana Maria,Arias,U,19460724,CHI,,Q2844992
200874,Jill,Cooper,U,19490414,GBR,,Q85901112
200875,Pamela,Austin,U,19500312,USA,,Q13426960
200876,Denise,Carter,U,19500731,USA,,Q18065499
200877,Helga,Schultze,R,19400202,GER,,Q1563372
200878,Katalin,Borka,U,19520127,HUN,,
200879,Wendy,Overton,U,19470331,USA,,Q1565157
200880,Kimiyo,Yagahara,U,19440416,JPN,,Q3196901
200881,Edith,Winkens,U,19470505,FRG,,
200882,Alena,Palmeova West,U,19450107,TCH,,Q99542911
200883,Marianna,Brummer,U,19491124,RSA,,Q18086770
200884,Marijke,Jansen,U,19441112,NED,,Q3293056
200885,Sharon,Van Brandis,U,,RSA,,
200886,Becky,Vest,U,19480403,USA,,
200887,Trudy,Groenman,L,19440115,NED,,Q2593931
200888,Joan,Wilshere,U,19480314,RSA,,
200889,Miroslava,Holubova,U,19491002,TCH,,Q17441049
200890,Sonja,Pachta,R,19410425,AUT,,Q107689979
200891,Daphne,Pattison,U,19480612,ZIM,,
200892,Aleksandra,Ivanova,U,,URS,,
200893,Francoise,Repoux,U,19351023,FRA,,
200894,Isabel,Fernandez De Soto,U,19500918,COL,,Q3296418
200895,Marilyn,Greenwood,U,19460204,GBR,,
200896,Nancy,Ornstein,R,19520731,USA,,
200897,Heide,Orth,R,19420810,GER,,
200898,Erzsebet,Szell,U,19451207,HUN,,
200899,Marina,Chuvirina,U,,URS,,
200900,Barbara,Downs,R,19540304,USA,,
200901,Nell,Truman,R,19451212,GBR,,Q10412046
200902,Corinne,Molesworth,U,19490618,GBR,,Q18012274
200903,Hideko,Goto,U,19490330,JPN,,
200904,Kristien,Shaw,L,19520725,USA,168,Q1565151
200905,Mariana,Simionescu,R,19561127,ROU,,Q3291257
200906,DUPE Carmen,Ibarra,U,,CHI,,
200907,Carmen,Perea Alcala,U,19520503,ESP,,Q41231229
200908,Miroslava,Kozeluhova,U,19511216,CZE,,Q3316059
200909,Florence,Guedy,U,19541207,FRA,,Q18010846
200910,Janet,Haas,R,19530628,USA,,Q96846444
200911,Linky,Boshoff,R,19561112,RSA,,Q524746
200912,Christine,Gimmig,U,19570523,FRA,,
200913,Monica,Rho,U,19551025,CRC,,
200914,Daryl,Gralka,U,19540507,USA,,
200915,Antonella,Rosa,U,19570201,ITA,,Q106190345
200916,Ching Ling,Chang,U,19481008,USA,,
200917,Veronica,Burton,U,19520127,GBR,,Q7922394
200918,Robin,Tenney,L,19580513,USA,,Q85788333
200919,Elvira,Weisenberger,R,19491224,ARG,,Q61961609
200920,Kayoko,Fukuoka,U,19490801,JPN,,Q3194412
200921,Patricia,Reese,R,,USA,,
200922,Laurie,Tenney,U,19551104,USA,,Q18011627
200923,Maria Victoria,Baldovinos Cibeira,U,19530208,ESP,,Q64009638
200924,Penny,Moor,L,19510707,GBR,,
200925,Beatriz,Araujo,U,19550704,ARG,,Q16027854
200926,Donna,Ganz,U,19541109,USA,157,Q18057840
200927,Linda,Thomas,U,19521114,USA,,
200928,Paulina,Peisachov,U,19500420,ISR,,Q61970875
200929,Elly,Appel,R,19520727,NED,,Q2800260
200930,Julie,Anthony,R,19480113,USA,,Q1272733
200931,Marina,Kroschina,R,19530418,URS,,Q3293160
200932,Jeanne,Evert,U,19571005,USA,155,Q3176035
200933,Laurie,Fleming,R,19550614,USA,,Q96781794
200934,Beatrix,Klein,U,19530119,HUN,,Q2893001
200935,Florenta,Mihai,R,19550902,ROU,165,Q441013
200936,Iris,Riedel Kuhn,R,19540316,FRG,,Q16935030
200937,Susana Maria,Villaverde,U,19550209,ARG,,
200938,Kathy,May,R,19560618,USA,173,
200939,Alison,Mcmillan,U,,RSA,,
200940,Ilana,Kloss,L,19560312,RSA,164,Q433769
200941,Janice,Metcalf,U,19520710,USA,183,Q13512677
200942,Kathy,Kuykendall,R,19561123,USA,,Q17371396
200943,Jane,Stratton,U,19530810,USA,,Q17310039
200944,Rowena,Sanders,R,19530630,RSA,,Q18113396
200945,Marita,Redondo,R,19560219,USA,165,Q3293733
200946,Sylvie,Rual,U,19530105,FRA,,
200947,Susie,Mehmedbasich,R,19570916,USA,,
200948,Brigette,Cuypers,R,19551203,RSA,169,Q2925348
200949,Silvana,Urroz,U,19550221,CHI,,Q18193753
200950,Marise,Kruger,R,19580717,RSA,168,Q3293714
200951,Mary,Struthers,U,19500721,USA,,
200952,Mary,Hamm,U,19540907,USA,,Q17302035
200953,Viviana,Gonzalez,R,19580422,ARG,,Q17588526
200954,Claudia,Casabianca,U,19600321,ARG,,Q9193162
200955,Mary,Carillo,L,19570312,USA,183,Q1783243
200956,Carrie,Meyer,R,19550822,USA,,Q18114863
200957,Ruta,Gerulaitis,U,19551118,USA,,Q3453585
200958,Helle,Sparre,U,19560630,DEN,,Q3129850
200959,Mareen,Louie Harper,R,19600815,USA,,Q3373831
200960,Robin,Harris,U,19560413,USA,,
200961,Ivanna,Madruga,R,19610127,ARG,,Q578931
200962,Patricia,Medrado,U,19561126,BRA,,Q3368560
200963,Caroline,Stoll,R,19601104,USA,,Q2940058
200964,Anne,Chevalier,U,19650525,FRA,,Q106921321
200965,Emilse,Raponi Longo,R,19571219,USA,,Q3052345
200966,DUPE Kay,Mcdaniel,U,19570925,USA,,
200967,Zenda,Liess,U,19591212,USA,,Q15304202
200968,Betty Ann,Grubb,R,19500226,USA,175,Q1565089
200969,Jeanne,Duvall,U,19591207,USA,,Q47005712
200970,Linda,Siegel,U,19610605,USA,,Q17436427
200971,Lucia,Romanov,U,19590428,ROU,,Q2156414
200972,Dominique,Beillan,U,19550524,FRA,,Q17397908
200973,Caroline,Franch,U,19610121,FRA,,
200974,Lena,Sandin,U,19610608,SWE,,Q3229422
200975,Julie,Harrington,U,19620205,USA,,Q3189218
200976,Stacy,Margolin,L,19590405,USA,161,Q3495457
200977,Dana,Gilbert,U,19591126,USA,,Q3013266
200978,Roberta,Mccallum,U,19581103,USA,,Q53162345
200979,Joyce,Portman,U,19580503,USA,,Q53277846
200980,Debbie,Freeman,R,19620605,AUS,,Q5247918
200981,Andrea,Whitmore,U,19550406,USA,,
200982,Liliana,Giussani,U,19590427,ARG,,Q61968694
200983,Susan,Rollinson,U,19610822,RSA,,
200984,Deborah,Jevans,U,19600520,GBR,,Q3020804
200985,Trey,Lewis,U,19591127,USA,,Q7839602
200986,Barbara,Rossi,U,19610518,ITA,,Q21030452
200987,Yvona,Brzakova,U,19530423,TCH,175,Q3574170
200988,Jenny,Klitch,R,19650419,USA,,Q3177149
200989,Leigh Anne,Thompson,U,19640108,USA,,Q3229156
200990,Claudia,Pasquale,U,19630522,SUI,,Q20670152
200991,Joanne,Russell,R,19541030,USA,173,Q524807
200992,Elizabeth,Jones,U,19640329,GBR,,Q3051232
200993,Cornelia,Dries,U,19610304,GER,,Q65973523
200994,Michelle,Torres,R,19670627,USA,,Q3311408
200995,Ann,Gabriel,U,19630814,BEL,,
200996,Nancy,Neviaser,U,19580418,USA,,
200997,Kate,Brasher,U,19620802,GBR,,Q22958616
200998,Beatrice,Guery,U,19560513,FRA,,
200999,Felicia,Raschiatore,U,19611231,USA,,Q17362809
201000,Nathalie,Phan Thanh,U,19670402,FRA,,Q65952948
201001,Jean,Hepner,U,19581025,USA,,Q6170835
201002,Barbi,Bramblett,U,19640914,USA,,Q96754529
201003,Renata,Sasak,U,19640614,YUG,,
201004,Catrin,Jexell,U,19630217,SWE,,Q2942989
201005,Amy,Holton,U,19650405,USA,,Q62089222
201006,Lea,Plchova,U,19560831,TCH,,Q61950939
201007,Isabelle,Vernhes,U,19640715,FRA,,
201008,Jill,Davis,U,19600623,USA,,Q62075362
201009,Ginny,Purdy,U,19661115,USA,,Q3106789
201010,Rene,Mentz,U,19660526,RSA,,Q96278767
201011,Natasha,Reva,U,19650821,URS,,
201012,Elena,Eliseenko,U,19590505,URS,,Q22210824
201013,Rina,Einy,U,19650329,GBR,,Q100528285
201014,Helene,Cedet,U,19650321,FRA,,
201015,Grace,Kim,U,19680416,USA,,Q55612878
201016,Hana,Fukarkova,U,19640207,TCH,,Q61959461
201017,Angelika,Kanellopoulou,R,19651218,GRE,,Q2849415
201018,Rene,Uys,R,19640726,RSA,,Q23039573
201019,Melissa,Gurney,R,19690624,USA,,Q3305115
201020,Petra,Huber,U,19660215,AUT,,Q968653
201021,Laura,Garrone,R,19671115,ITA,166,Q3218686
201022,Debbie,Spence Nasim,U,19670809,USA,,Q3020815
201023,Eileen,Tell,U,19661201,USA,175,
201024,Susanne,Schmid,U,19650327,SUI,,
201025,Neige,Dias,U,19661205,BRA,,Q3337789
201026,Cecille,Calmette,U,19680702,FRA,,
201027,Gabriela,Dinu,U,19600416,FRG,,Q66490589
201028,Maeve,Quinlan,U,19641116,USA,,Q433284
201029,Kathleen,Cummings,R,19610905,USA,165,Q62075676
201030,Mariana,Perez Roldan,U,19671007,ARG,,Q3291252
201031,Niurka,Sodupe,U,19690419,USA,,Q54951621
201032,Cecilia,Fernandez Parker,U,19630628,USA,,Q61994207
201033,Kristin,Kinney,U,19590827,USA,,Q61994004
201034,Helena,Dahlstrom,U,19680513,SWE,,Q61783417
201035,Kate,Gompert,U,19630111,USA,,Q6375512
201036,Lydie,Van Hille,U,19670423,FRA,,
201037,Karolina,Karlsson,R,19660527,SWE,,Q61782230
201038,Karen,Schimper,U,19670526,RSA,,Q54337562
201039,Caterina,Nozzoli,U,19670629,ITA,,Q67014117
201040,Luciana,Corsato Owsianka,U,19660121,BRA,,Q3265185
201041,Cristina,Casale,U,19730122,ITA,,
201042,Andrea,Tiezzi,U,19641126,ARG,,Q62016428
201043,Barbara,Romano,U,19650114,ITA,,Q55956373
201044,Catherine,Mothes Jobkel,U,19700607,FRA,,Q22957618
201045,Natalia,Egorova,U,19660913,RUS,,Q3336349
201046,Silvia,La Fratta,R,19671105,ITA,,Q54262770
201047,Andrea,Vieira,U,19710205,BRA,,Q16336625
201048,Leona,Laskova,U,19700407,CZE,,Q20057727
201049,Denisa,Krajcovicova,U,19681018,SVK,173,Q47075241
201050,Immaculada,Varas Caro,U,19641208,ESP,,Q67139916
201051,Laura,Lapi,U,19700910,ITA,,Q47317697
201052,Federica,Haumuller,U,19721205,ARG,,Q3067888
201053,Sylvie,Sabas,U,19720219,FRA,,Q61999943
201054,Katia,Piccolini,R,19730115,ITA,168,Q3194133
201055,Barbara,Collet,U,19740213,FRA,,Q96473179
201056,Maria Luciana,Reynares,U,19760209,ARG,,Q67497517
201057,Angelique,Olivier,U,19750612,FRA,,Q24852065
201058,Agnes,Zugasti,U,19720515,FRA,,Q61741181
201059,Misumi,Miyauchi,U,19710906,JPN,,Q11453337
201060,Carole,Lucarelli,U,19721126,FRA,,Q96472555
201061,Eva,Martincova,U,19750304,CZE,170,Q3061269
201062,Amelie,Castera,L,19780409,FRA,,Q33104697
201063,Maria Francesca,Bentivoglio,R,19770127,ITA,,Q3847280
201064,Audrey,Sidot,U,19770307,FRA,,
201065,Virginie,Buisson,U,19690820,FRA,,Q7934741
201066,Neus,Avila Bonastre,U,19710726,ESP,,Q18411878
201067,Caroline,Dhenin,R,19730613,FRA,183,Q5045041
201068,Magali,Lamarre,U,19780224,FRA,,Q96627346
201069,Karolina,Jagieniak,U,19790604,FRA,,Q18608241
201070,Emmanuelle,Curutchet,U,19781219,FRA,,Q55956334
201071,Segolene,Berger,U,19780325,FRA,,Q56631012
201072,Eva,Bes Ostariz,R,19730114,ESP,,Q3087974
201073,Seon Young,Park,U,19760305,KOR,,
201074,Ana,Alcazar,U,19790608,ESP,,Q27881109
201075,Liezel,Huber,R,19760821,USA,180,Q53565
201076,Sophie,Georges,R,19770208,FRA,162,Q52063985
201077,Sophie,Lefevre,R,19810223,FRA,,Q82092
201078,Eugenia,Kulikovskaya,L,19781221,RUS,163,Q3061554
201079,Hannah,Collin,R,19820218,GBR,,Q18592844
201080,Louise,Latimer,R,19780119,GBR,,Q18814709
201081,Joanne,Ward,U,19750622,GBR,,Q18642306
201082,Lorna,Woodroffe,U,19760818,GBR,168,Q16224847
201083,Daja,Bedanova,R,19830309,CZE,171,Q545299
201084,Nadejda,Ostrovskaya,R,19801029,BLR,177,Q6453726
201085,Shinobu,Asagoe,R,19760628,JPN,170,Q237461
201086,Greta,Arn,R,19790413,HUN,180,Q77284
201087,Mashona,Washington,R,19760531,USA,168,Q259014
201088,Karen,Cross,L,19740219,GBR,,Q6369576
201089,Lucie,Ahl,R,19740723,GBR,159,Q13512697
201090,Stephanie,Defina,L,19460308,USA,158,Q7608262
201091,Christine,Truman,R,19410116,GBR,,Q292954
201092,Joyce,Williams,U,19440722,GBR,,Q3187218
201093,Alex,Cowie,U,19470511,GBR,,Q93872359
201094,Lucia,Bassi,U,19361212,ITA,,Q62572852
201095,Jennifer,Staley,L,19340303,AUS,,
201096,Rita,Bentley,U,19310716,GBR,,Q58022634
201097,Marilyn,Aschner,L,19480308,USA,,
201098,Mimi,Wheeler,U,19390227,USA,155,Q61859613
201099,Jean,Forbes,R,19390923,RSA,,
201100,Christiane,Mercelis,R,19311005,BEL,,Q1260278
201101,Janice,Townsend,U,19470611,GBR,,
201102,Alice,Tym,R,19421122,USA,,Q4726136
201103,Pixie,Lamm,U,19480304,USA,,
201104,Lidy,Venneboer,U,19460817,NED,,Q3238166
201105,Margaret,Lee,U,,GBR,,
201106,Betty,Pratt,U,19250415,USA,,Q1846128
201107,Nadine,Netter,U,19441026,USA,,Q18050489
201108,Florence,De La Courtie,R,19321113,FRA,,
201109,Vera,Roberts,U,,GBR,,
201110,Bernice,Carr,R,19380112,RSA,,Q4894282
201111,DUPE Lorna,Greville Collins,U,19330103,GBR,,
201112,Wendy,Hall,U,19441111,GBR,,
201113,Shirley,Bloomer,R,19340613,GBR,,Q435255
201114,Robin,Lloyd,U,19440221,GBR,,Q18113506
201115,Victoria,Rogers,U,19490827,USA,,Q18116499
201116,Maria Teresa,Riedl,R,19371214,ITA,,Q658206
201117,Margaret,Harris,R,19450316,AUS,,
201118,Tine,Zwaan,R,19470617,NED,,Q3529168
201119,Graciela,Moran,U,19480218,ARG,,Q512854
201120,Marion,Boundy,U,,GBR,,
201121,Sue,Tutt,U,,GBR,,
201122,Anita,Van Deventer,U,19480720,RSA,,
201123,Stephanie,Grant,U,19500703,USA,173,
201124,Ana Maria,Estalella Manso,U,19330505,ESP,,
201125,Elizabeth,Ernest,U,19460515,GBR,,
201126,Carole,Graebner,R,19430624,USA,,Q53349
201127,Gail,Hansen,U,19510421,USA,,
201128,Jane,Ohara,U,19510724,CAN,,Q88589574
201129,Marilyn,Pryde,R,19520515,NZL,,
201130,Chikako,Murakami,U,,JPN,,
201131,Patricia,Cody,U,19400101,USA,,Q18050656
201132,Susan,Minford,U,19541203,IRL,,
201133,Eliza,Pande,R,19530102,USA,,
201134,Andree,Martin,U,19490318,CAN,,
201135,Sally,Hudson Beck,U,19531030,ZIM,,
201136,Trish,Mcclenaughan,R,19450828,AUS,,
201137,Sandy,Stap,U,19560501,USA,,
201138,Tam,Oshaughnessy,U,19520127,USA,,
201139,Vicky,Berner,U,19450726,CAN,,Q3556959
201140,Wendy,Appleby,U,19520430,USA,,Q18018051
201141,Di,Riste,U,19490608,GBR,,
201142,Kathy,Blake,R,19461218,USA,,Q106583627
201143,Lisa,Fleming,U,,USA,,
201144,Clare,Colman,U,19520213,GBR,,
201145,Judy,Dixon,U,19490816,USA,,
201146,Annette,Coe,L,19540304,GBR,,
201147,Janice,Tindle,U,19500703,CAN,,
201148,Roberta,Stark,U,19560702,USA,,
201149,DUPE Elena,Granaturova,U,,URS,,
201150,Elizabeth,Vlotman,U,19541109,GBR,,Q3051271
201151,Mary,Mclean,U,19450925,USA,,
201152,Aleida,Spex,U,19550616,USA,,Q104215698
201153,Anthea,Stewart,U,19590207,GBR,,
201154,Martina,Walsh,U,,IRL,,
201155,Erin,Dignam,U,19550720,USA,,
201156,Stephanie,Tolleson,U,19560325,USA,,
201157,Susan,Hagey,R,19520103,USA,,Q18016879
201158,Karen,Susman,R,19421211,USA,170,Q54674
201159,Sheila,Mcinerney,U,19580222,USA,,Q62082304
201160,Wendy,Barlow,U,19600507,CAN,157,Q7982596
201161,Mariette,Pakker,U,19580916,NED,,Q101736037
201162,Linda,Geeves,U,19540621,GBR,,
201163,Susie,Jaeger,R,19620329,USA,168,
201164,Glaucia,Langela,U,19540505,BRA,,Q84732687
201165,Liz,Gordon,U,19570506,RSA,,
201166,Shelly,Walpole,U,19650917,GBR,,Q85036152
201167,Ellinore,Lightbody,U,19590216,GBR,,
201168,Micki,Schillig,U,19601129,USA,,Q96761274
201169,Heather,Crowe,U,19610712,USA,,Q62082724
201170,Suzie,Mair,U,19671126,GBR,,
201171,Joanne,Louis,U,19670427,GBR,,Q105824941
201172,Helene,Pelletier,U,19590102,CAN,,Q2409179
201173,Sally,Reeves,R,19640708,GBR,,Q84622381
201174,Marianne,Groat,U,19650605,CAN,,Q61794554
201175,Joy,Tacon,R,19610602,HKG,,Q84590570
201176,Jane,Forman,U,19620121,USA,,Q85137143
201177,Amanda,Grunfeld,L,19670301,GBR,,Q54862549
201178,Diane,Farrell,U,19611105,USA,,Q86942381
201179,Denise,Parnell,U,19601011,GBR,,
201180,Belinda,Borneo,R,19661110,GBR,,Q2894489
201181,Lisa,Gould,R,19670527,GBR,,Q105837942
201182,Jane,Wood,U,19680320,GBR,,Q106130220
201183,Anne,Meredith,U,19690402,GBR,,Q84577500
201184,Karen,Hunter,U,19680826,GBR,,
201185,Robyn,Field,U,19660627,RSA,,Q56611003
201186,Virginia,Humphreys Davies,U,19720106,GBR,,Q84593370
201187,Shawna,Martin,U,,USA,,
201188,Barbara,Griffiths,U,19720520,GBR,,Q61456874
201189,Sarah,Bentley,U,19730308,GBR,,Q61473144
201190,Kaye,Marfini Hand,U,19681004,GBR,,Q61483125
201191,Shirli Ann,Siddall,U,19740620,GBR,,Q30322850
201192,Colette,Caple,U,19730703,GBR,,
201193,Claire,Wegink,U,19670929,NED,,Q56850032
201194,Tammy,Whittington,U,19651012,USA,,Q61746357
201195,Amanda,Wainwright,R,19760324,GBR,,Q61722438
201196,Claire,Taylor,U,19750217,GBR,,Q66686124
201197,Megan,Miller,U,19770920,GBR,,Q61483053
201198,Lizzy,Jelfs,U,19760728,GBR,,Q40650651
201199,Rachel,Viollet,R,19720211,GBR,168,Q18592876
201200,Miriam,Schnitzer,R,19770114,GER,,Q1938168
201201,Surina,De Beer,R,19780628,RSA,177,Q9348369
201202,Abigail,Tordoff,R,19790718,GBR,,Q61465387
201203,Alena,Vaskova,R,19751108,CZE,175,Q4716128
201204,Iroda,Tulyaganova,R,19820107,UZB,170,Q264521
201205,Tracy,Almeda Singian,U,19791006,USA,,Q18649447
201206,Allison,Bradshaw,R,19801114,USA,180,
201207,Ansley,Cargill,R,19820105,USA,170,Q771501
201208,Dawn,Buth,R,19760529,USA,,Q5242428
201209,Selima,Sfar,R,19770708,TUN,166,Q272044
201210,Kristen,Schlukebir,R,19840628,USA,,
201211,Kyra,Nagy,R,19771229,HUN,,Q1214337
201212,Francesca,Schiavone,R,19800623,ITA,166,Q188107
201213,Vija,Vuskalns,U,,USA,,
201214,Farel,Footman,R,19410817,USA,,
201215,Connie,Capozzi,U,19510521,USA,,
201216,Marjory,Gengler,U,19510503,USA,,Q108320363
201217,Peggy,Moore,U,19451206,USA,,
201218,Tish,Adams,U,,USA,,
201219,Jade,Schiffman,U,,USA,,
201220,Carole,Loop,U,19401225,USA,,
201221,Emily,Fisher,U,19511220,USA,,
201222,Diane,Matzner,U,19481212,USA,,
201223,Mary,Lowdon,U,19491003,USA,,
201224,Ann,Moore,U,,USA,,
201225,Tina,Lyman,U,19490615,USA,,
201226,Maricaye,Christenson,U,19480111,USA,,
201227,Roylee,Bailey,U,19490526,USA,,
201228,Nancy,Reed,R,19330421,USA,,
201229,Louise,Gonnerman,U,19470321,USA,,
201230,Mimi,Kanarek,U,19390818,USA,,
201231,Raymonde,Veber,U,19171201,USA,,
201232,Carol,Hunter,U,,USA,,
201233,Joyce,Davenport,U,19420223,USA,,Q66410238
201234,Pat,Stewart,R,19340819,USA,173,
201235,Jane,Kincaid,U,19510220,USA,,
201236,Darlene,Hard,R,19360106,USA,170,Q53562
201237,Pam,Richmond,R,19501025,USA,154,
201238,Carol,Aucamp,R,19430402,USA,171,Q5044359
201239,Emilie,Burrer,U,,USA,,Q18050748
201240,Margaret,Cooper,U,19500413,USA,,
201241,Pam,Farmer,U,,USA,,
201242,Susan,Vinton,U,19531113,USA,,
201243,Shari,Barman,U,19490422,USA,173,
201244,Sue,Stap,U,19540603,USA,,Q18015306
201245,DUPE Jeanne,Arth,U,19350721,USA,,
201246,Kathy,Kraft,U,19521219,USA,,
201247,Gussie,Moran,R,19230908,USA,173,Q3121027
201248,Judy,Alvarez,R,19430402,USA,,Q107199925
201249,Rosalba,Vido,U,19530102,ITA,,Q106199557
201250,Brenda,Garcia,U,19540211,USA,,
201251,Patricia,Shoolman,U,19580516,USA,,
201252,Marcy,Okeefe,U,19551105,USA,,
201253,Sally,Moore,R,19400608,USA,,Q57827299
201254,Lynn,Epstein,U,19580328,USA,,
201255,Margaret,Riley,U,19530105,USA,,
201256,Renee,Richards,L,19340819,USA,,Q455868
201257,Carol,Baily,U,19501022,USA,,Q2939841
201258,Chris,Penn,U,19561026,USA,,
201259,Sonoe,Yonezawa,U,19490829,JPN,155,
201260,Kelly,Henry,U,19620418,USA,,Q63877522
201261,Lisa,Doherty,U,19590305,USA,,
201262,Lucy,Gordon,U,,USA,,
201263,Jodi,Appelbaum,U,19560407,USA,165,
201264,Germaine,Ohaco,U,19621208,CHI,,
201265,Phyllis,Blackwell,U,19570326,USA,,Q96754838
201266,Linda,Howell,U,19631106,USA,,
201267,Karen,Huebner,U,19640323,USA,,
201268,Carin,Anderholm,U,19660316,SWE,,Q16149994
201269,Eleni,Rossides,U,19671023,USA,,Q56850041
201270,Jane,Young,U,19650531,CAN,,Q47487892
201271,Lisa,Green,U,19680718,USA,,Q85150719
201272,Sandra,Birch,R,19690903,USA,168,Q54266697
201273,Shannan,Mccarthy,U,19700519,USA,,Q3481419
201274,Viktoria,Milvidskaia,U,19670420,RUS,,Q18704089
201275,Julie,Steven,U,19760424,USA,,Q61722399
201276,Nicole,London,U,19760203,USA,,Q30635724
201277,Anne,Mall,R,19741210,IRL,,Q47214286
201278,Angela,Lettiere,U,19720404,USA,,Q15783438
201279,Keri,Phebus,U,19740501,USA,,Q24572844
201280,Jacqueline,Trail,R,19801126,USA,,
201281,Laura,Granville,R,19810512,USA,175,Q258939
201282,Jean,Okada,U,19740607,USA,,
201283,Zuzana,Lesenarova,U,19770801,CZE,,Q104520530
201284,Tatiana,Poutchek,R,19790109,BLR,176,Q259372
201285,Melissa,Middleton,R,19820606,USA,170,
201286,Anabel,Medina Garrigues,R,19820731,ESP,169,Q219724
201287,Maria Jose,Martinez Sanchez,L,19820812,ESP,176,Q230253
201288,Maja,Palaversic,R,19730324,CRO,175,Q13512706
201289,Christina,Wheeler,R,19820415,AUS,161,Q684503
201290,Daniela,Hantuchova,R,19830423,SVK,181,Q52430
201291,Nuria,Llagostera Vives,R,19800516,ESP,156,Q234841
201292,Martina,Sucha,R,19801120,SVK,170,Q232315
201293,Catalina,Castano,R,19790707,COL,171,Q859027
201294,Marion,Bartoli,R,19841002,FRA,170,Q105838
201295,Wynne,Prakusya,R,19810426,INA,160,Q425634
201296,Bianka,Lamade,R,19820830,GER,184,Q67242
201297,Maja,Matevzic,L,19800613,SLO,175,Q783615
201298,Zsofia,Gubacsi,R,19810406,HUN,173,Q731420
201299,Celine,Beigbeder,U,19750225,FRA,,Q18578639
201300,Maria Emilia,Salerni,R,19830514,ARG,174,Q271748
201301,Camille,Pin,R,19810825,FRA,162,Q427761
201302,Clarisa,Fernandez,L,19810828,ARG,179,Q867798
201303,Anne,Keothavong,R,19830916,GBR,175,Q232594
201304,Elena,Baltacha,R,19830814,GBR,175,Q232680
201305,Eleni,Daniilidou,R,19820919,GRE,182,Q229315
201306,Marie Gaiane,Mikaelian,R,19840303,SUI,172,Q655529
201307,Amber,Liu,R,19840706,USA,,
201308,Maria Elena,Camerin,R,19820321,ITA,164,Q232582
201309,Tatiana,Perebiynis,R,19821215,UKR,173,Q259312
201310,Martina,Muller,R,19821011,GER,165,Q58742
201311,Roberta,Vinci,R,19830218,ITA,163,Q95162
201312,Sarah,Taylor,R,19811106,USA,,
201313,Yoon Jeong,Cho,R,19790402,KOR,167,Q484657
201314,Nina,Duebbers,U,19800624,GER,,
201315,Ashley,Harkleroad,R,19850502,USA,165,Q30778
201316,Lenka,Dlhopolcova,R,19840714,SVK,,
201317,Aniko,Kapros,R,19831111,HUN,173,Q281949
201318,Bethanie,Mattek Sands,R,19850323,USA,168,Q54537
201319,Evelyn,Fauth,R,19761127,AUT,168,Q1381730
201320,Svetlana,Kuznetsova,R,19850627,RUS,174,Q192064
201321,Antonella,Serra Zanetti,R,19800725,ITA,168,Q772538
201322,Eva,Dyrberg,R,19800217,DEN,175,Q1982815
201323,Saori,Obata,L,19780423,JPN,165,Q3052931
201324,Irina,Selyutina,R,19791107,KAZ,178,Q951230
201325,Samantha,Stosur,R,19840330,AUS,172,Q191766
201326,Bahia,Mouhtassine,R,19790823,MAR,,Q2879282
201327,Angelique,Widjaja,R,19841212,INA,173,Q584761
201328,Milagros,Sequera,R,19800930,VEN,165,Q262647
201329,Vera,Zvonareva,R,19840907,RUS,172,Q374053
201330,Maria,Goloviznina,R,19790605,RUS,176,Q18595020
201331,Iveta,Benesova,L,19830201,CZE,170,Q230371
201332,Jane,Odonoghue,R,19830329,GBR,172,Q13512700
201333,Angelika,Roesch,R,19770608,GER,172,Q74509
201334,Zuzana,Ondraskova,R,19800503,CZE,174,Q231229
201335,Myriam,Casanova,R,19850620,SUI,172,Q452511
201336,Dinara,Safina,R,19860427,RUS,185,Q1029664
201337,Allison,Baker,L,19860410,USA,,
201338,Bea,Bielik,R,19801128,USA,183,
201339,Renata,Voracova,R,19831006,CZE,,Q254622
201340,Maria,Geznenge,R,19770313,GER,,Q12285988
201341,Mi Ra,Jeon,U,19780206,KOR,174,Q368516
201342,Alexandra,Podkolzina,R,19850902,USA,,
201343,Maret,Ani,R,19820131,EST,176,Q855458
201344,Klara,Koukalova,R,19820224,CZE,166,Q137646
201345,Maria,Sharapova,R,19870419,RUS,188,Q11666
201346,Lubomira,Kurhajcova,R,19831011,SVK,180,Q972228
201347,Jelena,Jankovic,R,19850228,SRB,177,Q15269
201348,Casey,Dellacqua,L,19850211,AUS,165,Q229090
201349,Melinda,Czink,L,19821022,HUN,178,Q230226
201350,Adriana,Szili,R,19850106,AUS,,
201351,Eva,Fislova,R,19810317,SVK,,Q5415050
201352,Akiko,Morigami,R,19800112,JPN,165,Q259276
201353,Stanislava,Hrozenska,U,19820317,SVK,,Q4992439
201354,Libuse,Prusova,R,19790713,CZE,176,Q3237959
201355,Flavia,Pennetta,R,19820225,ITA,172,Q207528
201356,Eva,Birnerova,R,19840814,CZE,170,Q240814
201357,Virginie,Pichet,R,19830128,FRA,,
201358,Natalia,Gussoni,R,19810824,ARG,,Q18613350
201359,Amandine,Dulon,R,19820322,FRA,,
201360,Julia,Vakulenko,R,19830710,UKR,183,Q238026
201361,Julia,Schruff,R,19820816,GER,166,Q77290
201362,Anais,Laurendon,R,19850415,FRA,,
201363,Gisela,Dulko,R,19850130,ARG,170,Q229132
201364,Tatiana,Golovin,R,19880125,FRA,175,Q233256
201365,Edina,Gallovits Hall,R,19841210,ROU,165,Q232547
201366,Barbora,Strycova,R,19860328,CZE,164,Q230353
201367,Arantxa,Parra Santonja,R,19821109,ESP,176,Q182182
201368,Karolina,Sprem,R,19841025,CRO,174,Q230264
201369,Carly,Gullickson,R,19861126,USA,178,
201370,Anastasia,Rodionova,R,19820512,AUS,167,Q487098
201371,Vera,Dushevina,R,19861006,RUS,180,Q230571
201372,Theresa,Logar,L,19850310,USA,175,
201373,Maria,Kirilenko,R,19870125,RUS,173,Q11657
201374,Gabriela,Lastra,R,19800607,USA,,
201375,Shenay,Perry,R,19840706,USA,170,Q54550
201376,Angela,Haynes,L,19840927,USA,173,Q603421
201377,Yuliya,Beygelzimer,R,19831020,UKR,174,Q264535
201378,Stephanie,Gehrlein,U,19820410,GER,,
201379,Mara,Santangelo,R,19810628,ITA,181,Q230222
201380,Claudine,Schaul,R,19830820,LUX,169,Q867874
201381,Tian Tian,Sun,R,19811012,CHN,175,Q234857
201382,Olivia,Lukaszewicz,R,19880915,AUS,,
201383,Marie Eve,Pelletier,R,19820518,CAN,172,Q271726
201384,Chia Jung,Chuang,R,19850110,TPE,168,Q234834
201385,Yuliana,Fedak,R,19830608,UKR,166,Q254344
201386,Jie,Zheng,R,19830705,CHN,164,Q197639
201387,Sofia,Arvidsson,R,19840216,SWE,176,Q232586
201388,Sophie,Ferguson,R,19860319,AUS,177,Q222631
201389,Zuzana,Kucova,R,19820626,SVK,,
201390,Mervana,Jugic Salkic,R,19800514,BIH,179,Q284270
201391,Sanda,Mamic,U,19850322,CRO,179,Q4178384
201392,Severine,Beltrame,R,19790814,FRA,171,Q253970
201393,Kelly,Mccain,R,19830318,USA,,
201394,Anna Lena,Groenefeld,R,19850604,GER,180,Q57559
201395,Teryn,Ashley,R,19781212,USA,175,Q3518968
201396,Katie,Obrien,R,19860502,GBR,167,Q254319
201397,Shuai,Peng,R,19860108,CHN,173,Q229087
201398,Amanda,Keen,L,19780115,GBR,,Q18812057
201399,Emily,Webley Smith,R,19840714,GBR,,Q458550
201400,Nicole,Vaidisova,R,19890423,CZE,181,Q223668
201401,Abigail,Spears,R,19810712,USA,175,Q54668
201402,Sesil,Karatantcheva,R,19890808,KAZ,171,Q230881
201403,Anna,Chakvetadze,R,19870305,RUS,172,Q560267
201404,Jessica,Kirkland,R,19871110,USA,175,
201405,Nan Nan,Liu,U,19830619,CHN,176,Q6653631
201406,Shikha,Uberoi,R,19830405,IND,173,Q3176237
201407,Evgenia,Linetskaya,R,19861130,ISR,,Q2634373
201408,Jamea,Jackson,R,19860907,USA,163,Q456515
201409,Michaela,Pastikova,R,19800327,CZE,176,Q2081093
201410,Monique,Adamczak,R,19830121,AUS,170,Q3345990
201411,Aiko,Nakamura,R,19831228,JPN,163,Q242975
201412,Anastasia,Yakimova,R,19861101,BLR,165,Q234850
201413,Capucine,Rousseau,R,19800421,FRA,,
201414,Michaella,Krajicek,R,19890109,NED,177,Q231960
201415,Tiffany,Welford,R,19850412,AUS,168,
201416,Alona,Bondarenko,R,19840813,UKR,168,Q231962
201417,Marta,Domachowska,R,19860116,POL,176,Q232823
201418,Ting,Li,R,19800105,CHN,,
201419,Na,Li,R,19820226,CHN,172,Q180446
201420,Sania,Mirza,R,19861115,IND,153,Q132147
201421,Ana,Ivanovic,R,19871106,SRB,184,Q30758
201422,Mailyne,Andrieux,R,19871201,FRA,,
201423,Yvonne,Meusburger,R,19831003,AUT,175,Q272046
201424,Shahar,Peer,R,19870501,ISR,170,Q223532
201425,Lucie,Safarova,L,19870204,CZE,177,Q228989
201426,Pauline,Parmentier,R,19860131,FRA,175,Q239646
201427,Alize,Cornet,R,19900122,FRA,173,Q229002
201428,Mathilde,Johansson,R,19850428,FRA,173,Q232570
201429,Rika,Fujiwara,R,19810919,JPN,155,Q240837
201430,Yulia,Fedossova,R,19880701,FRA,,
201431,Aravane,Rezai,R,19870314,FRA,165,Q228998
201432,Rebecca,Llewellyn,R,19851005,GBR,165,
201433,Sarah,Borwell,R,19790820,GBR,,Q1861437
201434,Sabine,Klaschka,R,19800808,GER,,
201435,Kateryna,Bondarenko,R,19860808,UKR,175,Q231974
201436,Mary,Gambale,R,19881218,USA,163,
201437,Ivana,Lisjak,R,19870317,CRO,180,Q902270
201438,Ekaterina,Bychkova,R,19850605,RUS,171,Q2259509
201439,Tiffany,Dabek,R,19800314,USA,,
201440,Laura,Pous Tio,U,19841001,ESP,173,Q239722
201441,Emma,Laine,L,19860326,FIN,164,Q13540
201442,Yung Jan,Chan,R,19890817,TPE,170,Q234624
201443,Alexa,Glatch,R,19890910,USA,183,Q53553
201444,Su Wei,Hsieh,R,19860104,TPE,169,Q232566
201445,Viktoria,Kutuzova,R,19880819,UKR,170,Q235532
201446,Sybille,Bammer,L,19800427,AUT,174,Q229110
201447,Vania,King,R,19890303,USA,165,Q54528
201448,Galina,Voskoboeva,R,19841218,KAZ,183,Q234831
201449,Lauren,Breadmore,U,19830601,AUS,,
201450,Tsvetana,Pironkova,R,19870913,BUL,180,Q229460
201451,Kathrin,Woerle,R,19840218,GER,175,Q77300
201452,Lourdes,Dominguez Lino,R,19810331,ESP,163,Q232544
201453,Hana,Sromova,R,19780410,CZE,168,Q615646
201454,Akgul,Amanmuradova,R,19840623,UZB,190,Q236858
201455,Elena,Vesnina,R,19860801,RUS,176,Q634844
201456,Olga,Savchuk,R,19870920,UKR,175,Q237503
201457,Jarmila,Gajdosova,R,19870426,AUS,174,Q232535
201458,Victoria,Azarenka,R,19890731,BLR,180,Q10118
201459,Zi,Yan,R,19841112,CHN,171,Q233221
201460,Meng,Yuan,U,19860509,CHN,,Q2014179
201461,Aurelie,Vedy,L,19810208,FRA,,Q2296592
201462,Alberta,Brianti,R,19800405,ITA,165,Q232559
201463,Anda,Perianu,R,19800407,ROU,170,
201464,Nathalie,Vierin,U,19821015,ITA,,
201465,Kirsten,Flipkens,R,19860110,BEL,165,Q211599
201466,Kaia,Kanepi,R,19850610,EST,181,Q211428
201467,Ivana,Abramovic,R,19830903,CRO,175,Q3736152
201468,Yaroslava,Shvedova,R,19870912,KAZ,180,Q229073
201469,Melanie,South,R,19860503,GBR,175,Q1092801
201470,Kristina,Barrois,R,19810930,GER,183,Q57935
201471,Naomi,Cavaday,L,19890424,GBR,170,Q240030
201472,Romina,Oprandi,R,19860329,SUI,172,Q239620
201473,Vasilisa,Bardina,R,19871130,RUS,,Q2332762
201474,Agnieszka,Radwanska,R,19890306,POL,170,Q207352
201475,Ahsha,Rolle,R,19850321,USA,172,Q552578
201476,Lauren,Albanese,R,19891001,USA,,Q53322
201477,Stephanie,Dubois,R,19861031,CAN,162,Q239634
201478,Varvara,Lepchenko,L,19860521,USA,180,Q54532
201479,Olga,Puchkova,R,19870927,RUS,180,Q241776
201480,Lioudmila,Skavronskaia,R,19800323,RUS,,Q4421310
201481,Tamira,Paszek,R,19901206,AUT,165,Q230231
201482,Andreja,Klepac,R,19860313,SLO,,Q258290
201483,Madison,Brengle,R,19900403,USA,168,Q53336
201484,Sandra,Zahlavova,U,19851010,CZE,,Q264474
201485,Alla,Kudryavtseva,R,19871103,RUS,178,Q653709
201486,Aleksandra,Wozniak,R,19870907,CAN,175,Q232626
201487,Jessica,Moore,R,19900816,AUS,167,Q272011
201488,Jorgelina,Cravero,R,19820123,ARG,163,Q440880
201489,Mariya,Koryttseva,R,19850525,UKR,172,Q235559
201490,Timea,Bacsinszky,R,19890608,SUI,170,Q232439
201491,Olivia,Sanchez,R,19821117,FRA,172,Q291084
201492,Andrea,Petkovic,R,19870909,GER,180,Q57557
201493,Angelique,Kerber,L,19880118,GER,173,Q77178
201494,Raluca,Olaru,R,19890303,ROU,173,Q232432
201495,Dominika,Cibulkova,R,19890506,SVK,161,Q211802
201496,Caroline,Wozniacki,R,19900711,DEN,177,Q30767
201497,Agnes,Szavay,R,19881229,HUN,168,Q236870
201498,Karin,Knapp,R,19870628,ITA,180,Q232600
201499,Anastasia,Pavlyuchenkova,R,19910703,RUS,177,Q487182
201500,Nika,Ozegovic,R,19850521,CRO,170,Q4176380
201501,Olga,Govortsova,R,19880823,BLR,182,Q230248
201502,Tatjana,Malek,R,19870808,GER,,
201503,Ayumi,Morita,R,19900311,JPN,163,Q232607
201504,Julia,Goerges,R,19881102,GER,180,Q77167
201505,Kate,Makarova,L,19880607,RUS,178,Q953688
201506,Sara,Errani,R,19870429,ITA,164,Q229005
201507,Audra,Cohen,R,19860421,USA,175,
201508,Petra,Cetkovska,R,19850208,CZE,172,Q234821
201509,Ashley,Weinhold,R,19890620,USA,165,Q4805636
201510,Julie,Ditty,L,19790104,USA,168,Q775265
201511,Ekaterina,Ivanova,R,19871218,RUS,,
201512,Monica,Niculescu,R,19870925,ROU,168,Q230346
201513,Sabine,Lisicki,R,19890922,GER,178,Q76338
201514,Sorana,Cirstea,R,19900407,ROU,176,Q230242
201515,Alisa,Kleybanova,R,19890715,RUS,181,Q220755
201516,Evgeniya,Rodina,R,19890204,RUS,170,Q258950
201517,Magdalena,Rybarikova,R,19881004,SVK,180,Q230359
201518,Yanina,Wickmayer,R,19891020,BEL,182,Q228983
201519,Violette,Huck,L,19880318,FRA,170,
201520,Petra,Kvitova,L,19900308,CZE,183,Q30812
201521,Carla,Suarez Navarro,R,19880903,ESP,162,Q230260
201522,Jelena,Pandzic,R,19830317,CRO,170,Q442087
201523,Marina,Erakovic,R,19880306,NZL,174,Q232575
201524,Urszula,Radwanska,R,19901207,POL,177,Q236866
201525,Eva,Hrdinova,R,19840615,CZE,,
201526,Julie,Coin,R,19821202,FRA,172,Q234828
201527,Stefanie,Voegele,R,19900310,SUI,170,Q234838
201528,Melanie,Oudin,R,19910923,USA,168,Q30787
201529,Kristie,Ahn,R,19920615,USA,165,Q3104444
201530,Gail,Brodsky,R,19910605,USA,165,Q5517052
201531,Mariana,Duque Marino,R,19890812,COL,169,Q235562
201532,Anastasia,Pivovarova,R,19900616,RUS,181,Q258785
201533,Shuai,Zhang,R,19890121,CHN,177,Q197291
201534,Asia,Muhammad,R,19910404,USA,178,Q4806395
201535,Coco,Vandeweghe,R,19911206,USA,185,Q54688
201536,Monika,Wejnert,U,19920406,AUS,,
201537,Patricia,Mayr Achleitner,R,19861108,AUT,169,Q239781
201538,Isabella,Holland,R,19920102,AUS,,
201539,Christina,Mchale,R,19920511,USA,170,Q45405
201540,Kristina,Mladenovic,R,19930514,FRA,184,Q242959
201541,Chanelle,Scheepers,R,19840313,RSA,176,Q234854
201542,Olivia,Rogowska,R,19910607,AUS,175,Q242993
201543,Emelyn,Starr,R,19891111,AUS,,
201544,Oxana,Lyubtsova,R,19850913,UKR,157,
201545,Anastasija,Sevastova,R,19900413,LAT,169,Q232445
201546,Anna,Lapushchenkova,R,19861024,RUS,172,Q291006
201547,Michelle,Larcher De Brito,R,19930129,POR,165,Q183371
201548,Ajla,Tomljanovic,R,19930507,AUS,180,Q2712407
201549,Petra,Martic,R,19910119,CRO,181,Q232553
201550,Tamaryn,Hendler,L,19920812,BEL,,Q1619502
201551,Arantxa,Rus,L,19901213,NED,180,Q239758
201552,Mallory,Cecil,R,19900718,USA,,
201553,Lenka,Wienerova,R,19880423,SVK,,Q3487008
201554,Vitalia,Diatchenko,R,19900802,RUS,170,Q254756
201555,Polona,Hercog,R,19910120,SLO,182,Q229079
201556,Lucie,Hradecka,R,19850521,CZE,177,Q11583
201557,Corinna,Dentoni,R,19890730,ITA,,Q259071
201558,Lauren,Embree,R,19910110,USA,,Q6500202
201559,Irena,Pavlovic,R,19880928,FRA,178,
201560,Kinnie,Laisne,R,19890711,FRA,,
201561,Claire,Feuerstein,L,19860228,FRA,178,Q438500
201562,Silvia,Soler Espinosa,R,19871119,ESP,169,Q239665
201563,Darya,Kustova,U,19860529,BLR,,Q254328
201564,Lenka,Tvaroskova,R,19820214,SVK,,
201565,Katarzyna,Piter,R,19910216,POL,173,Q83562
201566,Agnes,Szatmari,R,19870628,ROU,,
201567,Alexandra,Dulgheru,R,19890530,ROU,172,Q231028
201568,Kristina,Kucova,R,19900523,SVK,163,Q254267
201569,Georgie,Gent,R,19880113,GBR,165,
201570,Vesna,Dolonc,R,19890721,SRB,170,Q289326
201571,Masa,Zec Peskiric,R,19870121,SLO,,Q406925
201572,Regina,Kulikova,R,19890130,RUS,183,
201573,Laura,Robson,L,19940121,GBR,180,Q10120
201574,Neuza,Silva,R,19830504,POR,170,Q2580987
201575,Hilary,Barte,U,19881117,USA,,
201576,Valerie,Tetreault,R,19880121,CAN,170,Q456254
201577,Heidi,El Tabakh,R,19860925,CAN,180,Q440093
201578,Kai Chen,Chang,R,19910113,TPE,167,Q239612
201579,Yurika,Sema,L,19861225,JPN,168,Q2604291
201580,Xinyun,Han,L,19900530,CHN,172,Q713509
201581,Chun Mei,Ji,R,19860214,CHN,,Q440843
201582,Jing Jing,Lu,R,19890505,CHN,170,Q3487333
201583,Yana,Buchina,R,19920207,RUS,168,
201584,Ksenia,Pervak,L,19910527,KAZ,170,Q232613
201585,Sloane,Stephens,R,19930320,USA,170,Q54670
201586,Heather,Watson,R,19920519,GBR,170,Q239605
201587,Bojana,Jovanovski,R,19911231,SRB,175,Q239671
201588,Anna,Tatishvili,R,19900203,GEO,171,Q236789
201589,Sharon,Fichman,R,19901203,CAN,163,Q1026173
201590,Alison,Riske Amritraj,R,19900703,USA,173,Q54572
201591,Margalita,Chakhnashvili,R,19821209,GEO,172,Q462701
201592,Beatriz,Garcia Vidagany,U,19881117,ESP,,
201593,Irina Camelia,Begu,R,19900826,ROU,181,Q239751
201594,Simona,Halep,R,19910927,ROU,168,Q230156
201595,Misaki,Doi,L,19910429,JPN,159,Q34256
201596,Johanna,Larsson,R,19880817,SWE,174,Q233328
201597,Kurumi,Nara,R,19911230,JPN,155,Q270125
201598,Noppawan,Lertcheewakarn,R,19911118,THA,167,Q1613602
201599,Andrea,Hlavackova,R,19860810,CZE,174,Q11581
201600,Jamie,Hampton,R,19900108,USA,173,Q53561
201601,Chelsey,Gullickson,R,19900829,USA,180,
201602,Beatrice,Capra,R,19920406,USA,175,
201603,Shelby,Rogers,R,19921013,USA,175,Q377658
201604,Irina,Falconi,R,19900504,USA,163,Q53418
201605,Mandy,Minella,R,19851122,LUX,180,Q239841
201606,Rebecca,Marino,R,19901216,CAN,183,Q241946
201607,Sally,Peers,R,19910601,AUS,162,Q270587
201608,Sheng Nan,Sun,L,19870121,CHN,170,Q271741
201609,Yi Miao,Zhou,R,19910207,CHN,,Q593082
201610,Zarina,Diyas,R,19931018,KAZ,172,Q2466357
201611,Daria,Saville,R,19940305,AUS,166,Q2446649
201612,Junri,Namigata,R,19820705,JPN,170,Q271714
201613,Arina,Rodionova,R,19891215,AUS,168,Q291769
201614,Caroline,Garcia,R,19931016,FRA,177,Q258877
201615,Lesia,Tsurenko,R,19890530,UKR,174,Q289378
201616,Lauren,Davis,R,19931009,USA,157,Q53405
201617,Ana,Vrljic,R,19840801,CRO,,Q4750526
201618,Fatma,Al Nabhani,R,19910520,OMA,170,Q5437905
201619,Madison,Keys,R,19950217,USA,178,Q34403
201620,Monica,Puig,R,19930927,PUR,170,Q1616699
201621,Mona,Barthel,R,19900711,GER,185,Q77153
201622,Iryna,Bremond,R,19841005,FRA,,
201623,Jing Jing,Chen,U,19750819,CHN,,Q56695925
201624,Eun Ha,Kim,U,19750308,KOR,,Q40633647
201625,Ju Yeon,Choi,U,19751119,KOR,,Q61442642
201626,Petra,Winzenholler,U,19720311,GER,,Q67562101
201627,Kim,De Weille,U,19760412,NED,,Q11739229
201628,Li,Li,U,19761003,CHN,,Q66309817
201629,Yael,Segal,U,19720721,ISR,,Q55081526
201630,Nicole,Hummel,U,19740801,USA,,Q73030191
201631,Nicha,Lertpitaksinchai,R,19910814,THA,174,Q13512783
201632,Ryoko,Fuda,R,19861025,JPN,,
201633,Tomoko,Yonemura,U,19820701,JPN,,
201634,Viky,Nunez Fuentes,U,19881014,COL,,Q22279441
201635,Betina,Jozami,R,19880908,ARG,180,Q794230
201636,Anna,Orlik,R,19930305,BLR,169,
201637,Melissa,Torres Sandoval,R,19840203,MEX,,Q6009648
201638,Estrella,Cabeza Candela,R,19870220,ESP,173,Q34387
201639,Yevheniia,Savranska,U,19840220,UKR,,Q11726012
201640,Maria Teresa,Torro Flor,R,19920502,ESP,173,Q716568
201641,Nadia,Lalami,R,19900428,MAR,,Q1619369
201642,Fatima,El Allami,L,19890326,MAR,,Q3067214
201643,Eva,Fernandez Brugues,R,19860505,ESP,,
201644,Paula,Fondevila Castro,R,19840516,ESP,,
201645,Frederica,Piedade,U,19820605,POR,,Q461468
201646,Maria Joao,Koehler,U,19921008,POR,174,Q438663
201647,Jasmin,Woehr,R,19800821,GER,176,Q63562
201648,Naomi,Broady,R,19900228,GBR,189,Q461706
201649,Lenka,Jurikova,R,19900811,SVK,,Q6522678
201650,Irina,Buryachok,R,19860705,UKR,,
201651,Michaela,Johansson,R,19880306,SWE,,Q12327022
201652,Ksenia,Palkina,R,19891213,KGZ,174,Q946098
201653,Ellen,Allgurin,R,19940510,SWE,,Q5364728
201654,Sandra,Roma,L,19900331,SWE,,Q671352
201655,Anna,Floris,L,19820515,ITA,,
201656,Tadeja,Majeric,R,19900831,SLO,178,Q3809139
201657,Nastja,Kolar,R,19940715,SLO,176,Q6967718
201658,Carmen,Klaschka,R,19870108,GER,,
201659,Melanie,Klaffner,R,19900522,AUT,171,Q531929
201660,Tereza,Hladikova,R,19880414,CZE,,
201661,Tina,Schiechtl,R,19840115,AUT,170,
201662,Karolina,Pliskova,R,19920321,CZE,184,Q289365
201663,Ekaterina,Dzehalevich,R,19860503,BLR,168,Q269191
201664,Pemra,Ozgen,R,19860508,TUR,170,Q3544658
201665,Ipek,Senoglu,R,19790608,TUR,180,Q270246
201666,Cagla,Buyukakcay,R,19890928,TUR,172,Q1616864
201667,Ling,Zhang,R,19891028,HKG,178,Q8070270
201668,Alexandra,Panova,R,19890302,RUS,179,Q289422
201669,Yan Chong,Chen,R,19870404,CHN,,
201670,Amra,Sadikovic,R,19890506,SUI,186,Q64583
201671,Ksenia,Lykina,R,19900619,RUS,165,Q660518
201672,Nigina,Abduraimova,R,19940707,UZB,184,Q4054628
201673,Alexandra,Kolesnichenko,R,19921214,UZB,,Q15922087
201674,Sabina,Sharipova,R,19940904,UZB,174,Q4520541
201675,So Jung,Kim,R,19860318,KOR,,
201676,Ye Ra,Lee,R,19870914,KOR,,Q11753640
201677,Mi,Yoo,R,19860509,KOR,,Q18638068
201678,Sacha,Jones,R,19901108,AUS,,Q1616831
201679,Varatchaya,Wongteanchai,R,19890907,THA,169,Q4124897
201680,Anna,Gerasimou,R,19871015,GRE,,Q3557651
201681,Suchanun,Viratprasert,R,19830101,THA,168,Q4919169
201682,Nudnida,Luangnam,R,19870227,THA,167,Q463729
201683,Bianca,Botto,L,19910606,PER,178,Q3948619
201684,Paula,Zabala,U,19850126,COL,163,Q56697606
201685,Kristina,Antoniychuk,U,19900904,UKR,170,
201686,Alejandra,Granillo,R,19910601,MEX,,Q61163186
201687,Lina,Bennani,R,19910704,MAR,,Q105904685
201688,Claire,De Gubernatis,L,19860718,FRA,,
201689,Magali,De Lattre,R,19870614,POR,,Q6729630
201690,Nina,Bratchikova,R,19850628,RUS,178,
201691,Dia,Evtimova,R,19870430,BUL,168,Q1616850
201692,Michaela,Pochabova,U,19891017,SVK,,
201693,Timea,Babos,R,19930510,HUN,179,Q239765
201694,Silvia,Njiric,R,19930709,CRO,163,Q3960779
201695,Anna,Brazhnikova,R,19911004,SWE,165,Q4766880
201696,Laura,Siegemund,R,19880304,GER,168,Q89128
201697,Kristyna,Pliskova,L,19920321,CZE,184,Q289295
201698,Liana Gabriela,Ungur,U,19850102,ROU,,Q2085974
201699,Martina,Caregaro,R,19920519,ITA,165,Q20007827
201700,Nikola,Hofmanova,R,19910203,AUT,178,Q293217
201701,Basak,Eraydin,R,19940621,TUR,,Q8707137
201702,Malou,Ejdesgaard,R,19910313,DEN,,Q441308
201703,Yi Fan,Xu,L,19880808,CHN,165,Q4845400
201704,Nadejda,Guskova,R,19920110,RUS,,
201705,Alina,Abdurakhimova,R,19950323,UZB,173,Q107120952
201706,Eirini,Georgatou,R,19900201,GRE,,Q5349871
201707,Sachie,Ishizu,R,19920903,JPN,164,
201708,Natalie,Grandin,L,19810227,RSA,175,Q240855
201709,Yulia,Putintseva,R,19950107,KAZ,163,Q2429984
201710,Annette,Gulley,U,19640227,AUS,,Q26211083
201711,Sharon,Hodgkin,U,19640321,AUS,,
201712,Karin,Moos,U,19610303,NED,,
201713,Caroline,Van Renterghem,U,19720131,BEL,,Q107177615
201714,Michaela,Frimmelova,U,19700917,TCH,,Q66753134
201715,Heike,Thoms,U,19681101,GER,,Q66738103
201716,Catherine,Bonnet,U,19650305,FRA,,Q96621535
201717,Michelle,Jackson Nobrega,U,19731228,USA,,Q67167481
201718,Akiko,Gooden,U,19720214,USA,,Q67169409
201719,Stephanie,Martin,U,19731002,AUS,,
201720,Joy,Cummings,U,19621006,USA,,
201721,Caryn,Moss,U,19711005,USA,,
201722,Luanne,Spadea,U,19721228,USA,,Q54336528
201723,Angela,Kerek,U,19720125,GER,,Q66458748
201724,Julie,Exum,U,19720510,USA,,
201725,Zdenka,Malkova,U,19750119,CZE,,Q6460255
201726,Rachel Ann,Jensen,U,19721119,USA,,Q56544059
201727,Silvia,Ramon Cortes,U,19720809,ESP,,Q61604281
201728,Jessica,Steck,R,19780806,RSA,173,Q3177678
201729,Larissa,Schaerer,R,19750415,PAR,170,Q31202256
201730,Karin,Stampfli,R,19630907,SUI,,Q106777894
201731,Judy,Newman,U,19620511,USA,,
201732,Noelle,Porter,R,19701218,USA,,
201733,Lorenza,Jachia,U,19681024,ITA,,Q67486892
201734,Barbara,Pollet,U,19630517,AUT,,Q84864725
201735,DUPE Monika,Lundqvist,U,19670418,SWE,,Q4964223
201736,Xenia,Anastasiados,U,,GRE,,
201737,Stefania,Dalla Valle,U,19660712,ITA,,Q106816663
201738,Julia,Apostoli,R,19640813,GRE,,Q28529740
201739,Petra,Schmitt,U,19711024,HUN,,Q62860947
201740,Christiane,Hofmann,U,19681212,GER,,Q67554792
201741,Alysia,May,U,19710131,USA,,Q2840669
201742,Susi,Fortun Lohrmann,R,19730327,GER,,Q62124579
201743,Laura,Glitz,U,19670517,USA,,Q3218687
201744,Caroline,Schneider,U,19730601,GER,,Q1044557
201745,Lupita,Novelo,U,19670505,MEX,,Q53915487
201746,Amanda,Basica,R,19780620,USA,175,
201747,Lihini,Weerasuriya,U,19720220,SRI,,Q27487449
201748,Renata,Kochta,U,19730414,GER,,Q2143289
201749,Julie,Shiflet,U,19721007,USA,,Q98197975
201750,Ann,Stephenson,U,19670822,USA,,
201751,Melissa,Mazzotta,U,19720621,USA,,Q56600208
201752,Cristina,Salvi,U,19700515,ITA,,Q66711820
201753,Rewa,Harriman,U,19800915,NZL,,Q29117056
201754,Leanne,Baker,L,19810108,NZL,173,Q4354093
201755,Michelle,Parun,U,19661102,NZL,,
201756,Tracey,King,U,19710717,NZL,,
201757,Amanda,Tate,U,19671017,NZL,,
201758,Elizabeth,Daly,U,19650921,NZL,,
201759,Jan,Blackstad,U,19531223,USA,,
201760,Heidi,Sprung,U,19690110,AUT,,Q47513695
201761,Annette,Smith,U,19590710,AUS,,
201762,Mary,Dailey,U,19620121,USA,,
201763,Annette,Patchen,U,19680711,AUS,,
201764,Justine,Brown,U,19680411,AUS,,
201765,Brenda,Perry,U,19571004,NZL,,Q97016742
201766,Sharon,Mcnamara,U,19660924,AUS,,
201767,Sylvia,Schenck,U,19640127,USA,,
201768,Gail,Falkenberg,U,19470116,USA,,
201769,Ruth,Seeman,U,19630414,NZL,,Q61363087
201770,Yvonne,Der Kinderen,U,19651026,NED,,Q107178144
201771,Virag,Csurgo,R,19721110,HUN,172,Q7935316
201772,Aranzazu,Gallardo,U,19730930,MEX,,Q61237144
201773,Diedre,Herman,U,19711011,USA,,
201774,Caroline,Hagey,U,19651129,USA,,
201775,Silvia,Blume Bruns,U,19530807,ESP,,
201776,Marion,De Witte,U,19531220,BEL,,
201777,Barbara,Brankovska,U,19520925,CAN,,
201778,Suzanne,Bakewell,U,19600526,GBR,,
201779,Silvia,Campius Pinas,U,19600310,ESP,,
201780,Kerry,Young,U,19501002,USA,,
201781,Judith,Mercade,U,,ESP,,
201782,Rosa Maria,Togores Colom,U,19540405,ESP,,
201783,Marcela Viviana,Cataldi,U,19551202,ARG,,
201784,Betona,Pellon Fernandez,U,19600915,ESP,,
201785,Patricia,Armet Sanpere,U,19590713,ESP,,
201786,Ana,Almansa,U,19630824,ESP,,Q105747120
201787,Annina,Von Planta,U,19560804,SUI,,
201788,Isabel,Moure,U,19620513,ESP,,
201789,Begonia,Erana,U,19631024,ESP,,
201790,Ana,Aubone,U,,ARG,,
201791,Iris,Thompson,U,,ESP,,
201792,Ingrid,Jonge,U,,NED,,
201793,Maria,Mateo,U,19570623,ESP,,
201794,Monica,Alvarez,U,19551219,ESP,,Q102258816
201795,Nancy,Harris,U,,AUS,,
201796,Jane,Plackett,U,19550328,GBR,,
201797,Maria,Muntanola,U,,ESP,,
201798,Birthe,Glatzel,U,,FRG,,
201799,Marie Jose,Llorca,U,19700403,ESP,,Q55081349
201800,Annika,Narbe,U,19711009,SWE,,Q107130632
201801,Ana Maria,Segura Perez,U,19690205,ESP,,Q49705834
201802,Ulrike,Priller,U,19730106,AUT,,Q67385085
201803,Gabriela,Castro,U,19660711,ARG,,Q61988225
201804,Claudia,Chabalgoity,U,19710313,BRA,,Q2978402
201805,Pilar,Perez,U,19730922,ESP,,Q55630009
201806,Ying,Bi,U,19700211,CHN,,Q107012237
201807,Li Yao,Tang,U,19740123,CHN,,
201808,Hiroko,Hara,R,19720210,JPN,,
201809,Hila,Rosen,R,19770905,ISR,,Q55081264
201810,Yuko,Hosoki,U,19681112,JPN,,Q66789513
201811,Young Ja,Choi,U,19750530,KOR,,Q53922285
201812,Hiroko,Mochizuki,R,19750723,JPN,,Q66381478
201813,Patty,Van Acker,R,19761021,BEL,165,Q52065076
201814,Michelle,Gerards,R,19840708,NED,,Q2865726
201815,Petra,Rampre,R,19800120,SLO,170,Q2613196
201816,Kathleen,Schuurmans,U,19660703,BEL,,Q107178373
201817,Karin,Oberleitner,U,19680314,AUT,,Q96338288
201818,Ilse,De Ruysscher,U,19620713,BEL,,Q105869265
201819,Esmir,Hoogendoorn,U,19690331,NED,,Q67572708
201820,Caroline,Wuillot,U,19710702,BEL,,Q107400708
201821,Gorana,Matic,U,19731024,CRO,,Q5584513
201822,Petra,Holubova,U,19681012,CZE,,Q66381426
201823,Daphne,Van De Zande,R,19740721,BEL,,Q36489953
201824,Gisela,Riera Roura,R,19760507,ESP,,Q5880437
201825,Kathy,Hofer,U,19670904,USA,,
201826,Berit,Bjork,U,19630519,SWE,,
201827,Regina,Wieser,U,19680115,GER,,
201828,Olga,Votavova,U,19660710,TCH,,Q84868622
201829,Heliane,Steden,U,19640718,MEX,,Q47163905
201830,Katharina,Duell,U,19730409,GER,,Q68224487
201831,Sabine,Gerke,U,19711115,GER,,Q62124900
201832,Gabriela,Mosca,U,19690812,ARG,,Q59550730
201833,Anouschka,Popp,U,19720719,GER,,Q67511142
201834,Heike,Rusch,U,19760702,GER,,Q9287021
201835,Maja,Muric,U,19740227,CRO,,Q6737329
201836,Svetlana,Komleva,U,19731215,MDA,,Q40435710
201837,Sandra,Waechtershauser,U,19750304,GER,,Q67565767
201838,Federica,Fortuni,U,19740930,ITA,,Q66708404
201839,Syna,Schreiber,L,19781120,GER,,Q47518748
201840,Germana,Di Natale,R,19740402,ITA,170,Q55081254
201841,Sally,Godman,U,19690131,GBR,,
201842,Rikki,Gaddie,U,19710902,RSA,,Q84183995
201843,Suzanna,Anggarkusuma,U,19631125,INA,,Q3505875
201844,Agnese,Gustmane,R,19710409,LAT,170,Q22953456
201845,Stella,Sampras,U,19690309,USA,,Q2342173
201846,Katarzyna,Teodorowicz Lisowska,U,19721128,POL,,Q11737081
201847,Mareze,Joubert,U,19730818,RSA,,Q62124014
201848,Hye Jin,Park,U,19720509,KOR,,
201849,Veronica,Stele,U,19771119,ARG,,Q24551165
201850,Nino,Louarsabishvili,U,19770203,GEO,,Q16582638
201851,Joanne,Moore,U,19760309,GBR,,Q56610989
201852,Paula,Hermida Velo,U,19771024,ESP,,Q61603206
201853,Andrea,Muller,U,19650821,GER,,Q67906101
201854,Mariana,Mesa,R,19800401,COL,166,Q59134871
201855,Adriana,Barna,R,19780521,GER,173,Q4685477
201856,Ekaterina,Sysoeva,R,19810603,RUS,183,Q670574
201857,Juliana,Garcia,U,19801021,COL,,
201858,Kristina,Triska,R,19800306,SWE,,Q6438282
201859,Luciana,Masante,U,19781204,ARG,,Q65760757
201860,Mariam,Ramon Climent,U,19760826,ESP,,Q21572903
201861,Romina,Ottoboni,U,19780619,ARG,,Q66276431
201862,Vanessa,Menga,R,19761020,BRA,173,Q434011
201863,Alice,Canepa,R,19780430,ITA,173,Q2836553
201864,Celeste,Contin,U,19780217,ARG,,Q60779385
201865,Alicia,Ortuno,U,19760502,ESP,,Q2836769
201866,Cristina,Arribas,U,19820327,ESP,,
201867,Magdalena,Kucerova,R,19761006,GER,,Q6729872
201868,Renata,Kucerova,U,19790715,CZE,,Q7312588
201869,Radka,Pelikanova,U,19770403,CZE,,Q61650538
201870,Monica,Weber,U,19641117,SUI,,
201871,Kate,Glancy,L,19600325,CAN,,Q106763264
201872,Bettina,Diesner,U,19700208,AUT,,Q106808214
201873,Karen,Smith,U,19611019,AUS,,Q106968389
201874,Helen,Davis,U,19600623,AUS,,
201875,Vicki,Marler,U,19641117,AUS,,
201876,Rosemary,Eden,U,,AUS,,
201877,Karen,Shin,U,19680705,USA,,Q96630990
201878,Junko,Watanabe,U,19721019,JPN,,
201879,Reka,Vidats,U,19790719,HUN,,Q62769244
201880,Melinda,Petkes,U,19780619,HUN,,
201881,Nora,Koves,U,19710613,HUN,,Q7071504
201882,Katarzyna,Straczy,U,19791128,POL,,Q6375224
201883,Cynthia,Ashling,U,19580614,USA,,
201884,Marcelle,Voyame,U,19601018,ARG,,
201885,Marta,Galli,U,19460923,ARG,,
201886,Patricia,Gomez,U,,ARG,,
201887,Laura,Giussani,U,,ARG,,
201888,Marlie,Buehler,U,19501120,USA,,
201889,Patrizia,Murgo,U,19620326,ITA,,Q106171747
201890,Xochitl,Escobedo,U,19680917,MEX,,Q8045643
201891,Rona,Daniels,U,19690708,USA,,
201892,Lisa,Pennington,U,19630220,GBR,,Q106763983
201893,Anabella,Radics,U,19681217,ESP,,
201894,Kylie,Copeland,U,19610519,USA,,Q3200947
201895,Mahela,Gartner Ockernahl,U,19690612,GER,,
201896,Veronica,Platz,U,19660614,ARG,,
201897,Helena,Manset,U,19610201,USA,,Q64214518
201898,Isabelle,Crudo,U,19680304,FRA,,
201899,Luciana,Tella,U,19691231,BRA,,Q50350209
201900,Natasha,Marcucci,U,19700926,ARG,,Q106808208
201901,Cheryl,Jones,U,19640503,USA,,Q61996240
201902,Annette,Gerber,U,19671003,FRG,,
201903,Michelle,Strebel,U,19700424,SUI,,Q66956788
201904,Karmen,Skulj,U,19671125,YUG,,Q62273152
201905,Gisele,Faria,U,19680816,BRA,,Q85214870
201906,Marwa,El Wany,U,19761109,EGY,,
201907,Lisette,Senn,U,19580312,CAN,,
201908,Karen,Dewis,R,19620919,CAN,,Q106838174
201909,Carol,Bertrand,U,19640628,CAN,,
201910,Angela,Walker,U,19601218,CAN,,Q61785554
201911,Nina,Bland,R,19590421,CAN,,
201912,Sylvie,Tetreault,U,19630521,CAN,,
201913,Jennifer,Young,R,19690715,USA,,
201914,Elizabeth,Alexander,U,19660406,USA,,
201915,Carrie Lynn,Cohen,U,19670307,CAN,,
201916,Anne,Grousbeck,U,19660205,USA,,Q68009423
201917,Suzanne,Italiano,U,19730319,CAN,,Q107456700
201918,Melanie,Bernard,U,19740914,CAN,,Q56630804
201919,Christina,Popescu,U,19791220,CAN,,
201920,Renata,Kolbovic,R,19760730,CAN,168,Q7312583
201921,Martina,Nejedly,U,19750526,CAN,,Q24666786
201922,Stephanie,Tibbits,U,19750226,CAN,,Q103820461
201923,Alix,Creek,U,19721022,USA,,
201924,Caroline,Delisle,U,19691005,CAN,,Q47528204
201925,Erica,Adams,U,19690716,USA,,Q66716640
201926,Stephanie,Reece,U,19700424,USA,,Q56544070
201927,Ludmilla,Varmuza,L,19790225,SMR,,
201928,Julia,Lutrova,U,19750109,RUS,,Q6306547
201929,Laura,Pena,U,19791101,ESP,,Q61605446
201930,Monica,Guglielmi,R,19740902,ITA,,Q108192147
201931,Jill,Waldman,U,19671011,USA,,
201932,Jane,Jarosz,U,19630123,USA,,
201933,Alejandra,Vallejo,U,19581021,MEX,,Q105556377
201934,Anne Marie,Ruegg,U,19580401,SUI,,
201935,Monica,Simmen,U,19580716,SUI,,
201936,Anne Mette,Sorensen,U,19470707,DEN,,Q44692401
201937,Kathy,Barton,U,,USA,,
201938,Ainhoa,Goni Blanco,R,19790807,ESP,,
201939,Anique,Snijders,U,19730915,NED,,Q67171918
201940,Mirela,Vladulescu,R,19770311,GER,,Q108111986
201941,Dora,Krstulovic,R,19810619,CRO,,Q56065109
201942,Andreea,Ehritt Vanc,L,19731006,ROU,168,Q441573
201943,Ivana,Bracun,U,19810801,CRO,,
201944,Zuzana,Hejdova,U,19770429,CZE,,Q8075469
201945,Patricia,Segala,U,19760508,BRA,,Q106854742
201946,Jean,Ceniza,U,19700510,USA,,Q84575632
201947,Stephanie,Mayorkis,U,19710304,BRA,,Q106854740
201948,Vicky,Maes,U,19740507,BEL,,Q107355010
201949,Eva,Jimenez Sanz,U,19750519,ESP,,Q62041617
201950,Miriam,Dagostini,U,19780815,BRA,,Q28672295
201951,Ann,Hulbert,U,19651028,USA,,Q99373653
201952,Elena,Savoldi,U,19721111,ITA,,Q56630972
201953,Pamela,Baily,U,19581029,AUS,,Q83220050
201954,Kirsten,Dreyer,U,19690327,USA,,Q96278270
201955,Wendy,Burkhart,U,19600327,USA,,
201956,Nicole,Lorenzetti,U,19610906,USA,,
201957,Dorien,Wamelink,R,19701224,NED,,Q107404517
201958,Angela,Cardoso,U,19800513,POR,,Q27947832
201959,Ana Catarina,Nogueira,U,19780920,POR,,Q61685000
201960,Rosa,Bielsa Hierro,U,19660109,ESP,,Q65962573
201961,Patricia,Miller,U,19720131,URU,,Q1744167
201962,Erda,Crous,U,19710911,RSA,,
201963,Sofia,Prazeres,U,19740619,POR,,Q47144130
201964,Tania,Couto,U,19720705,POR,,
201965,Sabrina,Giusto,U,19710831,BRA,,Q15409956
201966,Natalie,Tschan,U,19711013,SUI,,Q66480597
201967,Joana,Manta,U,19770726,SUI,,Q56043906
201968,Geraldine,Dondit,U,19760413,SUI,,Q60695369
201969,Karin,Ptaszek,R,19711224,DEN,,Q44694244
201970,Vicki,Beggs,U,19570325,USA,,
201971,Jeong Soon,Lee,U,19610223,KOR,,Q18215100
201972,Helen,Park,U,19590603,KOR,,Q106981969
201973,Nicole,Mabille,U,19610315,BEL,,
201974,Mary Ann,Colville,U,19560424,USA,,
201975,Silvana,Campos,R,19660511,BRA,,Q62387948
201976,Christina,Rozwadowski,U,19621014,BRA,,
201977,Eun Sook,Han,U,19610721,KOR,,
201978,Marlene,De Wouters,U,19630218,BEL,,Q2603752
201979,Luciana,Della Casa,U,19710224,BRA,,Q107447705
201980,Nicolette,Rooimans,U,19680728,NED,,Q29642146
201981,Karim,Strohmeier Merino,U,19691101,PER,,Q96346953
201982,Marielle,Rooimans,U,19680728,NED,,Q107520022
201983,Janet,Souto Garcia,U,19671122,ESP,,Q61629624
201984,Corinne,Bousmans,U,19700224,BEL,,
201985,Anne,Aallonen,U,19670715,HKG,,Q13530
201986,Renata,Smekalova,U,19690330,TCH,,Q106898833
201987,Rita,Cruz Lima,U,19710922,BRA,,
201988,Sofie,Albinus,R,19720921,DEN,,Q45348181
201989,Marina,Bottazzi,U,19690528,ITA,,
201990,Tanja,Weigl,U,19701214,GER,,Q107175539
201991,Pamela,Wallenfels,U,19710531,GER,,Q106808202
201992,Sabine,Lohmann,U,19730313,GER,,Q66537126
201993,Pavlina,Rajzlova,U,19720523,CZE,,Q61982482
201994,Christine,Oreilly,U,19680118,USA,,
201995,Jennifer,Balent,U,19600326,USA,,
201996,Clare,Harrison,U,19590524,GBR,,
201997,Debbie,Stewart,U,19600413,GBR,,
201998,Julie,Filkoff,U,19570621,USA,,
201999,Penny,Johnson,U,19550826,USA,,Q3374791
202000,Yuen Yuen,Ling,U,19410613,HKG,,
202001,DUPE Sylvie,Rual Faulty,U,19561215,FRA,,
202002,Kathleen,Carey,U,,HKG,,
202003,Keiko,Morimoto,U,,JPN,,
202004,Suzie,Holm,U,,HKG,,
202005,Cathy,Fink,U,19580310,USA,,
202006,Nancy,Spelman,U,19450913,HKG,,
202007,Lili,Bell,U,,AUS,,
202008,Susana,Rojas,U,,MEX,,Q107012607
202009,Ionita,Nesti,U,19630609,ITA,,
202010,Andrea,Galloway,U,19561209,AUS,,
202011,June,Ferestein,U,19630619,USA,,
202012,Lee,Chan,U,19770202,HKG,,
202013,Emanuela,Brusati,U,19730419,ITA,,Q66816263
202014,Maria Eugenia,Vento,U,19700817,VEN,,
202015,Nicoletta,Iaccarino,U,19730224,ITA,,
202016,Pam,Nelson,U,19750701,USA,,Q61741680
202017,Stephanie,Halsell,R,19791023,USA,,Q56641615
202018,Anna Karin,Olsson,U,19670510,SWE,,Q4971098
202019,Kim,Labuschagne,R,19670911,RSA,,Q105185811
202020,Simona,Isidori,U,19671010,ITA,,Q67012745
202021,Estefania,Bottini,U,19740203,ESP,,Q61607362
202022,Sabrina,Lucchi,U,19680815,ITA,,Q106925746
202023,Maite,Martinez Perez,U,19671124,ESP,,Q106837029
202024,Barbara,Navarro,U,19730409,ESP,,Q107012241
202025,Rosa Maria,Perez,U,19770408,ESP,,Q107009894
202026,Noelia,Serra Djamdjean,U,19770909,ESP,,Q98078562
202027,Elena,Salvador Reja,R,19790515,ESP,,Q66686006
202028,Nuria,Montero,U,19781008,ESP,,Q98078564
202029,Ana,Salas Lozano,R,19720712,ESP,,Q66685082
202030,Carolina,Rodriguez,U,19811228,COL,,
202031,Rosa Maria,Andres Rodriguez,R,19770529,ESP,,Q3087981
202032,Jane,Holdren,U,,USA,,
202033,Gretchen,Doninger,U,19650626,USA,,
202034,Jane,Thomas,U,19660324,USA,,Q56697528
202035,Holyn,Lord,U,19731012,USA,,Q107175586
202036,Kristi,Bastian,U,19690910,USA,,
202037,Linley,Tanner,U,19620501,USA,,
202038,Ceyda,Keyman,U,19830606,TUR,,
202039,Ceylan,Konuk,U,19830101,TUR,,
202040,Linda,Niemantsverdriet,U,19741210,NED,,Q66497798
202041,Joice Riana,Sutedja,U,19740605,INA,,Q106763089
202042,Natalia,Soetrisno,U,19760109,INA,,Q6968086
202043,Mimma,Chernovita,U,19741111,INA,,Q101033543
202044,Eny,Sulistyowati,R,19800114,INA,,Q107176558
202045,Il Soon,Kim,U,19690124,KOR,,Q6408817
202046,Maaike,Koutstaal,U,19750620,NED,,Q26710013
202047,Agustine,Limanto,U,19780804,INA,,Q106910738
202048,Liza,Andriyani,R,19790212,INA,170,Q6660365
202049,Daria,Chernova,U,19750101,UKR,,
202050,Helena,Olsson,U,19650104,SWE,,Q16196197
202051,Shelby,Torrance,U,19500626,USA,,
202052,Andrea,Berger,U,19700128,USA,,
202053,Xin Yi,Li,U,19620614,CHN,,Q67202254
202054,Linda,Barnard,U,19680810,RSA,,Q66939707
202055,Themis,Zambrzycki,U,19601020,BRA,,Q33229655
202056,Ingrid,Sommerauer,U,19611104,AUT,,
202057,Andrea,Pesak,U,19611101,AUT,,
202058,Maria,Geyer,U,19520713,AUT,,
202059,Natasha,Piskackova,U,19630606,TCH,,
202060,Maria,Romanov,U,19590428,ROU,,
202061,Darlene,Williamson,U,,AUT,,
202062,Janthe,Cunningham,U,,AUT,,
202063,Irma,Novakova Spurny,U,19621124,GER,,
202064,Nike,Dobrovits,U,19731202,AUT,,
202065,Henrike,Kadzidroga,U,19710531,GER,,Q67544855
202066,Sandra,Reichel,U,19710624,AUT,,Q106782853
202067,Alice,Nohacova,U,19670620,TCH,,Q61050503
202068,Petra,Raclavska,U,19730226,CZE,,Q61651218
202069,Jenny,Zika,R,19841122,AUT,178,
202070,Scarlett,Werner,R,19841121,GER,172,Q111192
202071,Dragana,Zaric,U,19770801,SRB,170,Q3038624
202072,Tina,Hergold,U,19811018,SLO,,Q7807907
202073,Chin Bee,Khoo,U,19770504,MAS,,Q26897032
202074,Katharina,Buche,U,19740619,AUT,,Q67376269
202075,Julia,Jehs,U,19750329,GER,,Q105182451
202076,Eva,Melicharova,U,19700220,CZE,,Q3061271
202077,Annelie,Bjork,U,19650401,SWE,,
202078,Rosabel,Moyen,U,19740529,LUX,,
202079,Kathy,Obrien,U,19591224,USA,,
202080,Danielle,Scott,U,19700322,USA,,Q56254533
202081,Katalin,Miskolczi,U,19760806,HUN,,Q67387667
202082,Niki,Ninaus,U,19740222,AUS,,
202083,Carol,Watson,U,19610705,USA,,
202084,Sherry,Hull,U,,MON,,
202085,Galina,Fokina,L,19840117,RUS,165,
202086,Natalia,Biletskaia,U,19721106,UKR,,Q55081387
202087,Reeka,Szikszay,U,19650803,HUN,,Q46443952
202088,Aida,Khalatian,U,19670508,ARM,,Q55314963
202089,Irina,Sukhova,U,19740209,UKR,,Q55640054
202090,Emily,Bond,R,19731013,GBR,,Q61473067
202091,Olga,Ivanova,U,19770203,RUS,,Q41251728
202092,Mihoka,Matshushima,U,19540414,JPN,,
202093,Kiyomi,Nakagawa,U,19560124,JPN,,
202094,Hatsuhi,Isowa,U,19630821,JPN,,
202095,Li Lan,Duan,U,19620702,CHN,,
202096,Li Qiao,Yu,U,19571126,CHN,,
202097,Jean,Nachand,R,19550606,USA,,Q3173662
202098,Fumiko,Furuhashi,R,19590422,JPN,,Q106794992
202099,Louise,Pleming,R,19670622,AUS,,Q19667354
202100,Iwalani,Mccalla,U,19710617,JAM,,Q105786296
202101,Patricia,Rogulski,U,19730105,SVK,,Q66088089
202102,Kaoru,Shibata,U,19730625,JPN,,Q56630770
202103,Keiko,Ishida,U,19730403,JPN,,Q66759175
202104,Kazue,Takuma,U,19740804,JPN,,Q66789228
202105,Anori,Fukuda,U,19731219,JPN,,
202106,Lori,Kosten,U,19650330,USA,,
202107,Edie,Carell,U,,USA,,
202108,Robin,Boss,U,,USA,,
202109,Kerri,Reiter,U,19681001,USA,,
202110,Lisa,Albano,U,19700324,USA,,
202111,Mary,Norwood,U,19660508,USA,,Q106090103
202112,Carol,Daniels,U,19591113,USA,,
202113,Michelle,Garth,U,19660812,ESP,,
202114,Seiko,Ichioka,U,19711113,JPN,,
202115,Cathrine,Instebo,U,19731128,NOR,,
202116,Laura,Dellangelo,R,19810517,ITA,,
202117,Maria Paola,Zavagli,R,19770604,ITA,,Q47482723
202118,Florence,Gauvain,U,19620325,FRA,,Q106901306
202119,Olivia,Fery,U,19730427,HKG,,Q61940952
202120,Kirstin,Freye,U,19750529,GER,,Q108969
202121,Benjamas,Sangaram,U,19750111,THA,163,Q13025480
202122,Orawan,Thampensri,U,19700525,THA,,Q108379756
202123,Suvimol,Duangchan,U,19740410,THA,163,Q62381829
202124,Pimpisamai,Kansuthi,U,19771127,THA,,
202125,Phorhathai,Suksamran,U,19780819,THA,,
202126,Marissa,Niroj,U,19790426,THA,,Q108740222
202127,Ding,Ding,U,19780817,CHN,,Q56696395
202128,Riei,Kawamata,U,19740521,JPN,,
202129,Orawan,Wongkamalasai,U,19810825,THA,,
202130,Natalia,Leipus,U,19620410,AUS,,Q84463208
202131,Christa,Pickwick,U,19590620,NZL,,
202132,Manuela,Zoni,R,19601012,ITA,,Q26034657
202133,Annalisa,Pesce,U,,ITA,,
202134,Katie,Schlukebir,R,19750429,USA,,Q516293
202135,Vanessa,Henke,R,19810115,GER,,Q3554541
202136,Michele,Wreem,U,19660606,USA,,
202137,Shannon,Gordon,U,19670527,USA,,
202138,Gina,Genovese,U,19490515,USA,,Q33044034
202139,Clare,Schmoyer,U,,USA,,
202140,Cathleen,Farrell,U,19570316,USA,,
202141,Janice,Rapp,U,19510522,USA,,
202142,Betsy,Blaney,U,19540503,USA,,
202143,Lucia,Fernandez,U,19601022,USA,,
202144,Wendy,Ouwendijk,U,19680715,USA,,
202145,Shira,Gafni,U,19711005,ISR,,
202146,Allyson,Ingram,U,19631007,USA,,
202147,Zuzana,Nemsakova,U,19760914,SVK,,Q96318740
202148,Alena,Havrlikova,U,19770613,CZE,,Q106882377
202149,Eva,Krejcova,U,19761112,CZE,,Q48351291
202150,Jana,Lubasova,U,19791122,CZE,,Q106898979
202151,Milena,Nekvapilova,U,19770509,CZE,,Q27687735
202152,Jana,Hlavackova,U,19810522,CZE,,
202153,Melanie,Marois,R,19840310,CAN,,Q56678335
202154,Ioana,Plesu,R,19801217,CAN,163,
202155,Annalia,Dellorso,U,19710224,ITA,,
202156,Gabriella,Boschiero,U,19720113,ITA,160,Q66490993
202157,Paola,Tampieri,U,19750426,ITA,,Q108192407
202158,Cristina,Cavina,U,19690302,ITA,,Q108301294
202159,Debbie,Robb,U,19620722,USA,,
202160,Marsha,Bladel,U,,USA,,
202161,Linda,Allred,U,19690503,USA,,
202162,Page,Bartelt,U,19740622,USA,,
202163,Heather,Willens,U,19711011,USA,,Q85160066
202164,Gigi,Gonzalez,U,19701007,USA,,
202165,Marilda,Julia,U,19650222,USA,,Q101682961
202166,Emilie,Viqueira,U,19690321,PUR,,Q61007435
202167,Marianne,Colon,U,19691223,PUR,,
202168,Elba,Pinero,U,19700503,BOL,,
202169,Christine,Neuman,U,19720714,USA,,Q96619734
202170,Paula,Cabezas,U,19720821,ESP,,Q43844592
202171,Klara,Blahova,U,19730402,CZE,,Q66528751
202172,Ginevra,Mugniani,U,19730402,ITA,,Q67135783
202173,Joana,Cortez,L,19790111,BRA,170,Q10306995
202174,Cynthia Ann,Thomas,U,19521114,USA,,
202175,Renata,Della,U,19701001,BRA,,
202176,Jorgelina,Moreno,U,19700505,ARG,,
202177,Titia,Wilmink,U,19681001,NED,,Q55183415
202178,Jenny,Whalen,U,19710226,USA,,
202179,Shelley,Bartlett,U,19650421,USA,,
202180,Jana,Strnadova,U,19720525,CZE,,Q16465920
202181,Lela,Zainal,U,19720411,SGP,,
202182,Dora,Rangelova,R,19670903,BUL,,Q12279038
202183,Ralitza,Milorieva,U,19710722,BUL,,
202184,Jackie,Joseph,U,19640104,USA,,
202185,Anna,Bielen Zarska,R,19790722,POL,,Q4766854
202186,Blanka,Kumbarova,U,19760622,CZE,,Q66436567
202187,Ilana,Berger,R,19651231,ISR,169,Q12021491
202188,Valerie,Batut,U,19691012,FRA,,Q106898813
202189,Anne Sophie,Bittighoffer,U,19771124,FRA,,Q106900885
202190,Elke,Renz,U,19590216,GER,,
202191,Petra,Van Oyen,U,19610425,FRG,,Q1629338
202192,Tzu Ting,Weng,U,19780701,TPE,,Q56087026
202193,Maria Veronica,Widyadharma,U,19771109,INA,,
202194,Anna,Klim,U,19751206,AUS,,
202195,Petra,Gaspar,U,19770213,HUN,,Q7178635
202196,Karen,Denman,U,,AUS,,
202197,Debbie,Chesterton,U,19600622,AUS,,
202198,Shi Min,Lin,U,19711017,TPE,,
202199,Su Lin,Lai,U,19670212,TPE,,
202200,Miki,Mizokuchi,U,19650513,JPN,,Q11564481
202201,Kiyoko,Yazawa,U,19720808,JPN,,
202202,Su Jen,Lai,U,19680114,TPE,,
202203,Yu Min,Fan Chiang,U,19771017,TPE,,
202204,Yu Hsien,Liu,U,19740817,TPE,,
202205,Shu Ping,Lin,U,19740226,AUS,,
202206,Stephanie,Hales,U,,USA,,
202207,Michelle,Weiss,U,19610116,USA,,
202208,Genevieve,Greiwe,U,19630819,USA,,
202209,Glynis,Oconnor,U,,USA,,
202210,Ann,Flint,U,19520526,USA,,
202211,Allegra,Cesare,U,,USA,,
202212,Cricket,Manuel,U,19610507,USA,,
202213,Bunny,Smith,U,19460729,USA,,
202214,Holly Ann,Lloyd,U,19701218,USA,,
202215,Amy,Mascotti,U,19721112,USA,,
202216,Lilia,Biktyakova,L,19790202,UZB,,Q107120947
202217,Kamila,Dadakhodjaeva,R,19831006,UZB,,Q107120958
202218,Anna,Zaporozhanova,R,19790809,UKR,174,Q2850636
202219,Keiko,Nagatomi,U,19741122,JPN,,Q66758700
202220,Kuniyo,Tsukamoto,U,,JPN,,
202221,Cornelia,Lechner,U,19661113,GER,,Q84773375
202222,Kathy,Holton,U,19631005,USA,,
202223,Soo Ok,Kim,U,19610813,KOR,,Q62021820
202224,Yoko,Kobayashi,U,19530509,JPN,,
202225,Natalya,Borodina,U,,URS,,Q17043369
202226,Yoko,Mitsuko,U,,JPN,,
202227,Judith,Warringa,U,19650322,NED,,Q107413017
202228,Rie,Nakazaka,U,,JPN,,
202229,Sasano,Yoshiko,U,19730927,JPN,,
202230,Mami,Donoshiro,U,19750308,JPN,,Q3284982
202231,Shiho,Hisamatsu,R,19790704,JPN,,Q4382315
202232,Yuka,Tanaka,U,19740821,JPN,,Q66840617
202233,Ayako,Hirose,U,19690121,JPN,,Q792724
202234,Monique,Viele,R,19841006,USA,,
202235,Fukiko,Osawa,U,19670415,JPN,,
202236,Erica,Oneill,U,19721128,USA,,
202237,Susan,Russo,U,19651125,USA,,
202238,Rita,Agassi,U,19601018,USA,,
202239,Nina,Voydat,U,19610207,USA,,
202240,Donna,Rubin,U,19591005,USA,,
202241,Cissie,Donigan,U,19600108,USA,,
202242,Barbara,Hambridge,U,,RSA,,
202243,Nancy,Arendt,U,19640804,USA,,
202244,Uschi,Ulrich,U,19590818,AUT,,Q1276314
202245,Desislava,Topalova,U,19780608,BUL,,Q19664102
202246,Ines,Heise,U,19751109,GER,,Q105199460
202247,Erika,Smith,U,19631007,USA,,
202248,Cristina,Moros,U,19770210,USA,,Q84520363
202249,Terri,Oreilly,U,19680118,USA,,
202250,Patty,Murren,U,19730928,USA,,
202251,Katrina,Greenman,U,19681104,USA,,
202252,Tanja,Hauschildt,U,19721228,GER,,Q107406915
202253,Marijana,Kovacevic,R,19780720,CRO,,Q66180062
202254,Dagmar,Schafer,U,19680927,GER,,
202255,Jillian,Muller,U,19620120,SUI,,
202256,Helena,Vildova,R,19720319,CZE,,Q3129670
202257,Carmina,Giraldo,U,19760806,COL,,Q61699951
202258,Jaslyn,Hewitt,R,19830223,AUS,,
202259,Valentina,Sassi,R,19800712,ITA,,
202260,Nicole,Remis,R,19800128,AUT,,
202261,Joanna,Sakowicz Kostecka,R,19840501,POL,,Q4992447
202262,Katrina,Nimmers,U,19800530,USA,,
202263,Anne,Nguyen,R,19810420,USA,,
202264,Cory Ann,Avants,R,19850122,USA,,
202265,Mirielle,Dittmann,U,19740110,AUS,,Q56600201
202266,Kelly,Liggan,R,19790205,IRL,,Q3194905
202267,Diana,Srebrovic,R,19840722,CAN,,
202268,Montinee,Tangphong,R,19850430,THA,,Q6583776
202269,Erika,Valdes,R,19830720,MEX,,Q66123870
202270,Habiba,Ifrakh,U,19780303,MAR,,
202271,Vanessa,Krauth,R,19810520,ARG,,
202272,Ana,Timotic,R,19821230,SRB,,Q2176779
202273,Liga,Dekmeijere,R,19830521,LAT,171,Q258892
202274,Adrienn,Hegedus,U,19771226,HUN,,Q4685666
202275,Tagifano,Soonalole,U,19780307,SAM,,
202276,Shelley,Stephens,R,19780729,NZL,,Q16627851
202277,Mariana,Correa,R,19841104,ECU,,Q74303717
202278,Romy,Farah,R,19850105,COL,168,Q73704487
202279,Virag,Nemeth,R,19850619,HUN,,Q961629
202280,Olga,Kalyuzhnaya,U,19821219,RUS,,
202281,Ivanna,Israilova,R,19860204,RUS,,Q26924674
202282,Goulnara,Fattakhetdinova,U,19821013,RUS,,
202283,Anouska,Van Exel,U,19741015,NED,,Q4770442
202284,Mariona,Gallifa Puig Desens,R,19820128,ESP,,
202285,Silvana,Bauer,R,19860414,NED,,
202286,Elise,Tamaela,L,19840122,NED,,Q2718445
202287,Daniela,Kix,R,19841111,AUT,,Q1163435
202288,Elke,Clijsters,R,19850118,BEL,174,Q988904
202289,Jin Hee,Kim,U,19810614,KOR,,Q6408909
202290,Kyung Mi,Chang,U,19820225,KOR,,Q61439186
202291,Seiko,Okamoto,R,19780314,JPN,,
202292,Ayami,Takase,U,19781213,JPN,,Q56778304
202293,Jie,Hao,U,19841016,CHN,,Q5651484
202294,Yan Ze,Xie,U,19840111,CHN,,
202295,Ying,Yu,R,19820216,CHN,,Q27802208
202296,Maria Jose,Lopez Herrera,R,19841009,MEX,,Q107132272
202297,Maria,Kondratieva,R,19820117,RUS,,
202298,Feriel,Esseghir,R,19831029,ALG,,Q27538268
202299,Maria,Wolfbrandt,R,19790318,SWE,,Q26896920
202300,Meryem,El Haddad,U,19800819,MAR,,
202301,Sunitha,Rao,R,19851027,IND,170,Q3497315
202302,Maria Fernanda,Alves,L,19830417,BRA,174,Q3622605
202303,Carla,Tiene,L,19810515,BRA,,Q440063
202304,Nicole,Pitts,U,19861103,USA,178,
202305,Manisha,Malhotra,R,19760919,IND,,Q6749906
202306,Diana,Ospina,U,19790704,USA,,Q55284840
202307,Tanner,Cochran,R,19840803,USA,,
202308,Paula,Garcia,R,19790319,ESP,,Q27611285
202309,Ana Lucia,Migliarini De Leon,L,19831216,URU,,Q27464923
202310,Shadisha,Robinson,L,19850712,USA,173,
202311,Petra,Dizdar,R,19840630,CRO,175,
202312,Olga,Vymetalkova,U,19760124,CZE,,Q6279072
202313,Darija,Jurak,R,19840405,CRO,180,Q271131
202314,Leslie,Koffi,U,19870525,USA,,
202315,Beier,Ko,R,19860717,SGP,,Q105746297
202316,Maika,Ozaki,U,19841025,JPN,,
202317,Ilke,Gers,R,19811026,NZL,,Q29059723
202318,Pichittra,Thongdach,R,19870414,THA,,Q13018142
202319,Lydia,Steinbach,R,19800730,GER,,Q61663933
202320,Sandra,Klemenschits,L,19821113,AUT,173,Q443596
202321,Napaporn,Tongsalee,R,19791021,THA,,Q13015909
202322,Maki,Arai,R,19821223,JPN,,
202323,Eden,Marama,R,19860213,NZL,,Q27942095
202324,Neha,Uberoi,R,19860206,USA,170,
202325,Isha,Lakhani,L,19850429,IND,,Q13512711
202326,Ankita,Bhambri,R,19861028,IND,,Q4766071
202327,Megan,Falcon,R,19850719,USA,,
202328,Lana,Popadic,U,19830424,CRO,,
202329,Jessica,Fernandez,U,19790719,MEX,,Q17496813
202330,Maria Vanina,Garcia Sokol,R,19831227,ARG,,
202331,Vilmarie,Castellvi,R,19810321,PUR,,Q7931152
202332,Dominika,Nociarova,R,19840413,SVK,,
202333,Delia,Sescioreanu,R,19860316,ROU,170,
202334,Hanna,Nooni,R,19840309,SWE,,Q463752
202335,Antonia,Matic,R,19841231,GER,,
202336,Magdalena,Kiszczynska,R,19880414,POL,,
202337,Klaudia,Jans Ignacik,R,19840924,POL,173,Q242999
202338,Elizabeth,Kobak,R,19880603,USA,165,
202339,Ayu Fani,Damayanti,R,19881129,INA,162,Q4831752
202340,Caroline,Maes,R,19821109,BEL,167,Q2730055
202341,Melanie,Gloria,R,19870619,CAN,,
202342,Daniella,Jeflea,R,19870112,AUS,,
202343,Erica,Krauth,R,19810520,ARG,,Q22278716
202344,Magda,Mihalache,R,19810706,ROU,,Q6729804
202345,Katarina,Kachlikova,R,19850602,SVK,,
202346,Jewel,Peterson,R,19810910,USA,170,
202347,Karolina,Kosinska,R,19860617,POL,,Q6373168
202348,Lina,Stanciute,R,19860207,LTU,,Q716559
202349,Rushmi,Chakravarthi,R,19771009,IND,170,Q443581
202350,Olena,Antypina,R,19790319,UKR,,Q7086348
202351,Shayna,Mcdowell,R,19890415,AUS,,
202352,Daniela,Munoz Gallegos,R,19840130,MEX,,Q27555365
202353,Maria Jose,Argeri,R,19840716,ARG,,Q11771010
202354,Andrea,Benitez,R,19860510,ARG,,
202355,Sanja,Ancic,R,19880718,CRO,,Q6130240
202356,Nikola,Frankova,R,19880207,CZE,,
202357,Madalina,Gojnea,R,19870823,ROU,,Q2640602
202358,Irina,Kotkina,R,19860919,RUS,,Q61714969
202359,Chin Wei,Chan,R,19850108,TPE,169,Q709937
202360,Marrit,Boonstra,R,19880925,NED,,Q60679764
202361,Erika,Takao,R,19871012,JPN,,Q5389021
202362,Teodora,Mircic,R,19880303,SRB,168,Q512645
202363,Vivien,Silfany Tony,U,19890822,INA,,Q7937868
202364,Sandy,Gumulya,R,19860402,INA,161,Q4264154
202365,Lavinia,Tananta,R,19871103,INA,,Q6502743
202366,Sanaa,Bhambri,L,19880307,IND,,Q7415438
202367,Jing,Ren,U,19870915,CHN,,
202368,Tanja,Ostertag,R,19870926,GER,,
202369,Tara,Iyer,R,19880708,IND,,Q7685077
202370,Jenifer,Widjaja,R,19861207,BRA,,Q10306632
202371,Lindsey,Nelson,R,19851118,USA,,
202372,Lucia,Batta,R,19910302,HUN,,
202373,Ekaterina,Afinogenova,R,19870115,RUS,,
202374,Nicole,Kriz,R,19831213,AUS,164,
202375,Emilie,Bacquet,U,19840420,FRA,,
202376,Raquel,Kops Jones,R,19821208,USA,,Q144343
202377,Brittany,Augustine,R,19910919,USA,,
202378,Kirsten,Flower,R,19880814,USA,,
202379,Chieh Yu,Hsu,L,19920114,USA,170,Q15055721
202380,Silvia,Disderi,R,19830710,ITA,183,
202381,Ksenia,Milevskaya,R,19900809,BLR,172,Q2626949
202382,Ekaterina,Shulaeva,R,19870530,CAN,,Q29050601
202383,Eva Maria,Hoch,U,19840806,AUT,,
202384,Kyra,Shroff,R,19921017,IND,,Q27487440
202385,Shan Shan,Song,U,19870325,CHN,,Q67222798
202386,Sung Hee,Han,R,19901113,KOR,,Q12337735
202387,Vlada,Ekshibarova,R,19890314,UZB,,Q4530716
202388,Dilyara,Saidkhodjaeva,R,19900129,UZB,,Q106452067
202389,Sandra,Martinovic,R,19791004,BIH,,Q7416701
202390,Ellen,Barry,R,19890212,NZL,,Q5364751
202391,Akiko,Yonemura,U,19840125,JPN,,
202392,Melisa,Miranda Otarola,R,19880428,CHI,,Q68224527
202393,Andrea,Koch Benvenuto,R,19850426,CHI,174,Q195893
202394,Camila,Silva,R,19921030,CHI,,Q5741991
202395,Maria,Irigoyen,L,19870624,ARG,171,Q2622565
202396,Nadja,Roma,L,19880727,SWE,,Q4975293
202397,Lamia,Essaadi,R,19791003,MAR,,Q104867415
202398,Veronika,Chvojkova,R,19870331,CZE,,
202399,Margit,Ruutel,R,19830904,EST,,Q3742508
202400,Anna,Fitzpatrick,R,19890406,GBR,173,Q1972762
202401,Amanda,Elliott,R,19891101,GBR,175,
202402,Eloisa Maria,Compostizo De Andres,L,19880808,ESP,,
202403,Leticia,Costas,L,19900322,ESP,165,
202404,Maite,Gabarrus Alonso,R,19890202,ESP,,
202405,Alexis,King,L,19830331,USA,157,
202406,Natasa,Zoric,R,19891127,SRB,,
202407,Palma,Kiraly,R,19910202,HUN,,
202408,Amanda,Fink,U,19861204,USA,,
202409,Alisa,Ogorodova,R,19940318,UZB,,
202410,Sofia,Shapatava,R,19890112,GEO,170,Q1753608
202411,Sariya,Khairova,U,19870210,UZB,,
202412,Maria,Mokh,R,19901104,RUS,,
202413,Florencia,Molinero,R,19881128,ARG,170,Q2600852
202414,Catherine,Harrison,R,19940409,USA,,Q85236851
202415,Ximena,Hermoso,R,19910428,MEX,,Q8044451
202416,Nungnadda,Wannasuk,R,19891111,THA,165,Q4103406
202417,Tetiana,Luzhanska,R,19840904,USA,,
202418,Lara,Arruabarrena,R,19920320,ESP,166,Q237146
202419,Barbara,Luz,R,19930528,POR,,Q5004832
202420,An Sophie,Mestach,R,19940307,BEL,170,Q454683
202421,Alison,Van Uytvanck,R,19940326,BEL,173,Q1976217
202422,Shuko,Aoyama,R,19871219,JPN,154,Q2443685
202423,Sarah,Gronert,U,19860706,GER,,
202424,Conny,Perrin,R,19901225,SUI,174,Q5162081
202425,Samantha,Murray,R,19871009,GBR,178,Q12193601
202426,Julia,Boserup,R,19910909,USA,181,Q4992442
202427,Johanna,Konta,R,19910517,GBR,180,Q770789
202428,Kiki,Bertens,R,19911210,NED,182,Q239733
202429,Camila,Giorgi,R,19911230,ITA,168,Q34248
202430,Alize,Lim,R,19900713,FRA,173,Q1942172
202431,Tetyana,Arefyeva,R,19910309,UKR,,
202432,Hilda,Melander,R,19911201,SWE,,Q5761416
202433,Anna Giulia,Remondina,R,19890601,ITA,,Q558949
202434,Aleksandra,Krunic,R,19930315,SRB,163,Q2631763
202435,Vanda,Lukacs,U,19921208,HUN,,Q7914294
202436,Reka Luca,Jani,R,19910731,HUN,161,Q772600
202437,Anastasia,Grymalska,R,19900712,ITA,,Q4751868
202438,Ani,Mijacika,R,19870615,CRO,,Q3446755
202439,Silvia,Albano,R,19940912,ITA,,
202440,Paula,Ormaechea,R,19920928,ARG,170,Q269636
202441,Nina,Khrisanova,R,19941209,RUS,,
202442,Tatia,Mikadze,R,19880327,GEO,,Q7688056
202443,Valeria,Savinykh,R,19910220,RUS,167,Q440162
202444,Kamilla,Farhad,R,19960118,AZE,,
202445,Valeria,Solovieva,R,19921103,RUS,168,Q247192
202446,Eugenie,Bouchard,R,19940225,CAN,178,Q439032
202447,Alexandra,Mueller,R,19880214,USA,180,Q54703
202448,Zoe Gwen,Scandalis,R,19930921,USA,,Q23661760
202449,Victoria,Larriere,R,19910502,FRA,,Q452852
202450,Jana,Cepelova,R,19930529,SVK,168,Q289388
202451,Nicole,Rottmann,U,19890628,AUT,,Q7030173
202452,Yi Jing,Zhao,U,19890207,CHN,,
202453,Saisai,Zheng,R,19940205,CHN,170,Q197634
202454,Erika,Sema,R,19881124,JPN,163,Q1616797
202455,Yue Yue,Hu,U,19900313,CHN,,
202456,Alexandra,Cadantu Ignatik,R,19900503,ROU,170,Q239696
202457,Bibiane,Schoofs,R,19880513,NED,170,Q17229
202458,Ashleigh,Barty,R,19960424,AUS,166,Q84056
202459,Bojana,Bobusic,R,19871002,AUS,170,
202460,Ons,Jabeur,R,19940828,TUN,167,Q290212
202461,Julia,Cohen,R,19890323,USA,170,
202462,Karen,Castiblanco,L,19880109,COL,160,Q6369557
202463,Ines,Ferrer Suarez,U,19900601,ESP,,
202464,Yuliana,Lizarazo,R,19930523,COL,175,Q8060948
202465,Maria,Abramovic,R,19870819,CRO,,
202466,Nadia,Abdala,U,19880814,MEX,,Q13512752
202467,Elitsa,Kostova,R,19900410,BUL,172,Q3657210
202468,Jessica,Pegula,R,19940224,USA,170,Q24159
202469,Garbine,Muguruza,R,19931008,ESP,182,Q34276
202470,Annika,Beck,R,19940216,GER,170,Q77157
202471,Karen,Barbat,R,19920703,DEN,,Q1729225
202472,Laura,Thorpe,R,19870524,FRA,,
202473,Annalisa,Bona,R,19821115,ITA,,
202474,Henrietta,Habler,U,19860625,HUN,,
202475,Jasmina,Tinjic,R,19910227,BIH,,Q6161727
202476,Csilla,Borsanyi,U,19870802,HUN,,
202477,Dinah,Pfizenmaier,R,19920113,GER,171,Q63289
202478,Tara,Moore,R,19920806,GBR,163,Q1616613
202479,Grace,Min,R,19940506,USA,163,Q54542
202480,Richel,Hogenkamp,R,19920416,NED,168,Q2352456
202481,Chi Chi,Scholl,R,19920705,USA,,Q54579
202482,Barbara,Haas,R,19960319,AUT,165,Q4858938
202483,Sandra,Zaniewska,R,19920103,POL,172,Q641153
202484,Nicole,Gibbs,R,19930303,USA,168,Q53548
202485,Jana,Juricova,R,19871208,SVK,,Q6150527
202486,Mallory,Burdette,R,19910128,USA,178,
202487,Nastassja,Burnett,R,19920220,ITA,178,Q1616815
202488,Valentyna,Ivakhnenko,R,19930627,UKR,163,Q7911074
202489,Carina,Witthoeft,R,19950216,GER,176,Q6757157
202490,Rebecca,Peterson,R,19950806,SWE,173,Q6451785
202491,Varvara,Flink,R,19961213,RUS,175,Q13512756
202492,Qiang,Wang,R,19920114,CHN,172,Q4800760
202493,Ekaterine,Gorgodze,L,19911203,GEO,,Q5350353
202494,Elina,Svitolina,R,19940912,UKR,174,Q270249
202495,Jennifer,Elie,R,19860922,USA,,Q13512669
202496,Samantha,Crawford,R,19950218,USA,188,Q53398
202497,Victoria,Duval,R,19951130,USA,178,Q53414
202498,Julia,Glushko,R,19900101,ISR,171,Q1618676
202499,Donna,Vekic,R,19960628,CRO,179,Q648854
202500,Maria,Sanchez,R,19891126,USA,178,Q34398
202501,Hyun Hui,Hong,U,19911227,KOR,,Q21067290
202502,So Ra,Lee,L,19940722,KOR,172,Q16224631
202503,Luksika,Kumkhum,R,19930721,THA,167,Q539526
202504,Ying Ying,Duan,R,19890703,CHN,186,Q4706382
202505,Belinda,Bencic,R,19970310,SUI,175,Q509903
202506,Margarita,Gasparyan,R,19940901,RUS,183,Q4134097
202507,Wing Yau Venise,Chan,R,19890530,HKG,,Q7920023
202508,Yuxuan,Zhang,R,19940819,CHN,179,Q2908103
202509,Joelle,Schad,U,19730313,DOM,,Q13550755
202510,Natacha,Randriantefy,R,19780314,MAD,173,Q1634516
202511,Paulina,Sepulveda,U,19680915,CHI,,Q61864476
202512,Lucia,Gongora,U,19461023,MEX,,Q107585705
202513,Ana Maria,Ycaza,U,19510507,ECU,,Q104216579
202514,Cecilia,Rosado,U,19521003,MEX,,Q2943730
202515,Susanna,Lee,U,19660330,KOR,,Q98747577
202516,Mei Chu,Hsu,U,19660801,TPE,,Q98831689
202517,Jeong Myung,Lee,U,19670908,KOR,,Q6514143
202518,Claudia,Hernandez Salas,U,19660119,MEX,,Q62390467
202519,Ouarda,Bouchabou,U,19700531,ALG,,
202520,Julia,Muir,U,19701116,ZIM,168,Q107348101
202521,Neyssa,Etienne,R,19831031,HAI,,Q12894791
202522,Stefania,Chieppa,R,19830405,ITA,,
202523,Tatjana,Priachin,R,19870730,GER,,
202524,Giulia,Gabba,R,19870220,ITA,,
202525,Erika,Zanchetta,U,19890206,ITA,,
202526,Marina,Shamayko,R,19870803,RUS,,Q6763907
202527,Astrid,Besser,R,19890901,ITA,182,
202528,Nadege,Vergos,R,19850525,FRA,,
202529,Natalia,Orlova,R,19890325,RUS,,
202530,Maxi,Ehmer,R,19900816,GER,,
202531,Oksana,Pavlova,U,19920106,UKR,,
202532,Galyna,Kosyk,R,19881009,UKR,,
202533,Estelle,Guisard,R,19890405,FRA,,
202534,Nathalie,Mohn,R,19911121,FRA,,
202535,Karla,Mraz,R,19820728,FRA,,
202536,Ana,Bogdan,R,19921125,ROU,171,Q3614850
202537,Federica,Quercia,R,19850316,ITA,,
202538,Elena,Pioppo,R,19790521,ITA,,
202539,Alison,Bai,R,19900118,AUS,170,Q4727012
202540,Neda,Kozic,R,19851121,SRB,,
202541,Verdiana,Verardi,R,19871216,ITA,,
202542,Valentina,Sulpizio,R,19840818,ITA,,
202543,Alexia,Virgili,U,19861103,ITA,,
202544,Vivienne,Vierin,R,19910412,ITA,,
202545,Irina,Kuzmina,R,19860116,LAT,,Q13512731
202546,Tanya,Germanlieva,R,19890702,BUL,,
202547,Liana,Todorova,U,19920124,BUL,,
202548,Soledad,Esperon,R,19850208,ARG,,
202549,Erika,Clarke Magana,R,19810819,MEX,,Q56223455
202550,Anne,Yelsey,R,19850828,USA,,
202551,Eleni,Kordolaimi,R,19930307,GRE,,Q23059692
202552,Afroditi,Latinopoulou,R,19910429,GRE,,
202553,Stamatia,Fafaliou,U,19861103,GRE,,
202554,Klaudia,Boczova,R,19901222,SVK,,
202555,Stephanie,Vongsouthi,R,19880915,FRA,,
202556,Ana,Jovanovic,R,19841228,SRB,,Q455507
202557,Hulya,Esen,U,19890807,TUR,,Q22277714
202558,Veronika,Kapshay,U,19861202,UKR,175,Q7922508
202559,Anna,Korzeniak,R,19880616,POL,170,
202560,Olga,Brozda,U,19860126,POL,,
202561,Evelyn,Mayr,R,19890512,ITA,,
202562,Hanne Skak,Jensen,R,19860429,DEN,,Q5649070
202563,Pauline,Wong,R,19851123,NED,,Q7155101
202564,Anna,Smith,R,19880814,GBR,,Q2681118
202565,Yuka,Kuroda,R,19850909,JPN,,
202566,Tomoyo,Takagishi,R,19840716,JPN,,
202567,Szu Yu,Lin,R,19890927,TPE,,
202568,Yumi,Nakano,R,19880109,JPN,,
202569,Lu Ling,Chen,U,19880103,TPE,,
202570,Hao Ching,Chan,R,19930919,TPE,175,Q452915
202571,Chi Fan,Liu,R,19891125,TPE,,
202572,I Hsuan,Hwang,R,19880921,TPE,,Q21872543
202573,Wen Hsin,Hsu,R,19880613,TPE,,Q17418753
202574,Remi,Tezuka,R,19800609,JPN,,
202575,Kumiko,Iijima,R,19821022,JPN,162,
202576,Shaozhuo,Liu,L,19901031,CHN,,
202577,Florence,Haring,R,19851002,FRA,,
202578,Laura Ioana,Andrei,R,19880531,ROU,173,Q12052895
202579,Giulia,Gatto Monticone,R,19871118,ITA,177,Q3769266
202580,Federica,Di Sarra,R,19900516,ITA,,Q3741540
202581,Chanel,Simmonds,L,19920810,RSA,165,Q5071541
202582,Lizaan,Du Plessis,L,19860223,RSA,,Q56224197
202583,Megan,Moulton Levy,R,19850311,USA,152,Q2338085
202584,Leonie,Mekel,R,19831111,NED,,
202585,Marinne,Giraud,R,19860423,MRI,,Q3293297
202586,Kelly,Anderson,R,19850420,RSA,,Q6385927
202587,Natalia,Cheng,R,19890710,BRA,,
202588,Nicole,Clerico,R,19830308,ITA,173,
202589,Christi,Potgieter,R,19921015,RSA,,
202590,Lena,Litvak,R,19881115,USA,,
202591,Katie,Ruckert,R,19830503,USA,,
202592,Julia,Babilon,R,19840714,GER,,
202593,Diana,Buzean,R,19871212,ROU,,Q5271117
202594,Elena,Bogdan,L,19920328,ROU,183,Q2626148
202595,Alexandra,Damaschin,R,19910214,ROU,,Q4720614
202596,Mihaela,Buzarnescu,L,19880504,ROU,175,Q2439034
202597,Veronica,Spiegel,U,19831016,ARG,,
202598,Natalie,Piquion,R,19880918,FRA,,
202599,Alice,Moroni,R,19910221,ITA,,Q73225231
202600,Viktoriya,Tomova,R,19950225,BUL,170,Q10996110
202601,Bistra,Otashliyska,R,19910926,BUL,,
202602,Patrycja,Sanduska,R,19861125,POL,,
202603,Cindy,Chala,L,19910517,FRA,,
202604,Despina,Papamichail,R,19930209,GRE,178,Q13512708
202605,Julia,Mayr,R,19910812,ITA,,
202606,Claudia,Giovine,R,19900718,ITA,,Q5129175
202607,Yi,Chen,R,19861112,TPE,,Q16203243
202608,Akari,Inoue,U,19880804,JPN,,
202609,Yuki,Ito,R,19930825,JPN,,
202610,Aki,Yamasoto,R,19910924,JPN,,
202611,Oksana,Kalashnikova,L,19900905,GEO,184,Q197549
202612,Courtney B,Dolehide,U,19920325,USA,,
202613,Kimberly,Couts,R,19890509,USA,170,
202614,Jacqueline,Cako,R,19910830,USA,178,Q6453895
202615,Natasha,Fourouclas,R,19940131,RSA,,Q19282110
202616,Justyna,Jegiolka,U,19910917,POL,,Q5186420
202617,Ester,Goldfeld,R,19930704,USA,,
202618,Welma,Luus,R,19920520,RSA,,
202619,Ema,Burgic,R,19920822,BIH,178,Q3509738
202620,Yuliya,Kalabina,R,19900327,RUS,,
202621,Elixane,Lechemia,L,19910903,FRA,,Q64167134
202622,Lyudmyla,Kichenok,R,19920720,UKR,175,Q4222570
202623,Valentine,Confalonieri,R,19920427,ITA,,
202624,Elena,Chalova,R,19870516,RUS,171,
202625,Melanie,Maietti,R,19930527,FRA,,
202626,Stephanie,Vogt,R,19900215,LIE,167,Q271158
202627,Fiona,Gervais,U,19940106,FRA,,
202628,Maryna,Zanevska,R,19930824,BEL,175,Q2626886
202629,Gabriela,Paz,R,19910930,VEN,165,Q5515977
202630,Eleanor,Peters,U,19880626,USA,,
202631,Lara,Michel,L,19911224,SUI,173,Q13359484
202632,Sarah Ellen,Hofmann,U,19910825,GER,,
202633,Nina,Zander,R,19900126,GER,170,
202634,Chen,Liang,R,19890225,CHN,172,Q18062194
202635,Jin A,Lee,L,19850310,KOR,,Q6514164
202636,Zuzana,Zlochova,R,19900124,SVK,,Q231245
202637,Shivika,Burman,R,19891021,IND,,
202638,Chiaki,Okadaue,U,19861029,JPN,,
202639,Akiko,Omae,R,19930129,JPN,162,Q21622265
202640,Irina,Ramialison,R,19910609,FRA,158,Q16947762
202641,Natalia,Ryzhonkova,R,19910404,RUS,,
202642,Gioia,Barbieri,R,19910709,ITA,170,Q3765057
202643,Yasmin,Schnack,R,19880504,USA,178,
202644,Ting Fei,Juan,U,19920828,TPE,,Q26207477
202645,Jessy,Rompies,R,19900414,INA,160,Q6187937
202646,Ana Clara,Duarte,R,19890611,BRA,163,Q4750294
202647,Madrie,Le Roux,R,19950419,RSA,,Q13512773
202648,Zarah,Razafimahatratra,R,19940824,MAD,,Q8066586
202649,Lynn,Kiro,R,19950806,RSA,,Q13512769
202650,Gally,De Wael,R,19911016,BEL,,
202651,Lisa,Whybourn,R,19910511,GBR,,Q6558491
202652,Kim Alice,Grajdek,U,19910330,GER,,
202653,Denisa,Allertova,R,19930307,CZE,180,Q16725789
202654,Martina,Pradova,R,19910127,CZE,,
202655,Gesa,Focke,R,19920411,GER,,
202656,Estelle,Cascino,R,19960313,FRA,,Q64148575
202657,Dijana,Banovec,R,19920804,CRO,,
202658,Audrey,Bergot,R,19850201,FRA,175,
202659,Tereza,Mrdeza,R,19901114,CRO,173,Q5212359
202660,Jade,Windley,R,19900422,GBR,,
202661,Lucy,Brown,R,19930111,GBR,,
202662,Camilla,Rosatello,R,19950528,ITA,,Q29555684
202663,Magda,Linette,R,19920212,POL,171,Q722311
202664,Roxane,Vaisemberg,L,19890725,BRA,170,Q4102553
202665,Jessica,Ginier,R,19921021,FRA,,
202666,Nicola,Geuer,R,19880302,GER,167,
202667,Natela,Dzalamidze,R,19930227,RUS,,Q19282036
202668,Sina,Haas,R,19920921,GER,,Q19899688
202669,Cristina,Dinu,R,19930118,ROU,,Q5186338
202670,Elora,Dabija,R,19910609,ROU,,
202671,Cristina Andreea,Mitu,R,19910922,ROU,175,Q3697548
202672,Ekaterina,Yashina,R,19930806,RUS,173,Q5350350
202673,Anastasiya,Yepisheva,U,19960422,KAZ,,
202674,Alexandra,Romanova,R,19930430,RUS,,
202675,Aselya,Arginbayeva,R,19920712,KAZ,,
202676,Prerna,Bhambri,U,19920912,IND,,Q7240690
202677,Ekaterina,Klyueva,R,19960602,KAZ,,Q23661763
202678,Polina,Pekhova,R,19920321,BLR,181,
202679,Yuliya,Lysa,L,19950514,UKR,,
202680,Maria,Zharkova,R,19880507,RUS,173,
202681,Gabriela,Dabrowski,R,19920401,CAN,175,Q5515953
202682,Sara,Eccel,R,19940704,ITA,,
202683,Wan Ting,Liu,R,19890216,CHN,,Q4801752
202684,Lin,Zhu,R,19940128,CHN,173,Q17319111
202685,Misa,Eguchi,R,19920418,JPN,173,Q15700787
202686,Di,Zhao,U,19930105,CHN,,
202687,Ran,Tian,R,19940108,CHN,,Q18128726
202688,Isabella,Shinikova,R,19911025,BUL,184,Q6078092
202689,Vaszilisza,Bulgakova,U,19930225,HUN,,
202690,Hristina,Dishkova,R,19931111,GER,,
202691,Ani,Vangelova,U,19930714,BUL,,Q66684985
202692,Radina,Dimitrova,U,19970612,BUL,,
202693,Ya Hsuan,Lee,R,19950720,TPE,165,Q18637630
202694,Teliana,Pereira,R,19880720,BRA,168,Q34410
202695,Aleksandrina,Naydenova,R,19920229,BUL,170,Q4715613
202696,Federica,Grazioso,R,19890122,ITA,,
202697,Anne Liz,Jeukeng,U,19960526,USA,,
202698,Alessondra,Parra,R,19900906,USA,,
202699,Ryann,Foster,U,19960723,USA,,
202700,Simone,Pratt,R,19960106,BAH,,Q16219268
202701,Irina,Khromacheva,L,19950512,RUS,170,Q2187618
202702,Tereza,Smitkova,R,19941010,CZE,176,Q13377560
202703,Constance,Sibille,R,19901109,FRA,,Q16947785
202704,Rocio,De La Torre Sanchez,U,19901019,ESP,,Q22236572
202705,Veronica,Cepede Royg,R,19920121,PAR,163,Q438508
202706,Manon,Arcangioli,R,19940828,FRA,162,Q19938320
202707,Myrtille,Georges,R,19901221,FRA,174,Q6948568
202708,Lucie,Schmidhauser,U,19720406,USA,,
202709,Jessica,Lehnhoff,R,19800315,GUA,,Q47087780
202710,Olga,Lazarchuk,R,19811203,UKR,,
202711,Antoaneta,Pandjerova,R,19770622,BUL,,Q12272133
202712,Raissa,Gourevitch,R,19840301,RUS,,
202713,Elena,Kovalchuk,U,19820802,UKR,,
202714,Marina,Lazarovska,U,19780729,MKD,,Q6763856
202715,Alena,Paulenkova,U,19790105,SVK,,Q66606856
202716,Helen,Crook,U,19711120,GBR,,Q52051487
202717,Katarina,Misic,U,19760205,SRB,,Q26896900
202718,Nino,Esebua,U,19840424,GEO,,
202719,Kelly S,Wilson,R,19730905,USA,,Q62109553
202720,Ximena,Rodriguez,U,19760915,COL,,Q55237999
202721,Carolina,Mayorga,U,19780801,COL,,
202722,Sandrine,Bouilleau,U,19770910,FRA,,
202723,Zuzana,Valekova,U,19790823,SVK,,Q8075481
202724,Andrea,Bilic,U,19750606,CRO,,
202725,Gabriela,Navratilova,U,19760602,CZE,,
202726,Katarina,Valkyova,U,19791028,SVK,,
202727,Silvia,Urickova,U,19800526,SVK,,
202728,Fruzsina,Siklosi,U,19790422,GER,,
202729,Meike,Frohlich,U,19790710,GER,,Q105178964
202730,Gabriela,Volekova,R,19810310,SVK,,
202731,Agnes,Anwar,U,19700925,FRA,,
202732,Maria Fernanda,Landa,U,19750729,ARG,,Q47519464
202733,Marcia,Gaspar,U,19801030,POR,,
202734,Elitza,Paunova,U,19720503,TUR,,
202735,Alida,Gallovits,U,19781106,ROU,,
202736,Aysu,Cuhaci,U,19820106,TUR,,
202737,Laura,Fodorean,U,19780108,ITA,,
202738,Isil,Cayirli,U,19780217,TUR,,
202739,Kristina,Kraszewski,U,19790811,USA,,
202740,Wendy,Fix,U,19750131,USA,,
202741,Julie,Thu,U,19751016,USA,,Q56631112
202742,Danira,Penic,U,19810702,CRO,,
202743,Sai Jayalakshmy,Jayaram,R,19770216,IND,,Q26897029
202744,Eva,Belbl,R,19780503,GER,,
202745,Uzma,Khan,U,19800919,IND,,
202746,Natalie,Cahana,R,19781202,ISR,,Q62046085
202747,Shruti,Dhawan,U,19820328,IND,,Q106953390
202748,Tomoe,Hotta,U,19750416,JPN,,Q66764106
202749,Archana,Venkataraman,R,19781011,IND,,
202750,Vanessa,Devesa,U,19800926,ESP,,
202751,Gabriela,Kucerova,U,19771128,GER,,Q62268821
202752,Aurandrea,Narvaez,U,19791121,USA,,
202753,Esme,De Villiers,U,19760105,RSA,178,Q3335681
202754,Brandis,Braverman,R,19800213,USA,,
202755,Sylwia,Rynarzewska,U,19760614,POL,,Q60957276
202756,Megan,Russell,U,19781224,USA,,
202757,Alyssa,Cohen,R,19821119,USA,,
202758,Jennifer,Russell,U,19780807,USA,,
202759,Jennifer,Magley,R,19840217,USA,,
202760,Candice,Fuchs,U,19820331,USA,,
202761,Michelle,Faucher,U,19780119,USA,,
202762,Christina,Fitz,U,19820110,GER,,
202763,Marielle,Hoogland,U,19820127,NED,,
202764,Urska,Vesenjak,U,19820912,SLO,,
202765,Anna,Bastrikova,R,19851115,RUS,,
202766,Nicole,Rencken,R,19810612,RSA,,Q56224195
202767,Elena,Yaryshka,U,19811207,BLR,,Q26845358
202768,Ekaterina,Kozhokhina,R,19830427,RUS,,
202769,Irina,Bulykina,U,19840520,RUS,,
202770,Masa,Vesenjak,U,19820912,SLO,,
202771,Oksana,Karyshkova,U,19830711,RUS,,
202772,Monika,Krauze,R,19840411,POL,,
202773,Magdelena,Zdenovcova,U,19780517,CZE,,Q6729913
202774,Ka Po,Tong,U,19810317,HKG,,Q56778563
202775,Elodie,Le Bescond,U,19800212,FRA,,Q27654940
202776,Stephanie,Rizzi,R,19810823,FRA,,
202777,Kristy,Dascoli,U,19790517,USA,,
202778,Nana,Urotadze,U,19860619,GEO,,
202779,Tinatin,Kavlashvili,R,19870209,GEO,,Q96480001
202780,Andrea,Remynse,R,19881006,USA,,
202781,Stefanie,Haidner,R,19771118,AUT,,Q2338192
202782,Lauren,Kalvaria,R,19800829,USA,,
202783,Andrea,Van Den Hurk,U,19790626,NED,,
202784,Iris,Ichim,R,19850613,USA,,
202785,Dimana,Krastevitch,L,19820326,BUL,,Q12278113
202786,Aurelija,Miseviciute,R,19860424,LTU,,Q26705187
202787,Tatsiana,Uvarova,U,19850725,BLR,,Q27983357
202788,Kildine,Chevalier,R,19800630,FRA,,Q27667053
202789,Salome,Devidze,R,19860102,GEO,,Q16206875
202790,Lucia,Krzelj,U,19841226,CRO,,
202791,Debbrich,Feys,R,19841220,BEL,,Q2167897
202792,Michaela,Michalkova,U,19851029,SVK,,
202793,Emmanuelle,Edon,R,19840105,FRA,,
202794,Tereza,Veverkova,R,19840615,CZE,,
202795,Marina,Caiazzo,U,19800522,FRA,,
202796,Laurence,Combes,U,19780806,FRA,,
202797,Gaelle,Widmer,L,19771224,SUI,,Q12313420
202798,Matea,Mezak,R,19850305,CRO,183,Q6786354
202799,Audrey,Hernandez,U,19820804,FRA,,
202800,Jennifer,Tuchband,U,19810718,USA,,
202801,Ali,Van Horne,U,19870923,USA,,
202802,Nicole,Leimbach,U,19851124,USA,,
202803,Kaysie,Smashey,R,19800411,USA,,
202804,Iva,Saric,R,19830919,CRO,,
202805,Natalia,Garbellotto,R,19840201,ARG,,Q60777551
202806,Adriana,Gonzalez Penas,R,19860330,ESP,,
202807,Lourdes,Pascual Rodriguez,U,19850929,ESP,,
202808,Nuria,Roig Tost,R,19840419,ESP,,
202809,Pascale,Leroy,U,19840404,FRA,,
202810,Marta,Fraga Perez,R,19850204,ESP,,
202811,Melanie,Cohen,R,19830223,FRA,,
202812,Erica,Biro,L,19800220,CAN,,
202813,Sofia,Melikishvili,U,19870511,GEO,,
202814,Krystina,Marcio,R,19880510,USA,,
202815,Emily,Stellato,R,19820531,ITA,,
202816,Elisa,Villa,U,19800609,ITA,,
202817,Simona Iulia,Matei,R,19850707,ROU,,Q7520206
202818,Samia,Medjahdi,R,19850106,ALG,,Q27244454
202819,Riza,Zalameda,R,19860210,USA,,
202820,Sarah,Riske,U,19810627,USA,,
202821,Kristina,Michalakova,R,19850530,SVK,,
202822,Ia,Jikia,L,19890812,GEO,,
202823,Mariana,Muci Torres,R,19880215,VEN,,Q67190564
202824,Katerina,Avdiyenko,R,19860926,UKR,,
202825,Bianca Ioana,Bonifate,L,19881025,ROU,,
202826,Gabriela,Velasco Andreu,R,19850401,ESP,,
202827,Franziska,Etzel,R,19831222,GER,,
202828,Larissa,Carvalho,R,19850309,BRA,,Q10316395
202829,Megan,Bradley,U,19830326,USA,,
202830,Eugenia,Grebenyuk,R,19880210,RUS,,
202831,Elena,Gantcheva,R,19850630,BUL,,
202832,Katerina,Kramperova,R,19881228,CZE,,Q6376031
202833,Olga,Panova,R,19870107,RUS,,
202834,Story,Tweedie Yates,U,19830502,USA,,
202835,Matilde,Munoz Gonzalves,U,19850903,ESP,,
202836,Sandra,Soler Sola,R,19900524,ESP,,
202837,Yera,Campos Molina,R,19900605,ESP,,
202838,Christina,Fusano,R,19801127,USA,163,
202839,Vladimira,Uhlirova,R,19780504,CZE,,
202840,Sabrina,Jolk,R,19820617,GER,,
202841,Alicja,Rosolska,R,19851201,POL,166,Q254232
202842,Sandra,Volk,U,19851027,SLO,,Q15220164
202843,Yi Ching,Chen,U,19900702,TPE,,
202844,Yui Lynn,Miao,U,19920115,TPE,,
202845,Vojislava,Lukic,R,19870331,SRB,,Q264584
202846,Nuria,Sanchez Garcia,R,19870330,ESP,,
202847,Sabina,Mediano Alvarez,U,19820330,ESP,,
202848,Sandhya,Nagaraj,R,19880830,IND,,
202849,Sara,Del Barrio Aragon,R,19870410,ESP,,
202850,Ekaterina,Dranets,R,19870705,RUS,,
202851,Diana,Nakic,U,19880507,SLO,,
202852,Karolina,Jovanovic,R,19880213,SRB,,
202853,Mirna,Marinovic,R,19890513,CRO,,
202854,Aleksandra,Srndovic,U,19821118,SWE,,
202855,Andrea,Berkova,R,19900424,CZE,,
202856,Stephanie,Baldinucci,R,19910825,LUX,,
202857,Ria,Sabay,R,19850926,GER,,
202858,Anne,Schaefer,R,19870301,GER,,Q95876
202859,Julia,Landauer,R,19920211,GER,,
202860,Stacia,Fonseca,R,19850921,USA,178,
202861,Tomoko,Sugano,U,19801204,JPN,,
202862,Anastasia,Poltoratskaya,R,19880804,RUS,166,
202863,Natsumi,Hamamura,R,19840629,JPN,,
202864,Amina,Rakhim,R,19890222,KAZ,,Q4746347
202865,Ni,Zhou,U,19900104,CHN,,
202866,Katharina,Brown,R,19900314,GBR,,
202867,Aleksandra,Malyarchikova,U,19890102,BLR,,
202868,Stefania,Boffa,R,19880809,SUI,175,Q509704
202869,Nicole,Thyssen,R,19880605,NED,176,Q1987109
202870,Rebeca,Bou Nogueiro,R,19870307,ESP,,
202871,Charlotte,Rodier,R,19910131,FRA,,
202872,Varvara,Galanina,R,19860418,RUS,,
202873,Ana,Savic,U,19891009,CRO,,Q4750500
202874,Chayenne,Ewijk,R,19880817,NED,,Q21284936
202875,Iveta,Gerlova,R,19840614,CZE,,
202876,Simona,Dobra,R,19870624,CZE,,
202877,Nikolina,Grbac,R,19921116,CRO,,
202878,Indire,Akiki,R,19910625,CRO,,
202879,Tiffany,Cornelius,R,19890113,LUX,,Q27355602
202880,Soetkin,Van Deun,R,19880906,BEL,,
202881,Elisa,Balsamo,U,19830812,ITA,,
202882,Maya,Gaverova,U,19890510,RUS,,
202883,Katerina,Popova,U,19930506,RUS,,
202884,Elena,Kulikova,U,19910506,RUS,,
202885,Mishel,Kenin,U,19930123,RUS,,
202886,Sherazad,Benamar,L,19890403,FRA,,
202887,Samantha,Vickers,U,19910708,GBR,,
202888,Jade,Curtis,R,19900502,GBR,,
202889,Yasmin,Clarke,R,19900803,GBR,,
202890,Agustina,Lepore,R,19880908,ARG,,
202891,Mari,Tanaka,R,19870111,JPN,,
202892,Ayaka,Maekawa,U,19830823,JPN,,
202893,Dominice,Ripoll,R,19891212,GER,,
202894,Justine,Ozga,R,19880131,GER,,
202895,Ayumi,Oka,U,19860313,JPN,,
202896,Yurina,Koshino,U,19880516,JPN,,
202897,Sarah,Moundir,U,19920529,SUI,,Q7905378
202898,Romana Caroline,Tabak,R,19910507,SVK,,
202899,Cassandra,Barr,R,19821019,AUS,,
202900,Maria Fernanda,Alvarez Teran,R,19890228,BOL,174,Q3292179
202901,Antonela,Susak,R,19920403,CRO,,
202902,Marija,Mirkovic,R,19900223,AUS,,
202903,Shannon,Golds,R,19861003,AUS,165,
202904,Jocelyn,Rae,R,19910220,GBR,188,Q4992477
202905,Stephanie,Cornish,R,19911120,GBR,,
202906,Kaitlyn,Christian,R,19920113,USA,175,Q14751169
202907,Chloe,Jones,R,19900201,USA,168,
202908,Miyabi,Inoue,R,19911119,JPN,,Q21063181
202909,Katarina,Marackova,R,19900616,SVK,,
202910,Yuliya,Lyndina,R,19880919,UKR,,
202911,Anastasiya,Vasylyeva,L,19920118,UKR,182,Q4751948
202912,Katarena,Paliivets,R,19920130,CAN,,
202913,Jara,Ghadri,R,19890227,GER,,
202914,Jessica,Cohen,U,19911219,FRA,,
202915,Alexandra,Moreno Kaste,R,19921117,COL,,
202916,Georgina,Garcia Perez,U,19920513,ESP,187,Q21402261
202917,Raluca Elena,Platon,R,19930611,ROU,,
202918,Danielle,Harmsen,L,19860125,NED,,
202919,Chang,Liu,R,19900801,CHN,160,Q16219267
202920,Yi,Zhong,R,19920622,CHN,,
202921,Shiho,Akita,R,19900118,JPN,155,Q23661790
202922,Michaela,Honcova,R,19921222,SVK,,Q1930044
202923,Amanda,Mcdowell,U,19870902,USA,,
202924,Anastasia,Kharchenko,R,19891212,UKR,,
202925,Francesca,Stephenson,R,19930823,GBR,,Q22236738
202926,Kelcy,Mckenna,U,19890411,USA,,
202927,Kun Hee,Kim,U,19891013,KOR,,
202928,Kotomi,Takahata,L,19891117,JPN,,Q18211572
202929,Korina,Perkovic,R,19870414,GER,170,
202930,Jessica,Roland Rosario,R,19820601,PUR,,Q56223466
202931,Nicola,George,R,19920825,GBR,,
202932,Marta,Sirotkina,R,19910322,RUS,170,
202933,Celine,Cattaneo,R,19820220,FRA,,
202934,June,Lee,U,19950619,USA,,
202935,Krista,Hardebeck,R,19940914,USA,,
202936,Kanae,Hisami,R,19870128,JPN,,Q13512714
202937,Yuka,Higuchi,U,19870504,JPN,,
202938,Zuzana,Luknarova,R,19910701,SVK,,
202939,Makoto,Ninomiya,R,19940528,JPN,157,Q6739952
202940,Adria,Engel,U,19791221,USA,168,Q105952916
202941,Susie,Starrett,U,19721210,USA,,
202942,Maricris,Gentz,U,19790723,PHI,,Q106937505
202943,Evagelia,Roussi,U,19790516,GRE,,Q96603085
202944,Ariadne,Katsouli,R,19781023,GRE,,
202945,Kori,Davidson,U,19731101,USA,,
202946,Christina,Zachariadou,R,19740828,GRE,,Q20195493
202947,Isabell,Quast,U,19751217,GER,,
202948,Elizabeth,Schmidt,U,19770823,USA,173,Q98099185
202949,Marina,Samolenko,U,19820526,RUS,,
202950,Virginie,Massart,U,19760418,FRA,,
202951,Stephanie,Testard,U,19761012,FRA,,
202952,Eszter,Molnar,U,19781127,HUN,,Q5402323
202953,Laetitia,Sanchez,U,19810124,FRA,,
202954,Jyotsna,Vasisht,U,19790404,IND,,
202955,Agnes,Wiski,U,19800801,USA,,
202956,Tina,Plivelitsch,U,19780328,GER,,
202957,Madoka,Kuki,U,19760619,JPN,,
202958,Claudia,Hoffmann Timm,U,19730504,GER,,
202959,Ildiko,Stadler,U,19810227,HUN,,
202960,Ilda,Saulic,U,19781208,YUG,,
202961,Adriana,Basaric,U,19820217,BIH,,Q105985881
202962,Lana,Miholcek,U,19810307,CRO,,
202963,Nina,Nittinger,U,19760616,GER,,Q66132369
202964,Alice,Barnes,R,19840123,GBR,,
202965,Cecile,De Winne,U,19761127,FRA,,
202966,Courtenay,Chapman,U,19770227,USA,,
202967,Dee Dee,Herring,U,19790211,USA,,
202968,Camilla,Kremer,U,19771028,GER,,
202969,Carine,Bornu,U,19750428,FRA,,Q66684963
202970,Katrin,Ittensohn,U,19760529,GER,,
202971,Andrea,Noszaly,U,19700107,HUN,,Q62794679
202972,Adriana,Jerabek,U,19830828,GER,,
202973,Anna Karin,Svensson,U,19740508,SWE,,Q56678410
202974,Brigitte,Loogen,U,19770912,GER,,
202975,Lucie,Steflova,U,19760907,CZE,,
202976,Jana,Macurova,U,19781014,CZE,,Q6150546
202977,Tanja,Karsten,U,19770313,GER,,
202978,Linda,Sentis,U,19771101,NED,,
202979,Aurora,Gima,U,19741107,USA,,Q98396973
202980,Keirsten,Alley,U,19730917,USA,,Q66716299
202981,Melissa,Beadman,U,19750730,AUS,,
202982,Ingrid,Kurta,U,19730602,USA,,
202983,Chisayo,Ito,U,19810710,JPN,,
202984,Yang Jin,Chung,R,19781106,KOR,,Q62022523
202985,Marie,Yamabe,U,19810811,JPN,,
202986,Kaori,Aoyama,U,19810826,JPN,,
202987,Maiko,Inoue,R,19790205,JPN,,Q66085205
202988,Kyung Yee,Chae,U,19801002,KOR,,Q61442390
202989,Caroline,Raba,R,19840317,GER,,
202990,Kyung Joo,Won,U,19780905,KOR,,
202991,Geraldine,Aizenberg,U,19780131,ARG,,Q66133285
202992,Tomomi,Sumi,U,19770516,JPN,,
202993,Sachie,Umehara,U,19781126,JPN,,
202994,Sachiyo,Hirayama,U,19770610,JPN,,
202995,Kumi,Hagino,U,19770531,JPN,,
202996,Bucke Enda,Yavuz,U,19810629,TUR,,
202997,Yvonne,Doyle,U,19741207,IRL,,Q55638173
202998,Daniela,Cocos,U,19770122,ROU,,
202999,Eugenia,Maia,U,19740426,BRA,,Q66310881
203000,Katrin,Kilsch,U,19750203,GER,,
203001,Marieke,Gunawan,U,19781014,INA,,
203002,Karin,Palme,R,19771227,MEX,,Q6458229
203003,Vinca,Rampen,U,19791108,INA,,
203004,Wukirasih,Sawondari,R,19801120,INA,173,Q8039138
203005,Stephanie,Chi,U,19761207,USA,,
203006,Nikola,Hubnerova,R,19790607,CZE,,
203007,Irawati,Iskandar,U,19691031,INA,,Q6068348
203008,Miyako,Ataka,U,19690405,JPN,,
203009,Sara,Pritchard,U,19770113,USA,,
203010,Ryoko,Takemura,U,19760602,JPN,,Q66047525
203011,Lori,Grey,U,19810731,USA,,
203012,Milangela,Morales,R,19811209,USA,,
203013,Brooke,Skeen,U,19790101,USA,,
203014,Lauren,Barnikow,R,19820521,USA,,
203015,Amanda,Augustus,L,19780119,USA,,Q54959185
203016,Kelley,Hyndman,U,19850922,USA,,
203017,Kavitha,Krishnamurthy,U,19811018,CAN,,
203018,Laura,Montalvo,U,19760329,ARG,173,Q468423
203019,Maria Julieta,Lillo,U,19780829,ARG,,
203020,Cintia,Tortorella,R,19761210,ARG,,Q67117219
203021,Anne Laure,Heitz,U,19820315,FRA,,
203022,Monica,Scartoni,U,19780420,ITA,,
203023,Berengere,Karpenschif,U,19751019,FRA,,
203024,Andrea,Sebova,U,19800904,SVK,,Q66086947
203025,Sabine,Haas,U,19750424,GER,,Q17291004
203026,Meredith,Geiger,U,19720604,USA,,
203027,Jackie,Carleton,U,19840111,USA,,
203028,Nathalie,Callen,U,19770529,FRA,,
203029,Katrina,Saarinen,U,19720825,FIN,,Q13553
203030,Eva,Sestakova,U,19780422,SVK,,
203031,Megan,Dorney,U,19780427,USA,,
203032,Amanda,Johnson,U,19811126,USA,,
203033,Keiko,Tameishi,U,19770422,JPN,,
203034,Lara,Van Rooyen,U,19791204,RSA,,
203035,Anna,Linkova,U,19770122,RUS,,Q4767226
203036,Irina,Kornienko,R,19780116,RUS,,Q96591952
203037,Jennifer,Tinnacher,U,19810308,GER,,
203038,Oksana,Melnichenko,U,19790112,RUS,,
203039,Elena,Voropaeva,U,19800726,RUS,,
203040,Julia,Kryoukova,U,19790317,RUS,,
203041,Ekaterina,Tikhankina,U,19790604,RUS,,
203042,Polina,Galanina,U,19770524,RUS,,
203043,Danica,Kovacova,U,19740411,SVK,,
203044,Maria,Boboedova,U,19790525,RUS,,
203045,Olga,Ivlieva,U,19770729,RUS,,
203046,Graciela,Velez,U,19770629,MEX,,Q96309729
203047,Cecilia,Hincapie,U,19761120,COL,,Q76846299
203048,Cammy,Foley,U,19701225,USA,,
203049,Ditta,Huber,U,19751226,USA,,
203050,Hanneke,Ketelaars,U,19740417,NED,,Q67572758
203051,Satomi,Kinjo,U,19801013,JPN,,
203052,Eun Jeong,Lee,U,19761027,KOR,,
203053,Jin Young,Choi,U,19790824,KOR,,Q61439985
203054,Da Jung,Hong,R,19860203,KOR,,
203055,Eun Young,Ha,R,19791022,KOR,,
203056,An Na,Lee,R,19820915,KOR,,
203057,Eun Kyung,Kim,U,19781201,KOR,,
203058,Yoshiko,Sasano,U,19731017,JPN,,
203059,Alice,Pirsu,U,19790516,ROU,,Q60655170
203060,Olga,Mikhailova,U,19820313,RUS,,
203061,Ewa,Radzikowska,U,19791123,POL,,Q60957605
203062,Yu An,Chen,U,19800501,TPE,,
203063,Julie,Huang,U,19771005,TPE,,
203064,Hsueh Li,Hsu,U,19770408,TPE,,Q66789612
203065,Jasmine,Choudhury,U,19780405,GBR,,
203066,Limor,Gabai,U,19740317,ISR,,
203067,Irina,Yarikova,U,19800425,UZB,,
203068,Natalia,Nikitina,U,19780405,UZB,,
203069,Elena,Krutko,U,19761117,LAT,,Q106844164
203070,Elpis,Alexandrou,U,19760213,GRE,,
203071,Jenny Ann,Fetch,U,19770820,AUS,,
203072,Jennifer,Poulos,U,19731228,USA,,
203073,Caroline,Bodart,U,19691219,BEL,,
203074,Maria Florencia,Cianfagna,U,19740130,ARG,,Q67200565
203075,Maria Noel,Losada,U,19760225,ARG,,
203076,Pamela,Zingman,U,19761106,ARG,,
203077,Krissy,Hamilton Heinberg,U,19791211,USA,,
203078,Michelle,Gough,U,19791219,RSA,,
203079,Diana,Gherghi,U,19791104,ROU,,
203080,Nadia,Johnston,R,19771023,AUS,,
203081,Inga,Albers,U,19780106,GER,,
203082,Nicole,Melch,U,19780429,AUT,,
203083,Stephanie,Schaer,U,19791110,VEN,,Q107351821
203084,Daniela,Olivera,U,19801210,URU,,Q27468494
203085,Jenny,Zambrano,R,19840228,COL,,
203086,Luisa,Obando,R,19840524,COL,,
203087,Sabrina,Eisenberg,R,19831214,ARG,,
203088,Naoko,Ishikawa,U,19781104,JPN,,
203089,Kristen,Van Elden,U,19810918,AUS,,
203090,Yoo Mi,Jung,R,19840417,KOR,,
203091,Yumiko,Kitamura,U,19710420,JPN,,
203092,Aurore,Desert,U,19820324,FRA,,
203093,Elsa,Morel,U,19800222,FRA,,
203094,Petra,Russegger,R,19790430,AUT,,
203095,Ioana,Gaspar,R,19830417,ROU,,Q6061900
203096,Olivia,Crouchent,R,19820614,FRA,,
203097,Mia,Buric,R,19820523,GER,,
203098,Leslie,Butkiewicz,R,19820526,BEL,,Q3236688
203099,Emilie,Trouche,R,19850817,FRA,,
203100,Lyndsay,Reilly,U,19790219,GBR,,
203101,Annabel,Blow,L,19830701,GBR,,
203102,Maria Rosa,Sitja Gibert,U,19831213,ESP,,
203103,Gemma,Olle Poma,U,19850503,ESP,,
203104,Annica,Cooper,U,19780902,USA,,
203105,I Ting,Wang,U,19811121,TPE,,Q108749272
203106,Eun Mi,Oh,R,19820701,KOR,,
203107,Joo Hee,Lee,U,19820401,KOR,,
203108,Ayako,Suzuki,U,19810826,JPN,,
203109,Sae Mi,Lim,R,19840617,KOR,,
203110,Mi Ok,Kim,R,19781001,KOR,,Q66793694
203111,Eun Sook,Kim,U,19800720,KOR,,
203112,Seon Ja,Yoo,U,19790810,KOR,,
203113,Eun Joo,Kang,U,19810824,KOR,,
203114,Tory,Zawacki,R,19850618,USA,,
203115,Natalia,Dziamidzenka,U,19831109,BLR,,
203116,Dianne Kenneth,Matias,U,19850202,PHI,,Q108605205
203117,Jenny,Belobrajdic,U,19820603,AUS,,
203118,Mari,Mizuno,U,19830119,JPN,,
203119,Melisa,Arevalo,U,19800114,ARG,,
203120,Alexandra,Kravets,R,19831029,UKR,,
203121,Emilie,Scribot,U,19801103,FRA,,
203122,Anna,Gil Mares,U,19860624,ESP,,
203123,Romina,Sceats,R,19830801,GBR,,
203124,Claudia,Ivone,U,19820614,ITA,,
203125,Rochelle,Rosenfield,R,19810219,AUS,,
203126,Haruka,Fujishiro,R,19840409,JPN,,
203127,Whitney,Deason,R,19860123,USA,,
203128,Margot,Torre,R,19860528,ITA,,
203129,Sarah,Witten,U,19801121,USA,,
203130,Jessyca,Arthur,U,19800826,USA,,
203131,Giorgia,Mondani,R,19840430,ITA,,
203132,Jolanda,Mens,R,19780204,NED,180,Q66360536
203133,Kana,Watanabe,U,19860617,JPN,,
203134,Laura,Rocchi,L,19851110,FRA,,
203135,Sylvia,Montero,R,19850630,FRA,,
203136,Delphine,De Winne,U,19790917,FRA,,
203137,Rita,Degli Esposti,U,19750505,ITA,,
203138,Raffaella,Bindi,U,19790318,ITA,,
203139,Beau,Jones,U,19800626,USA,,
203140,Bruna,Colosio,U,19801013,BRA,,Q9667358
203141,Astrid,Waernes Garcia,R,19850106,ESP,,
203142,Verena,Beller,U,19840804,GER,,
203143,Nicole,Sewell,R,19810104,AUS,,
203144,Katrina,Tsang,U,19880707,USA,,
203145,Rui,Du,R,19870103,CHN,,
203146,Servane,Delobelle,U,19840801,FRA,,
203147,Wei Juan,Liu,U,19830228,CHN,,Q6653759
203148,Shu Jing,Yang,U,19841005,CHN,,Q56690607
203149,Stephanie,Hazlett,U,19790129,USA,,
203150,Mayumi,Yamamoto,U,19821010,JPN,,
203151,Daria,Chemarda,R,19860114,RUS,,
203152,Maria,Zlydnikova,U,19890103,RUS,,
203153,Norie,Kojima,U,19841210,JPN,,
203154,Jennifer,Stevens,U,19881123,USA,,
203155,Annette,Kolb,R,19830914,GER,,
203156,Jennifer,Schmidt,R,19821223,AUT,,
203157,Amandine,Singla,U,19820618,FRA,,
203158,Jessica,Nguyen,R,19871124,USA,,
203159,Giorgia,Mortello,R,19840323,ITA,,
203160,Nadja,Pavic,R,19850913,CRO,,
203161,Sarah,Fansler,U,19880209,USA,,
203162,Kim Anh,Nguyen,R,19831004,USA,,
203163,Julia,Efremova,R,19850214,RUS,183,
203164,Salome,Chachkhunashvili,U,19890529,GEO,,
203165,Natalia,Bogdanova,L,19840528,UKR,,
203166,Yana,Levchenko,U,19871123,UKR,,
203167,Yulia,Ustyuzhanina,R,19840219,UKR,,
203168,Maria,Arkhipova,R,19850602,RUS,,
203169,Ellah,Nze,R,19881122,USA,,
203170,Lauren,Fisher,R,19820914,USA,,
203171,Link,Leskosky,U,19861125,USA,,
203172,Aleke,Tsoubanos,R,19820427,USA,168,
203173,Kendra,Strohm,U,19831118,USA,,
203174,Charlene,Vanneste,R,19860727,FRA,,
203175,Tessy,Van De Ven,U,19830708,NED,,Q2750591
203176,Dan,Yu,U,19840127,CHN,,
203177,Wen Hao,Wu,U,19840126,CHN,,
203178,Lei,Huang,U,19860310,CHN,,
203179,Quan,Gao,R,19860330,CHN,,
203180,Yan Hua,Dong,R,19830518,CHN,,
203181,Vanessa,Pinto,R,19870413,GER,,
203182,Shizu,Katsumi,U,19760609,JPN,,
203183,Christina,Horiatopoulos,R,19831119,AUS,,
203184,Beti,Sekulovski,R,19830517,AUS,,
203185,Arpi,Kojian,U,19830612,USA,,
203186,Lisa,Damelio,R,19811114,AUS,,
203187,Dubravka,Cupac,R,19860128,AUS,,
203188,Emily,Hewson,R,19820731,AUS,,
203189,Erin,Wilbert,U,19900328,USA,,
203190,Haruka,Tachiki,U,19851007,JPN,,
203191,Danica,Krstajic,R,19870301,MNE,,Q5216282
203192,Marina,Cossou,R,19880710,FRA,,
203193,Berengere,Teix,R,19870925,FRA,,
203194,Leticia,Sobral,U,19801206,BRA,,Q56223434
203195,Tomoko,Dokei,U,19810623,JPN,,
203196,Laurene,Fayol,R,19880708,FRA,,
203197,Jia,Zhao,U,19870912,CHN,,
203198,Tiffany,Eklov,R,19820909,USA,,
203199,Diana,Brunel,R,19811207,FRA,,
203200,Louise,Doutrelant,R,19880319,FRA,,
203201,Robin,Stephenson,R,19830621,USA,,
203202,Sarah,Raab,R,19860119,GER,,
203203,Laura,Vallverdu Zafra,R,19870422,VEN,,
203204,Aibika,Kalsarieva,U,19840609,KGZ,,
203205,Kristi,Miller,R,19851222,USA,,
203206,Oksana,Uzhylovska,R,19850711,UKR,,
203207,Manana,Shapakidze,R,19890914,GEO,,Q27829382
203208,Karen,Paterson,R,19820518,GBR,,
203209,Darina,Sedenkova,R,19851209,CZE,,
203210,Jennifer Lee,Heinser,R,19870227,USA,,
203211,Veronica Ruo Qi,Li,R,19891110,USA,,
203212,Danielle,Mills,L,19910328,USA,,
203213,Flavia,Mignola,R,19851020,ARG,,
203214,Anna,Bartenstein,R,19880205,AUT,,
203215,Lorena,Villalobos Cruz,R,19860805,MEX,,
203216,Marcela,Arroyo Vergara,R,19841213,MEX,,Q54834321
203217,Karoline,Borgersen,R,19760701,NOR,173,Q64020572
203218,Eun Hye,Cho,U,19830610,KOR,,
203219,Eriko,Mizuno,U,19810801,JPN,,
203220,Jung Yoon,Shin,R,19880324,KOR,,
203221,Yoon Young,Jeong,U,19900105,KOR,,
203222,Hae Sung,Kim,R,19870922,KOR,,
203223,Hee Sun,Lyoo Suh,R,19860618,KOR,,
203224,Etsuko,Kitazaki,U,19821014,JPN,,
203225,Shilpa,Joshi,R,19840412,USA,,
203226,Elizabeth,Plotkin,R,19880526,USA,,
203227,Alice,Bellicha,R,19890117,FRA,,
203228,Virginie,Ayassamy,U,19860304,FRA,,
203229,Megan,Alexander,U,19870701,USA,,
203230,Melissa,Saiontz,U,19880408,USA,,
203231,Lauren,Shumate,R,19890522,USA,,
203232,Noemie,Scharle,R,19890114,FRA,,
203233,Alana,Van Der Vort,U,19851031,USA,,
203234,Keiko,Taguchi,U,19790226,JPN,,
203235,Po Kuen,Lam,U,19820420,HKG,,Q108597247
203236,Angelina,Gabueva,U,19881207,RUS,,Q18338409
203237,Si Si,Qiu,U,19890223,CHN,,
203238,Aurelia,Janeczek,U,19880912,FRA,,
203239,Andrea,Popovic,R,19871228,SRB,,
203240,Edita,Milos,R,19860715,CRO,,
203241,Riley,Blanks,U,19901114,USA,,
203242,Kristen,Mcvitty,R,19880323,USA,,
203243,Wilawan,Choptang,R,19840418,THA,,Q13021224
203244,Estefania,Craciun,R,19870101,URU,,Q1369825
203245,Corina Claudia,Corduneanu,R,19880208,ROU,,
203246,Emilia,Arnaudovska,U,19870930,MKD,,
203247,Mami,Inoue,U,19790715,USA,,
203248,Sarah,Coles,U,19860225,GBR,,
203249,Andrea,Sieveke,R,19870622,GER,,
203250,Lynn,Philippe,U,19881202,LUX,,
203251,Sonia,Iacovacci,L,19840223,ITA,,
203252,Gianna,Doz,R,19831130,CRO,,
203253,Nicole,Seitenbecher,R,19800103,GER,,
203254,Anamaria Alexandra,Sere,R,19881214,ROU,,
203255,Laila,Ben Abderrahman,U,19880918,BEL,,
203256,Natsumi,Yokota,U,19890909,JPN,,
203257,Kasumi,Aiko,U,19820815,JPN,,
203258,Hui,Chen,U,19890417,CHN,,
203259,Shi Tong,Shao,U,19880123,CHN,,
203260,Meng,Liu,U,19900202,CHN,,
203261,Mari,Andersson,R,19860705,SWE,165,Q12325981
203262,Valeria,Pulido Velasco,R,19900101,MEX,,Q56702183
203263,Kit,Carson,U,19810726,USA,,
203264,Stacey,Tan,U,19910718,USA,,
203265,Emma,Murphy,U,19830720,IRL,,
203266,Elizabeth,Kaufman,R,19810315,USA,,
203267,Chantal,Beetham,R,19881121,CAN,,
203268,Nina,Pantic,R,19890707,USA,,
203269,Stefi,Gjine,U,19900114,CAN,,
203270,Elizabeth,Thomas,U,19841020,GBR,,
203271,Jillian,Oneill,R,19890308,CAN,,
203272,Ai,Yamamoto,R,19890825,JPN,,
203273,Maya,Kato,R,19890603,JPN,,
203274,Natasha,Khan,U,19870512,GBR,,
203275,Yuko,Adachi,U,19910408,JPN,,
203276,Hea Mi,Kim,R,19840209,KOR,,
203277,Sakiko,Shimizu,U,19840919,JPN,155,
203278,Kaori,Onishi,R,19860131,JPN,,
203279,Nadja,Gilchrist,R,19900607,USA,,Q23059603
203280,Gracia,Radovanovic,R,19910331,FRA,,
203281,Amandine,Hesse,R,19930116,FRA,164,Q1394777
203282,Salome,Llaguno,L,19830108,ARG,,
203283,Tamara,Stojkovic,R,19900330,CRO,,
203284,Katerina,Vankova,L,19891230,CZE,,Q14329578
203285,Vasilisa,Davydova,L,19860206,RUS,,
203286,Veronika,Kolarova,R,19881126,CZE,,
203287,Gabriella,Polito,R,19870611,ITA,,
203288,Jia Jing,Lu,R,19891118,CHN,173,Q17281094
203289,Yuan,Jia,R,19891018,CHN,,
203290,Piia,Suomalainen,R,19840709,FIN,172,Q13555
203291,Alena,Nogolova,R,19900206,CZE,,
203292,Eva,Pigova,R,19890528,CZE,,
203293,Karolina,Wlodarczak,R,19870627,AUS,178,
203294,Erica,Robertson,U,19901127,USA,,
203295,Jenna,Long,U,19851126,USA,173,
203296,Maria,Mosolova,R,19891019,RUS,,
203297,Nadiya,Kichenok,R,19920720,UKR,172,Q4222571
203298,Romana,Janshen,R,19880605,NED,,
203299,Marion,Gaud,U,19851226,FRA,,
203300,Kristina,Steiert,R,19901126,GER,,
203301,Tiya,Rolle,U,19860611,USA,,
203302,Natalie,Frazier,U,19850322,USA,,
203303,Ana,Veselinovic,L,19880222,SRB,173,Q12434823
203304,Courtney,Nagle,R,19820929,USA,,
203305,Antonia Xenia,Tout,U,19860702,ROU,,
203306,Stella,Menna,R,19880218,ITA,,
203307,Ekaterina,Komarova,U,19900601,RUS,,
203308,Tatiana,Kotelnikova,R,19871011,RUS,,
203309,Mariya,Kovaleva,U,19890825,KAZ,,
203310,Ofelya,Poghosyan,R,19881204,ARM,,
203311,Aleksandra,Razumova,R,19890507,RUS,,
203312,Shona,Lee,R,19880819,NZL,,Q29168231
203313,Kristy,Frilling,L,19900108,USA,175,
203314,Susanna,Lingman,U,19831103,USA,,
203315,Alexa,Guarachi,R,19901117,USA,173,Q21045631
203316,Aeriel,Ellis,R,19900928,USA,,
203317,Amandine,Cazeaux,L,19890225,FRA,,
203318,Shu Ying,Hsieh,R,19930723,TPE,,Q5924238
203319,Viktoria,Yemialyanava,U,19910723,BLR,,
203320,Ima,Bohush,R,19900802,BLR,,Q15926061
203321,Chang,Xu,L,19880802,CHN,,
203322,Aleksandra,Grela,U,19911110,POL,,
203323,Anna,Koumantou,R,19821203,GRE,,Q12301756
203324,Dessislava,Mladenova,L,19880621,BUL,179,Q5265074
203325,Martina,Di Giuseppe,R,19910210,ITA,,Q53855558
203326,Lisa,Sabino,U,19860726,SUI,,Q6558386
203327,Maureen,Diaz,R,19820528,USA,,
203328,Allie,Will,U,19910420,USA,,Q10296664
203329,Rebeca,Neves,R,19901228,BRA,,
203330,Ionela Andreea,Iova,R,19900723,ROU,,
203331,Irina Alexandra,Paraschiv,R,19900107,ROU,,
203332,Ami,Nakano,U,19900913,JPN,,
203333,Yumi,Miyazaki,U,19861031,JPN,,
203334,Melissa,Laharrague,R,19880815,FRA,,
203335,Veronica,Saucedo,R,19860219,ARG,,
203336,Laetitia,Prat,R,19900918,FRA,,
203337,Anastasia,Malhotra,L,19891212,JPN,,
203338,Chinatsu,Maeda,R,19900801,JPN,,
203339,Mari,Inoue,R,19841227,JPN,,
203340,Sayako,Matsunaga,U,19930707,JPN,,
203341,Sanaz,Marand,L,19880621,USA,,Q17525743
203342,Anna,Wishink,R,19890328,AUS,172,
203343,Elizaveta,Tochilovskaya,R,19890201,RUS,,
203344,Mariya,Malkhasyan,R,19900927,UKR,,
203345,Elena,Kuznetsova,R,19920102,RUS,,
203346,Olga,Tatarchenko,U,19910907,RUS,,
203347,Eugenia,Dubitshkaya,U,19910205,RUS,,
203348,Elena,Chernyakova,R,19901019,RUS,,
203349,Milana,Spremo,R,19911126,SRB,,Q23661764
203350,Nives,Pavlovic,U,19891211,SRB,,
203351,Taja,Mohorcic,R,19890424,SLO,,
203352,Jasmina,Kajtazovic,R,19910226,BIH,,Q6161725
203353,Nikola,Vajdova,R,19890114,SVK,,
203354,Martina,Trevisan,L,19931103,ITA,160,Q28758348
203355,Lauren,Nikolaus Zink,U,19760912,USA,,
203356,Alexis,Prousis,R,19840927,USA,,
203357,Libby,Muma,U,19940124,USA,,
203358,Khristina,Blajkevitch,R,19920508,CAN,,
203359,Yuliana,Motyl,U,19920901,CAN,,
203360,Lauren,Herring,R,19930723,USA,170,Q18335831
203361,Zuzana,Zemenova,R,19840905,SVK,,
203362,Vivian,Segnini,R,19890103,BRA,165,Q10392200
203363,Vanesa,Furlanetto,U,19870219,ARG,,
203364,Tatiana,Bua,L,19900119,ARG,,Q16512289
203365,Mailen,Auroux,R,19880725,ARG,170,Q6735786
203366,Fani,Chifchieva,U,19870827,BUL,,
203367,Nicole,Riner,L,19900613,SUI,178,Q1987077
203368,Jasmin,Steinherr,R,19881108,GER,,
203369,Michaela,Kissell,U,19880722,USA,,
203370,Tori,Kinard,U,19871124,USA,,Q22670595
203371,Sasha,Khabibulina,R,19920904,BLR,,
203372,Gabrielle,Desimone,R,19930227,USA,,
203373,Volha,Duko,R,19881227,BLR,,
203374,Nataliya,Pintusova,R,19920102,BLR,,
203375,Daria,Kuchmina,R,19920112,RUS,,
203376,Eugeniya,Pashkova,R,19890219,RUS,,
203377,Margarita,Edinarova,R,19910429,RUS,,
203378,Ksenia,Kirillova,R,19930620,RUS,,
203379,Marina,Melnikova,R,19890205,RUS,173,Q6452511
203380,Julia,Valetova,R,19940718,RUS,,
203381,Ganna,Piven,R,19920114,UKR,,
203382,Elina,Gasanova,R,19890721,RUS,,Q26705171
203383,Anastasiya,Lytovchenko,U,19910929,UKR,,
203384,Julia,Parasyuk,U,19880301,RUS,,
203385,Shalini,Sahoo,U,19891123,IND,,
203386,Miki,Miyamura,R,19851104,JPN,167,Q12060298
203387,Parul,Goswami,R,19861003,IND,,
203388,Poojashree,Venkatesha,R,19900727,IND,183,Q7228542
203389,Danielle,Collins,R,19931213,USA,178,Q17523802
203390,Valeriya,Maksimchenko,U,19931030,RUS,,
203391,Julia,Bochkareva,U,19941101,RUS,,
203392,Alexandra,Goncharova,U,19941216,RUS,,
203393,Martina,Gledacheva,R,19910312,BUL,,
203394,Thuy Dung,Nguyen,R,19870806,VIE,,
203395,Tarakaa,Bertrand,U,19860811,USA,,
203396,Saori,Karikomi,U,19880602,JPN,,
203397,Anna,Tajima,U,19910216,JPN,,
203398,Danielle,Lao,R,19910528,USA,160,Q18044538
203399,Ellen,Tsay,U,19931008,USA,,
203400,Tea,Faber,R,19890627,CRO,,
203401,Matea,Cutura,R,19931110,CRO,,
203402,Brooke,Bolender,R,19920408,USA,,
203403,Mccall,Jones,R,19900315,USA,,
203404,Svenja,Weidemann,R,19800922,GER,,
203405,Ana,Belzunce Crompin,U,19900720,ESP,,
203406,Lucia,Cervera Vazquez,R,19910424,ESP,,
203407,Pilar,Dominguez Lopez,U,19930711,ESP,,
203408,Paola,Cigui,R,19890427,ITA,,
203409,Helen,Parish,R,19900918,GBR,,
203410,Anna,Livadaru,U,19921130,GER,,
203411,Macall,Harkins,L,19860205,USA,,
203412,Megan,Broderick,U,19880705,USA,,
203413,Karolyn,Grymel,R,19890810,GER,,
203414,Nicole,Melichar,R,19930729,USA,,Q2216368
203415,Ilona,Kremen,R,19940118,BLR,,Q4240132
203416,Tatiana,Postnikova,U,19920127,KAZ,,
203417,Kamila,Rafkat,U,19920708,KAZ,,
203418,Natalia,Berezhnaya,U,19920309,KAZ,,
203419,Nanuli,Pipiya,R,19920105,RUS,,
203420,Avgusta,Tsybysheva,R,19880814,RUS,,
203421,Chen,Astrogo,R,19900225,ISR,156,Q7043901
203422,Elisabeth,Abanda,R,19940331,CAN,,
203423,Marianne,Jodoin,R,19930112,CAN,,
203424,Elianne,Douglas Miron,U,19940323,CAN,,
203425,Carla,Beltrami,R,19900529,ARG,,
203426,Carmen,Lopez Blanco,U,19910330,ESP,,
203427,Lena Marie,Hofmann,R,19910203,GER,,Q26710478
203428,Vivien,Juhaszova,R,19930717,SVK,,Q106367843
203429,Tamara,Curovic,R,19941031,SRB,,Q7680855
203430,Kumari Sweta,Solanki,U,19910327,IND,,
203431,Keren,Shlomo,R,19880114,ISR,167,Q2177697
203432,Rashmi,Teltumbde,R,19920108,IND,,
203433,Rishika,Sunkara,R,19930514,IND,,Q16224774
203434,Sheethal,Goutham,R,19810606,IND,,Q106860466
203435,Dalila,Jakupovic,R,19910324,SLO,178,Q15830617
203436,Yaroslava,Zhishchenko,U,19900828,RUS,,
203437,Anastasia,Mukhametova,R,19920526,RUS,,
203438,Karina,Pimkina,R,19910314,RUS,,
203439,Julia,Zakharova,U,19910101,RUS,,
203440,Alexandra,Artamonova,R,19921120,RUS,,
203441,Sviatlana,Pirazhenka,R,19920912,BLR,,Q17323657
203442,Aminat,Kushkhova,R,19930729,RUS,,
203443,Sofie,Oyen,R,19920204,BEL,160,Q15924549
203444,Yurika,Aoki,U,19930806,JPN,,
203445,Olga,Boulytcheva,R,19850729,RUS,,
203446,Alexandra,Cercone,U,19911130,USA,,
203447,Machika,Miyaji,U,19930619,JPN,,
203448,Tereza,Jankovska,L,19941017,CZE,,
203449,Sarah Rebecca,Sekulic,L,19920703,GER,,Q41537551
203450,Yana,Koroleva,R,19921218,RUS,,
203451,Marina,Giral Lores,R,19900904,VEN,,Q67200641
203452,Melissa Emile,Kandinata,U,19940514,INA,,
203453,Aranza,Salut,R,19910712,ARG,170,Q4784172
203454,Elizabeth,Lumpkin,R,19860524,USA,175,
203455,Andreea Roxana,Vaideanu,R,19900628,ITA,,
203456,Jelena,Simic,U,19920219,BIH,,Q15302997
203457,Polona,Rebersak,U,19870209,SLO,,Q6293196
203458,Cristina Madalina,Stancu,R,19900310,ROU,,
203459,Lucie,Kriegsmannova,U,19850307,CZE,,
203460,Martina,Kubicikova,R,19911212,CZE,,
203461,Sonja,Liasovska,R,19950301,CZE,,
203462,Kateryna,Baindl,R,19940220,UKR,175,Q4226809
203463,Nuria,Parrizas Diaz,R,19910715,ESP,167,Q42904647
203464,Benedetta,Davato,R,19881012,ITA,,
203465,Amanda,Carreras,R,19900516,GBR,,Q34351
203466,Iris,Khanna,R,19880421,AUT,,
203467,Dariya,Berezhnaya,R,19940319,KAZ,,
203468,Alexandra,Grinchishina,U,19951022,KAZ,,
203469,Albina,Khabibulina,R,19920511,UZB,162,Q4712400
203470,Anna,Smolina,U,19940901,RUS,,
203471,Lilija,Sabirzjanova,U,19911106,RUS,,
203472,Catherine,Parenteau St Antoine,U,19940826,CAN,,
203473,Kimberley Ann,Surin,R,19940725,CAN,,
203474,Nika,Kukharchuk,U,19870208,RUS,,Q66385534
203475,Carol,Zhao,R,19950620,CAN,165,Q3702485
203476,Alejandra,Starkova,U,19940316,ESP,,
203477,Silvia,Garcia Jimenez,U,19940730,ESP,,
203478,Jade,Frampton,U,19921028,USA,,
203479,Brie,Whitehead,R,19890507,USA,,
203480,Charlene,Seateun,R,19930801,FRA,,
203481,Oceane,Adam,R,19930626,FRA,,
203482,Jennifer,Allan,U,19900106,GBR,,
203483,Jan,Abaza,U,19950301,USA,,
203484,Viktoryia,Kisialeva,L,19931230,BLR,,
203485,Julia,Kimmelmann,L,19931012,GER,,Q15821994
203486,Celine,Ghesquiere,U,19910125,FRA,,
203487,Andrea,Ka,R,19920426,FRA,,Q27808225
203488,Doroteja,Eric,L,19920801,SRB,,Q16088391
203489,Hao Chen,Tang,R,19940221,CHN,,Q15303704
203490,Beatriz,Leon Hernandez,U,19940731,ESP,,
203491,Maria,Alvarez Aguaron,U,19940817,ESP,,
203492,Alyona,Sotnikova,R,19920505,UKR,170,Q4738676
203493,Hirono,Watanabe,U,19870722,JPN,,
203494,Emi,Mutaguchi,R,19930930,JPN,,
203495,Chinami,Ogi,L,19900510,JPN,,
203496,Sophie,Letcher,R,19921129,AUS,165,
203497,Simone,Kalhorn,U,19891230,USA,,
203498,Elizabeth,Ferris,U,19860731,USA,,
203499,Gabrielle Faith,Andrews,R,19961223,USA,,
203500,Sachia,Vickery,R,19950511,USA,162,Q14646554
203501,Taylor,Townsend,L,19960416,USA,170,Q766964
203502,Lindsey,Hardenbergh,U,19900104,USA,,
203503,Kazusa,Ito,R,19840923,JPN,,
203504,Miyu,Kato,R,19941121,JPN,156,Q20982979
203505,Tereza,Hejlova,R,19950522,CZE,,
203506,Carolina,Orsi,L,19910704,ITA,,
203507,Giorgia,Marchetti,R,19950121,ITA,,Q26269760
203508,Sheila,Solsona Carcasona,R,19870430,ESP,,
203509,Diana,Marcinkevica,R,19920803,LAT,170,Q2805247
203510,Nathalia,Rossi,L,19890428,BRA,,Q18761142
203511,Alexandra,Kiick,R,19950630,USA,,
203512,Alexandra,Kelleher,U,19910213,USA,,
203513,Robin,Anderson,R,19930412,USA,160,Q23059598
203514,Katarzyna,Kawa,R,19921117,POL,178,Q15770368
203515,Monika,Magusiak,U,19930328,POL,,
203516,Nadiya,Kolb,R,19930119,UKR,,
203517,Chihiro,Takayama,R,19910210,JPN,,
203518,Paula,Kania,R,19921106,POL,168,Q276319
203519,Katarzyna,Kapustka,U,19940419,POL,,
203520,Arabela,Fernandez Rabener,U,19901020,ESP,,Q83630392
203521,Andrea,Gamiz,R,19921031,VEN,162,Q4755117
203522,Yevgeniya,Kryvoruchko,R,19910313,UKR,,
203523,Isabel,Rapisarda Calvo,U,19910516,ESP,,
203524,Morgane,Pons,R,19920405,FRA,,
203525,Anaeve,Pain,R,19931212,FRA,,
203526,Tammi,Patterson,R,19900103,AUS,167,Q2197150
203527,Khristina,Kazimova,R,19900516,UKR,,
203528,Nicola,Slater,U,19840814,GBR,173,
203529,Sonja,Molnar,R,19900429,CAN,165,
203530,Viktorija,Golubic,R,19921016,SUI,169,Q7929924
203531,Klara,Fabikova,R,19931023,CZE,,
203532,Michaela,Frlicka,R,19921220,GER,,
203533,Anna Karolina,Schmiedlova,R,19940913,SVK,176,Q138094
203534,Melis,Sezer,R,19930602,TUR,168,Q6812583
203535,Sultan,Gonen,R,19951102,TUR,,
203536,Nadezda,Gorbachkova,R,19861120,RUS,,
203537,Victoria,Kan,R,19950803,RUS,,Q15224243
203538,Polina,Vinogradova,R,19931127,RUS,,Q15751870
203539,Polina,Rodionova,R,19920211,RUS,,
203540,Anastasia,Frolova,R,19940621,RUS,,
203541,Elizaveta,Ianchuk,R,19930308,UKR,,Q20740979
203542,Daria,Mironova,R,19930409,RUS,,Q61058445
203543,Stefanie,Vorih,R,19961208,GER,,
203544,Petra,Sunic,R,19890211,CRO,,
203545,Monika,Stanikova,R,19960306,SVK,,
203546,Anja,Prislan,R,19851211,SLO,,
203547,Zuzana,Zalabska,R,19851124,CZE,,
203548,Agnese,Zucchini,R,19821122,ITA,,
203549,Olga,Ianchuk,R,19950329,UKR,,Q20736463
203550,Brianna,Morgan,U,19940219,USA,,
203551,Olivia,Sneed,U,19960122,USA,,
203552,Risa,Ozaki,R,19940410,JPN,163,Q14616346
203553,Riko,Sawayanagi,R,19941025,JPN,163,Q7334091
203554,Yuriko,Sakai,U,19890412,JPN,,
203555,Mai,Minokoshi,U,19920416,JPN,,Q54370269
203556,Yuuki,Tanaka,L,19900307,JPN,160,Q22957719
203557,Mana,Ayukawa,R,19940914,JPN,,Q106294995
203558,Lou,Brouleau,R,19950519,FRA,,Q23059262
203559,Clothilde,De Bernardi,R,19941116,FRA,,Q19968977
203560,Whitney,Jones,U,19860811,USA,,
203561,Charlotte,Petrick,R,19970131,CAN,178,
203562,Erin,Routliffe,R,19950411,CAN,188,Q20895299
203563,Emily J,Harman,R,19910615,USA,,
203564,Chloe,Paquet,R,19940701,FRA,179,Q16956915
203565,Alice,Tisset,U,19900223,FRA,,
203566,Christina,Shakovets,R,19940429,GER,,Q5110871
203567,Ipek,Soylu,R,19960415,TUR,174,Q8080164
203568,Naz,Karagoz,R,19960124,TUR,,
203569,Olga,Doroshina,L,19940624,RUS,,Q19959305
203570,Bermet,Duvanaeva,R,19880128,KGZ,,Q4169985
203571,Natalia,Zhuravleva,U,19950515,RUS,,
203572,Polina,Monova,R,19930406,RUS,,Q20741334
203573,Ekaterina,Semenova,U,19940301,RUS,,
203574,Lisanne,Van Riet,U,19910618,NED,,
203575,Danka,Kovinic,R,19941118,MNE,169,Q5219935
203576,Kai Lin,Zhang,R,19900128,CHN,173,Q16742868
203577,Caroline B,Dailey,U,19941031,USA,,
203578,Fangzhou,Liu,R,19951212,CHN,180,Q15491968
203579,Chalena,Scholl,U,19950818,USA,,
203580,Miki,Ukai,U,19940823,JPN,,
203581,Elizabeth Anita Alexandria,Profit,U,19960806,USA,,
203582,Breanna Alexa Bachini,Bachini,R,19930521,USA,,
203583,Mary,Closs,U,19950817,USA,,
203584,Adriana,Perez,R,19921120,VEN,163,Q4685520
203585,Tatsiana,Kapshay,U,19881109,BLR,,
203586,Ioana Loredana,Rosca,R,19960920,ROU,,Q17144903
203587,Diana,Marcu,R,19911105,ROU,,
203588,Cristina,Adamescu,R,19951025,ROU,,
203589,Camelia Elena,Hristea,R,19910203,ROU,,Q5025895
203590,Ana Mihaela,Vladutu,R,19930219,ROU,,
203591,Katy,Dunne,R,19950216,GBR,167,Q17157004
203592,Melanie Ann,Clayton,U,19810905,AUS,,
203593,Maree,Booth,U,,AUS,,
203594,Susan,Kreymborg,U,,AUS,,
203595,Helen,Middleton,U,,AUS,,
203596,Helen,Luscombe,U,,AUS,,
203597,Jenny,Combs,U,,AUS,,
203598,Jackie,Monsour,U,,AUS,,
203599,Jackie,Pinto,U,,AUS,,
203600,G,Wilson,U,,AUS,,
203601,Julie,Peters,U,,AUS,,
203602,Kathy,Mantle,U,,AUS,,
203603,Kerrie,Byrne,U,,AUS,,
203604,Sylvie,Gardette,U,19630531,FRA,,
203605,Gwen,Warnock,U,,AUS,,
203606,Yvette,Flu,U,19650906,NED,,
203607,Betsy,Heidenberger,U,19600427,USA,,
203608,Kirsty,Wenzel,U,19671017,AUS,,
203609,Tracey,Moyle,U,19690208,AUS,,
203610,Paula,Parentich,U,19691118,AUS,,
203611,Genevieve,Dwyer,U,19690126,AUS,,
203612,Petra,Tesarova,U,,TCH,,
203613,Alison,De Vries,U,,AUS,,
203614,Robyn,Lamb,U,19640101,AUS,,
203615,Wendy,Shipp,U,19730625,AUS,,
203616,Tania,Everoll,U,19700903,AUS,,
203617,Eve,Zimmerman,U,19621028,USA,,
203618,Catherine,Odea,U,19660505,AUS,,
203619,Janet,Craig,U,19670405,USA,,
203620,Joanna,Meagher,U,19700927,AUS,,
203621,Samantha,Knight,U,19710831,AUS,,
203622,Helen,Odea,U,19700124,AUS,,
203623,Robyn,Mawdsley,U,19710503,AUS,,Q61372275
203624,Lisa,Weerasekera,U,19680214,AUS,,
203625,Julie,Fidler,U,19710521,AUS,,
203626,Jaime,Kaplan,U,19611001,USA,,Q84329369
203627,Susan,Katzen,U,19700616,AUS,,
203628,Loretta,Sheales,U,19670706,AUS,,
203629,Vanessa,Erlan,U,19710413,AUS,,
203630,Samantha,Ewart,U,19710304,AUS,,
203631,Jackie,Masters,U,19680520,AUS,,
203632,Gina,Fogarty,U,,AUS,,
203633,Anissa,Groves,U,19700517,AUS,,
203634,Alexandra,Niepel,U,19700824,GBR,,Q84408329
203635,Angel,Cobbs,U,19610830,USA,,
203636,Kazuko,Ito,U,19630821,JPN,,Q62023858
203637,Bilynda,Potter,R,19710108,AUS,,Q88324965
203638,Kelli Ann,Johnston,U,19720512,AUS,,
203639,Lily,Nejasmic,U,19720419,AUS,,
203640,Maria,Purcell,U,19721010,AUS,,
203641,Yasuyo,Kajita,U,19670405,JPN,,
203642,Angie,Woolcock,U,19730202,AUS,,Q47168492
203643,Hana,Adamkova Guy,R,19690608,NZL,170,Q1574147
203644,Rona,Mayer,U,19730711,ISR,,Q67001769
203645,Limor,Zaltz,U,19730708,ISR,,Q62871793
203646,Lisa,Keller,U,19690715,AUS,,Q96741410
203647,Helen,Van Den Berg,U,19720220,NED,,
203648,Lisa,Seemann,U,19620108,RSA,,
203649,Miriam,Ponce De Leon,U,19660817,SWE,,
203650,Janine,Humphreys,U,19710701,RSA,,
203651,Shareen,Bottrell,U,19740311,AUS,,
203652,Maija,Avotins,U,19750410,AUS,,Q56043667
203653,Esther,Knox,U,19771008,AUS,,
203654,Danielle,Thomas,U,19730423,AUS,,Q86274834
203655,Shannon,Peters,R,19690508,AUS,,Q7488931
203656,Jodi,Richardson,R,19770812,AUS,175,Q68110350
203657,Donna,Stockton,U,19550626,USA,,Q18050874
203658,Jennifer,Fenwick,U,,AUS,,
203659,J,Tobin,U,,AUS,,
203660,Michelle,Berrigan,U,19600229,AUS,,
203661,Miyoko,Sugawara,U,,JPN,,
203662,Diane,Eastburn,U,,AUS,,
203663,Donna,Kelly,U,,AUS,,
203664,Sue,Chancellor,U,,AUS,,
203665,Amanda,Pryor,U,,AUS,,
203666,Dianne,Berkinshaw,U,19460330,AUS,,
203667,Valerie,Franta,U,19540813,USA,,
203668,Rosalyn,Mccann,U,,AUS,,
203669,Eri,Murata,U,,JPN,,
203670,Marina,Berta,U,,AUS,,
203671,V,Von Demleaux,U,,AUS,,
203672,S,Matthews,U,,AUS,,
203673,C,Crawford,U,,AUS,,
203674,K,Leslie,U,,AUS,,
203675,Wendy,Pearson,U,,AUS,,
203676,J,Carey,U,,AUS,,
203677,Helen,Rice,U,,AUS,,
203678,Evelyn,Lim,U,,SGP,,
203679,M,Earl,U,,AUS,,
203680,C,Mcquaide,U,,AUS,,
203681,S,Middleton,U,,AUS,,
203682,G,Thacker,U,,AUS,,
203683,G,Ayre,U,,AUS,,
203684,Chloe,Carlotti,U,19820303,FRA,,
203685,Jacqueline,Le Boubennec,U,19420318,FRA,,
203686,Michele,Mizen,U,,FRA,,
203687,Rita,Felix,U,19470104,SUI,,
203688,Stephanie,Bardsley,U,,CAN,,
203689,Jacqueline,Berson,U,,FRA,,
203690,Leonora,Peralta,U,19471229,POR,,
203691,Anne Marie,Cassaigne,U,19510314,FRA,,
203692,Madeleine,Pegel,U,19440719,SWE,,
203693,Marie Christine,Brochard,U,,FRA,,
203694,Kumarani,Ranga Rao,U,,IND,,
203695,T,Novaco,U,,FRA,,
203696,Maria,Hollingsworth,U,,AUT,,
203697,Lucinda,Crosby,U,19520717,USA,,
203698,Christiane,Sarrazin,U,,FRA,,
203699,J,Turner,U,,USA,,
203700,Yoshiro,Tanaka,U,19500226,JPN,,
203701,Lucia,Bruce,U,19510916,URU,,
203702,Ingrid,Sadlon,R,19460810,SUI,,
203703,Chantal,Puget,U,,FRA,,
203704,Gina,Diaz Ponce,U,19550928,MEX,,
203705,Susanne,Korpas,U,,GER,,
203706,Mi Ok,Lee,U,19520110,KOR,,
203707,Andrea,Menezes,U,,BRA,,
203708,Ines,Roget,U,19500219,ARG,,
203709,Estela,Benavides,U,19470105,ESP,,
203710,Maria Teresa,Salvidea Diaz,U,19490214,MEX,,
203711,Jayne,Ray,U,,USA,,
203712,Huguette,Barat,U,,FRA,,
203713,Silvana,Belardinelli,U,19550404,ITA,,
203714,Marketa,Wallenfels,U,19440415,FRG,,
203715,Karin,Boshoff,U,19530518,RSA,,
203716,D,Jainer,U,,USA,,
203717,K,Bluhm,U,,USA,,
203718,Martine,Le Rays,U,,FRA,,
203719,Betsy,Dalzell,U,,USA,,
203720,Julie,James,U,,USA,,
203721,R,Witeker,U,,USA,,
203722,Lucia,Rios De Almeida,U,,BRA,,
203723,Vera Lucia,Giugni,U,19500313,BRA,,
203724,Meiko,Miyashita,U,,JPN,,
203725,Patricia,Rime,U,,FRA,,
203726,Laura,Falconieri,U,19670522,ITA,,
203727,Elisabeth,Du Fresne Girard,U,,FRA,,
203728,Agnes,Graczol,U,19500421,HUN,,
203729,Catherine,De Lorme,U,,FRA,,
203730,Barbara,Kral,U,19480727,POL,,Q88957787
203731,Cristina,Ribeiro Britto,U,,BRA,,
203732,Veronika,Buche,U,19490329,AUT,,
203733,Martine,Bureau,U,19600626,FRA,,
203734,Yolanda,Sumarno,U,19460730,INA,,Q105942063
203735,Antonella,Canapi,U,19571209,ITA,,
203736,Martine,Cazaux,U,,FRA,,
203737,Marillia,Matte,U,19560713,BRA,,
203738,Michiko,Saji,U,19550303,JPN,,
203739,N,Marman,U,,USA,,
203740,Soraya,Guellas,U,,BRA,,
203741,Perrine,Du Puy,U,19580411,FRA,,
203742,Saadia,Mezdel,U,,MAR,,
203743,E,Kogl,U,,USA,,
203744,Satoyo,Funaki,U,,JPN,,
203745,F,Dawson,U,,USA,,
203746,Wanda,Ferraz De Oliveira,U,19490607,BRA,,Q102233314
203747,Natalie,Scaramanga,U,,FRA,,
203748,Caroline,Lane,U,19560622,USA,,
203749,Agnes,Figueras,U,,FRA,,
203750,Beatriz,Villaverde,R,19580605,ARG,,
203751,Eva,Rozsavolgyi,U,19570217,HUN,,
203752,Elizabeth,Dinopoulos,U,,FRA,,
203753,Elfia,Nizarwan,U,19590902,INA,,
203754,Dominique,Oustric,U,,FRA,,
203755,Carla,Mei,U,,ITA,,
203756,Catherine,Chevalier,U,,FRA,,
203757,Anna,Belladonna,U,,ITA,,
203758,D,Maccloskey,U,,USA,,
203759,Helen,Liebenberg,U,,RSA,,
203760,Martine,Jodin,U,,FRA,,
203761,Pascale,Bonneteau,U,,FRA,,
203762,,Marine,U,,FRA,,
203763,Catherine,Alzate,U,,FRA,,
203764,Ayi,Sutarno,U,,INA,,Q4831245
203765,Cecilia,Barbat,U,,ARG,,
203766,Eva,Fridenzi,U,19511015,HUN,,
203767,Mary,Mesek,U,,FRA,,
203768,Wendy,Maccloskey,U,,USA,,
203769,Diana,Flickier,U,,ARG,,
203770,Marion,Foldina,U,,FRG,,
203771,Anne Marie,Casado,U,,FRA,,
203772,Nancy,Weigel,U,19530830,USA,,
203773,Helena,Wimmer,U,19580910,AUT,,
203774,Susan,Zaro,U,19570107,USA,,
203775,Gretchen,Galt,U,19560201,USA,,
203776,Anne,Fritz,U,,USA,,
203777,Jeske,Van Erven,U,,NED,,
203778,Sabine,Mueller,U,,FRG,,
203779,Anna,Iuale,U,19570405,ITA,,
203780,Amreeta,Ahluwalia,U,19601025,IND,,
203781,Emmanuelle,Folcher,U,19620121,FRA,,
203782,Kim,Seddon,U,,RSA,,
203783,Nathalie,Ballet,U,19670505,FRA,,Q106950830
203784,Cecile,Bourdais,U,19690218,FRA,,
203785,Sabine,Lavrerotte,U,19530713,FRA,,
203786,Stina,Almgren,U,19621212,SWE,,
203787,Holly,Danforth,U,19690811,USA,,
203788,Daniela,Moise,U,19641204,ROU,,Q98449507
203789,Frederique,Martin,U,19690128,FRA,,Q59517387
203790,Ellen,Walliser,U,,FRA,,
203791,Maria,Mendez,U,,ARG,,
203792,Ann,Garbay,U,,FRA,,
203793,Natalie,Rodriguez,U,19690624,CHI,,
203794,Annika,Karlsson,U,19661004,SWE,,
203795,Digna,Ketelaar,U,19670813,NED,,Q5276314
203796,Monica,Reinach,U,19660929,RSA,,Q53871141
203797,Laura,Murgo,U,19621111,ITA,,
203798,Celine,Menain,U,19710228,FRA,,
203799,Megali,Gence,U,19720624,FRA,,
203800,Pretty,Marot,U,19710126,FRA,,
203801,Marie Pierre,Villani,U,19710802,FRA,,
203802,Geraldine,Ibrac,U,19740112,FRA,,
203803,Carole,Luccarelli,U,,FRA,,
203804,Axelle,Thomas,U,19740522,FRA,,
203805,Laurence,Duffaud,U,19750511,FRA,,
203806,Cecile,Dorey,U,19740303,FRA,,
203807,Olivia,De Camaret,U,19720518,FRA,,
203808,Caroline,Toyre,U,19760414,FRA,,
203809,Laurence,Bois,U,19700110,FRA,,
203810,Isabelle,Taesch,U,19780421,FRA,,
203811,Li,Chen,U,19770815,CHN,,
203812,Edith,Nunes Bersot,U,19750222,FRA,,
203813,Victoria,Davies,U,19720807,GBR,,
203814,Katherine,Vymetal,U,19830226,GBR,,
203815,Heidi,Farr,U,19820204,GBR,,
203816,Siobhan,Nicholson,R,19660611,GBR,,Q97918916
203817,Lorrayne,Gracie,U,,GBR,,Q84404000
203818,Nicola,Lusty,U,19641018,GBR,,
203819,Catherine,Berry,U,19640526,GBR,,
203820,Caroline,Bhaguandas,U,19680405,GBR,,
203821,Susan,Leach,U,,GBR,,
203822,Sarah,Sullivan,U,19660112,GBR,,
203823,Heidi,Narborough,U,19651226,GBR,,
203824,Tonia,Bayley,U,19740923,AUS,,
203825,Jennifer,Obrien,U,19691216,IRL,,
203826,Lynn,Jacobs,U,19600709,RSA,,
203827,Louise,Fitzgerald,U,19700814,AUS,,
203828,Margaret,Redfearn,U,19601012,USA,,
203829,Jo,Griffiths,U,19621103,IRL,,
203830,Clare,Evert,U,19671008,USA,,
203831,Judy,Rich,U,19600711,GBR,,
203832,Caroline,Billingham,U,19670712,GBR,,Q61648995
203833,Sally,Timms,U,19690731,GBR,,
203834,Jenny,Reeves,U,19680401,GBR,,
203835,Kathy,Foxworth,U,19641104,USA,,Q84311022
203836,Sarah,Mitten,U,19680907,GBR,,
203837,Rita,Winebarger,U,19660512,USA,,
203838,Linda,Harley,U,19670829,GBR,,
203839,Alison,Fleming,U,19690418,GBR,,
203840,Amy,Van Buuren,U,19690520,NED,,Q66457159
203841,Amanda,Gregory,U,19700320,GBR,,
203842,Astrid,Ruhr,U,19690403,GER,,
203843,Gail,Boon,U,19690818,RSA,,
203844,Susheel,Gulati,U,19710318,GBR,,
203845,Alison,Hill,U,19701017,GBR,,
203846,Gaby,Coorengel,U,19691127,NED,,Q66457160
203847,Natasha,Giles Mellon,U,19731010,GBR,,
203848,Caroline,Hunt,U,19730829,GBR,,
203849,Caroline,Herbert,U,19730906,GBR,,
203850,Tamsin,Wainwright,U,19740515,GBR,,
203851,Silvia,Freye Steur,U,19690928,GER,,
203852,Alison,Smith,U,19700408,GBR,,Q96004511
203853,Michelle,Mair,R,19711224,GBR,,
203854,Zoe,Mellis,U,19770301,GBR,,
203855,Kate,Warne Holland,U,19750515,GBR,,
203856,Elisabeth,Habeler,U,19741118,AUT,,Q67382026
203857,Claire,Lyte,U,19780927,GBR,,
203858,Louise,Herbert,U,19800730,GBR,,
203859,Nicola,Payne,U,19771002,GBR,,
203860,Heather,Bates,U,19750908,GBR,,
203861,Marlene,Mejia,U,19810731,USA,,
203862,Linda,Siegleman,U,19570701,USA,,
203863,Beverly,Buckley,U,19530124,USA,,
203864,Ann,Etheredge,U,19551013,USA,,
203865,Robin,Khan,R,19540923,USA,,
203866,Ann,Schroeder,U,,USA,,
203867,Maria,Fernandez,U,,USA,,
203868,Karen,Kennington,U,,USA,,
203869,Karen,Dawson,U,,USA,,
203870,Jenny,Gardiner,U,,USA,,
203871,Lisa,Kearney,U,,USA,,
203872,Kathy,Mueller,U,,USA,,
203873,Pascale,Bernateau,U,,FRA,,
203874,Maria,Rothschild,U,19600424,USA,,
203875,Judith,Principe,U,,USA,,
203876,Becky,Bell,U,,USA,,
203877,Connie,Yowell,U,,USA,,
203878,Lori,Miller,U,,USA,,
203879,Joni,Urban,U,19651125,USA,,
203880,Lisa,Bublitz,U,,USA,,
203881,Suzanne,Jarell,U,,USA,,
203882,Lucila,Becerra,U,19650722,MEX,,Q61234655
203883,Shandra,Livingston,U,19680519,USA,,
203884,Merrilee,Keller,U,,USA,,
203885,Elsa,Rodriguez,U,19550913,COL,,
203886,Joni,Van Ryck De Groot,U,19551017,JAM,,
203887,Lara,De Angelis,U,19810318,ITA,,
203888,Jennifer,Prah,U,19660615,USA,,
203889,Hee Jeong,Baek,U,,KOR,,
203890,Chris,Gillis,U,,USA,,
203891,Trisha,Laux,U,19690203,USA,,
203892,Stephanie,London,U,19690818,USA,,Q87073376
203893,Sonya,Hahn,U,19670825,USA,,Q85070931
203894,Susan,Gilchrist,U,19710412,USA,,Q65974485
203895,Tanya,Stasiuk,U,19690302,USA,,
203896,Tonya,Evans,U,19690821,USA,,
203897,Kara,Schertzer,U,19730105,USA,,
203898,Tina,Samara,U,19740726,NOR,,Q66717799
203899,Melissa,Zimpfer,U,19740402,USA,,
203900,Victoria,Hunt,U,19761230,USA,,
203901,Mira,Radu,R,19800812,ROU,,
203902,Divya,Merchant,U,19741125,IND,,
203903,Trina,Singian,U,19821230,USA,,
203904,Rachel,Clark,U,19730208,NZL,180,
203905,Lechia,Trewick,U,19780824,AUS,,
203906,Nicola,Kaiwai,U,19770722,NZL,,
203907,Katia,Roubanova,U,19780525,GBR,,
203908,Rachel,Dive,U,19761101,NZL,,
203909,Katherine,Costain,U,19760116,NZL,,
203910,Paiao Asinata,Short,U,19741221,POC,,
203911,Gaye,Mcmanus,U,19761001,NZL,,
203912,Helen,Reesby,R,19820608,GBR,,
203913,Niki,Tippins,L,19760515,NZL,,Q29113183
203914,Li,Liu,U,19720105,CHN,,
203915,Yuan,Wen,U,19760802,CHN,,
203916,Il Sook,Kim,U,19730105,KOR,,
203917,Yi,Liu,U,19750315,CHN,,
203918,Kristine,Kurth,R,19720623,USA,,Q96309078
203919,Zhi Rong,Liu,U,19781110,CHN,,
203920,Hui Na,Liu,U,19740722,CHN,,
203921,Yan,Tang,U,19790705,CHN,,
203922,Evy,Last,U,19800404,BEL,,
203923,Monica,Massarella,U,19780801,GBR,,
203924,Evy,De Mesmaecker,U,19830429,BEL,,
203925,Christiane,Hoppmann,U,19790802,GER,,
203926,Denise,Hofer,U,19810530,GER,,
203927,Marina,Escobar Martinez,U,19770202,ESP,,Q66691107
203928,Anna,Mogilnicka,U,19770525,POL,,
203929,Giana,Gutierrez,U,19760530,COL,,Q66169111
203930,Martha,Garzon Elkins,U,19691215,USA,,
203931,Maria Adelaida,Agudelo,U,19810130,COL,,
203932,Viviana,Rojas Millan,R,19821125,COL,,
203933,Catherine,Turinsky,U,19721206,GER,,
203934,Birgit,Dopfer,U,19690702,AUT,,
203935,Ana Carolina,Martinez,U,19800223,COL,,
203936,Marcela,Gonzalez,U,19800608,COL,,
203937,Luisa Fernanda,Velez,U,19790802,COL,,
203938,Diana,Olave,U,19820304,COL,,
203939,Maria Eugenia,Rojas,U,19771227,PER,,Q66697739
203940,Marcela,Monroy,U,19800528,COL,,
203941,Catalina,Isaza,U,19831009,COL,,
203942,Catalina,Acosta,U,19800121,COL,,
203943,Maria Claudia,Romo,U,19810802,COL,,
203944,Candice,De La Torre,U,19800207,USA,,
203945,Jenny,Andrade,U,19820516,COL,,
203946,Ana Maria,Simanca,U,19830120,COL,,
203947,Cindy,Tow,U,19790422,USA,,
203948,Elizabeth,Alina,U,19740824,USA,,
203949,Valerie,Poulos,U,19731228,USA,,
203950,Yolanda,Clemot Lerendegui,U,19750425,ESP,,
203951,Julie,Hanger,U,19760914,GBR,,
203952,Natalia,Drabova,U,19820414,SVK,,
203953,Andrea,Masarykova,U,19800106,SVK,,
203954,Barbora,Blahutiakova,U,19820328,SVK,,
203955,Agata,Kurowska,U,19800426,POL,,
203956,Michaela,Seibold,U,19750815,GER,,Q106003414
203957,Eva,Doman,U,19790217,HUN,,
203958,Timea,Ferenczy,U,19770325,HUN,,
203959,Kati,Wolner,U,19800613,AUT,,
203960,Kerstin,Marent,U,19761026,AUT,,
203961,Judith,Czigany,U,19791210,HUN,,
203962,Ursula,Svetlik,U,19760509,AUT,,
203963,Boglarka,Berecz,U,19830716,HUN,,
203964,Kinga,Berecz,U,19810510,HUN,,
203965,Bettina,Pirker,U,19830501,AUT,,
203966,Edit,Pakay,U,19800921,HUN,,
203967,Sara,Abaza,U,19810121,EGY,,
203968,Dalia,El Sheikh,U,19780720,EGY,,
203969,Yomna,Farid,R,19830628,EGY,,Q27063911
203970,Eva,Januskova,U,19780527,CAN,,
203971,Sanja,Bajin,R,19800222,CAN,,
203972,Tracey,Hiete,U,19710129,USA,,Q97143566
203973,Petia,Marinova,U,19800308,CAN,,
203974,Susan,Huang,U,19780825,CAN,,
203975,Aneta,Soukup,R,19781230,CAN,,Q61013915
203976,Linda,Smaira,U,19770409,CAN,,
203977,Diana,Valenti,U,19680410,USA,,
203978,Catrin,Muller,U,19760319,GER,,
203979,Alice,Rangsithienchai,U,19770830,USA,,
203980,Allison,Cooper,U,19660804,USA,,Q84178682
203981,Alessia,Ignatieva,U,19800720,BLR,,
203982,Maja,Mise,U,19781017,CRO,,
203983,Ana,Radeljevic,U,19790830,CRO,,
203984,Kristina,Pojatina,U,19780526,CRO,,
203985,Ivana,Visic,R,19801007,CRO,,
203986,Ana,Maslesa,R,19820313,CRO,,
203987,Agnieszka,Abram,U,19810401,POL,,
203988,Iva,Kirac,U,19810129,CRO,,
203989,Ana,Skafar,U,19790226,SLO,,
203990,Ivana,Kekez,U,19820428,CRO,,
203991,Vida,Mulec,U,19800508,SLO,,
203992,Nives,Culum,R,19820610,SLO,,
203993,Irina,Nossenko,U,19780825,UKR,,
203994,Vickie,Paynter,U,19710827,USA,,Q56630993
203995,Sara,Tse,U,19750203,GBR,,
203996,Cristina,Correia,U,19790219,POR,,
203997,Lisa,Fritz,L,19800428,GER,,
203998,Athina,Briegel,U,19770701,GER,,
203999,Susi,Bensch,U,19800515,GER,,
204000,Mirja,Wagner,U,19780508,GER,,
204001,Gitte,Moeller,R,19801106,GER,,
204002,Alena,Scharfschwert,U,19810119,GER,,
204003,Karen,Frawley,U,,AUS,,
204004,Amy,Jensen,U,19780731,AUS,,Q56513369
204005,Kim,Grant,R,19710501,RSA,169,Q6408660
204006,Stacey,Jellen,U,19750105,USA,,
204007,Rosa Maria,Llaneras,U,19700420,ESP,,
204008,Patricia,Aznar,U,19750219,ESP,,Q66685149
204009,Cristina,Lopez Santos,U,19770709,ESP,,
204010,Maria,Nieto,U,19820812,ESP,,
204011,Virginia,Romero Barrio,U,19830324,ESP,,
204012,Marissa,Catlin,U,19780613,USA,,
204013,Susanna,Modric,U,19720303,USA,,
204014,Nazli,Gencsoy,U,19810406,TUR,,
204015,Ayca,Gumuscu,U,19820213,TUR,,
204016,Alessia,Lombardi,R,19760524,ITA,175,Q105993336
204017,Dragana,Ilic,U,19790624,YUG,,Q66680752
204018,Hande,Gorur,U,19830616,TUR,,
204019,Rebecca,Jensen,U,19721119,USA,,Q15841870
204020,Masami,Nakai,U,19670212,JPN,,
204021,Yoriko,Yamagishi,U,19720311,JPN,,Q66765184
204022,Ashley,Miller,U,19720408,USA,,
204023,Cindy,Schuurmans,U,19790115,BEL,,
204024,Natalie,Dittmann,U,19761104,AUS,,
204025,Katrin,Meiss,U,19770521,GER,,
204026,Nathaly,Tijssen,U,19750721,NED,,
204027,Sandra,Angerer,U,19760906,AUT,,
204028,Desiree,Leupold,U,19721111,AUT,,Q67373323
204029,Nina,Murn,U,19760208,AUT,,
204030,Nina,Aigner,R,19800620,AUT,,Q542908
204031,Andrea,Tunko,U,19750311,AUT,,
204032,Marion,Walter,U,19800309,AUT,,
204033,Bianca,Kamper,U,19810705,AUT,,
204034,Kerstin,Taube,U,19710310,GER,,
204035,Suzanne,Tolu,U,19790520,FRA,,
204036,Fabienne,Thill,U,19790407,LUX,,
204037,Sanela,Kunovac,U,19820710,BIH,,
204038,Sabrina,Moser,U,19800721,AUT,,
204039,Tina,Parits,U,19800513,AUT,,
204040,Nina,Schwarz,U,19780825,AUT,,
204041,Barbara,Hellwig,R,19820302,AUT,,
204042,Bettina,Resch,U,19830411,AUT,,
204043,Natalia,Chasovaya,U,19720821,UKR,,
204044,Natalia,Nemchinova,U,19750610,UKR,,Q55081415
204045,Talina,Beiko,U,19700831,UKR,,Q52535387
204046,Nadia,Streltsova,U,19740228,RUS,,
204047,Maria,Chirikova,U,19730214,RUS,,
204048,Daria,Soukirno,U,19790118,RUS,,
204049,Inga,Bertschmann,U,19770622,GER,,
204050,Julia,Oussanova,U,19831206,RUS,,
204051,Chie,Nagano,U,19770511,JPN,,
204052,Nao,Akahori,U,19711113,JPN,,
204053,Kawana,Ishijima,U,19710818,JPN,,
204054,Haruko,Shigekawa,U,19650418,JPN,,
204055,In Sook,Park,U,19680716,KOR,,
204056,Kaori,Kuki,U,19771031,JPN,,
204057,Yukiko,Fukuzawa,U,19710303,JPN,,
204058,Nami,Urabe,R,19780829,JPN,,Q66763859
204059,Futaba,Kubota,U,19780218,JPN,,Q11597678
204060,Varalee,Sureephong,U,19760502,USA,,Q67163873
204061,Stephanie,Nickitas,U,19770408,USA,,Q54275540
204062,Michaela,Lincoln,U,19761119,FIN,,
204063,Marissa,Lincoln,U,19761119,FIN,,
204064,Polina,Ordanskaya,U,19800909,RUS,,
204065,Elizabeth,Cameron,U,19631112,USA,,
204066,Bridget,Mikysa,U,19740207,USA,,
204067,Alessia,Risuleo,U,19800606,ITA,,
204068,Clelia,Anfuso,U,19770224,ITA,,
204069,Stefania,Pifferi,U,19750322,ITA,,
204070,Francesca,Guardigli,U,19730410,SMR,,Q3749412
204071,Sara,Ventura,U,19760430,ITA,,
204072,Sabina,Da Ponte,U,19790111,ITA,,
204073,Branka,Bojovic,U,19811127,SCG,,
204074,Silvia,Schiavetti,U,19770223,ITA,,
204075,Kingkaew,Niroj,U,19780423,THA,,
204076,Lara,Howes,U,19750806,HKG,,
204077,Sasithorn,Tangthienkul,U,19770827,THA,,
204078,Sudsobhi,Chatsuthiphan,U,19760402,THA,,
204079,Sujitra,Duangchan,U,19791030,THA,,
204080,Yeon Hee,Cho,U,19760105,KOR,,
204081,Sawitre,Naree,U,19810124,THA,,
204082,Monthika,Anuchan,U,19800116,THA,,Q108739276
204083,Chattida,Thimjapo,U,19821005,THA,,
204084,Pirada,Witoonpanich,U,19810721,THA,,
204085,Leslie,Cavanaugh Rose,U,19720209,USA,,
204086,Prapaiphan,Kansuthi,U,19831003,THA,,
204087,Monita,Horn,U,19760821,RSA,,
204088,Alena,Mitackova,U,19790801,CZE,,
204089,Traci,Green,U,19780805,USA,,
204090,Delila,Causevic,R,19810705,BIH,,
204091,Alison,Cohen,U,19741125,USA,,
204092,Bettina,Auer,R,19800113,AUT,,
204093,Radka,Surova,U,19770929,CZE,,
204094,Linda,Faltynkova,U,19790721,CZE,,
204095,Jana,Ondrouchova,U,19780512,CZE,,
204096,Jitka,Schonfeldova,U,19800809,CZE,,
204097,Petra,Navratilova,U,19810211,CZE,,
204098,Martine,Vosseberg,U,19740626,NED,,
204099,Gabriela,Netikova,U,19771120,CZE,,
204100,Veronika,Raimrova,R,19820123,CZE,,
204101,Veronika,Ctvrtnickova,U,19820531,CZE,,
204102,Karin,Urbin,U,19810719,CAN,,
204103,Christine,Joseph,U,19750506,CAN,,
204104,Ines,Khelefi,U,19810815,CAN,,
204105,Catherine,Alain,U,19801213,CAN,,
204106,Genevieve,Houle,U,19801108,CAN,,
204107,Julie,Tremblay,U,19811016,CAN,,
204108,Genevieve,Charron,U,19830628,CAN,,
204109,Boyana,Perich,R,19820107,CAN,,
204110,Marie Christine,Caron,U,19760120,CAN,,
204111,Paule Andree,Levasseur,U,19830812,CAN,,
204112,Isabelle,Soucy,U,19801222,CAN,,
204113,Debbie,Larocque,R,19830324,CAN,,
204114,Amy,De Lone,U,19681007,USA,,Q6454866
204115,Vanessa,Rooks,U,19760513,USA,,
204116,Laura,Richards,U,19720426,USA,,
204117,Anna,Bleszynski,U,19761021,USA,,Q68224394
204118,Betsy,Miringoff,U,19751127,USA,,
204119,Kristen,Radford,U,19781002,USA,,
204120,Mugette,Ahn,U,19810424,USA,,
204121,Tu,Dong,U,19780208,USA,,
204122,Irene,Adsuar,U,19790612,USA,,
204123,Maria Dolores,Campana,U,19750405,ECU,,Q66459230
204124,Jennifer,Callen,U,19720416,USA,,
204125,Jorgelina,Torti,U,19771012,ARG,,
204126,Natasha,Lucki,U,19830518,BRA,,
204127,Nathalia,Bellizia,R,19820525,BRA,,
204128,Lisa,Sendelbach,U,19790222,BRA,,
204129,Carla,Andrade,U,19821117,BRA,,
204130,Paula,Racedo,U,19770721,ARG,,Q67188581
204131,Patricia,Alonso,U,19831209,BRA,,
204132,Sabrina,Damario,U,19801027,ARG,,
204133,Roberta,Burzagli,U,19730515,BRA,,Q10363217
204134,Bianca,Catay,U,19791124,BRA,,
204135,Ana Paula,Zannoni,U,19770118,BRA,,
204136,Renata,Dias,R,19800910,BRA,,
204137,Paulina,Janus,U,19800515,POL,,
204138,Ewa,Grusiecka,U,19780513,POL,,
204139,Dominika,Olszewska,U,19780929,POL,,
204140,Patrycja,Bandurowska,U,19800408,POL,,
204141,Aleksandra,Durska,U,19800428,POL,,
204142,Emilia,Kopczynska,U,19810401,POL,,
204143,Daria,Panova,U,19820717,RUS,,
204144,Diana,Spadea,U,19751029,USA,,
204145,Carole,Soubis,U,19781114,FRA,,
204146,Catherine,Valantin,U,19781026,FRA,,
204147,Mihaela,Vulpe,U,19760831,ROU,,
204148,Stephanie,Kovacic,L,19800301,GER,,
204149,Caroline,Christian,R,19790116,GER,,
204150,Christina,Habernigg,U,19750710,AUT,,
204151,Sabine,Lutter,U,19791210,AUT,,
204152,Petra,Crimmel,U,19730201,CRO,,
204153,Sabine,Resch,U,19760822,AUT,,
204154,Ninisita,Srihadi,U,19800925,INA,,
204155,Yenny,Kumalawati,U,19780120,INA,,
204156,Tina,Aryani,U,19801206,INA,,
204157,Cynthia,Dewi,U,19810109,INA,,
204158,Cindy,Dock,U,19770130,AUS,,
204159,Maria,Djordjio,U,19810608,UZB,,
204160,Olga,Timofeeva,U,19780423,UZB,,
204161,Anna,Shchupak,U,19830207,UZB,,
204162,Ksenia,Gorbunova,U,19830918,UZB,,
204163,Gulvona,Khodjaeva,U,19830208,UZB,,
204164,Svetlana,Mossiakova,U,19820129,RUS,,
204165,Arthi,Venkataraman,U,19740723,IND,,
204166,Ekaterina,Paniouchkina,U,19810129,RUS,,
204167,Nargisa,Akramova,U,19831203,UZB,,
204168,Alexandra,Zadoryn,R,19840414,UZB,,
204169,Luiza,Biktyakova,R,19820411,UZB,,
204170,Furuza,Gafurova,U,19820219,UZB,,
204171,Yuki,Kitamura,U,19740908,JPN,,
204172,Jody,Yin,U,19711122,USA,,
204173,Yuki,Fujii,U,19731222,JPN,,
204174,Satoko,Kurioka,U,19760908,JPN,,
204175,Akiko,Gunji,U,19780310,JPN,,
204176,Yumi,Yokoi,U,19770103,JPN,,
204177,Akiko,Kinebuchi,U,19771023,JPN,,
204178,Eri,Ohmi,U,19820302,JPN,,
204179,Chiaki,Nakajima,U,19790228,JPN,,
204180,Kaori,Goto,U,19811024,JPN,,
204181,Manami,Tsuji,U,19800520,JPN,,
204182,Motoe,Uchida,U,19760521,JPN,,
204183,Shiho,Mochida,U,19790605,JPN,,
204184,Hisayo,Unno,U,19780731,JPN,,
204185,Asami,Tsuda,U,19750110,JPN,,
204186,Fumiko,Masuda,U,19710720,JPN,,
204187,Megumi,Todoroki,U,19790913,JPN,,
204188,Azusa,Konishi,U,19840721,JPN,,
204189,Remi,Uda,R,19810416,JPN,,
204190,Atsuko,Shima,U,19671126,JPN,,
204191,Monika,Kratochvilova,U,19740227,CZE,,Q66448926
204192,Vera,Zhukovets,U,19760320,BLR,,Q44945372
204193,Dominika,Gerwin,U,19770525,POL,,
204194,Olga,Hostakova,U,19750411,CZE,,Q7086578
204195,Olga,Gorzelak,R,19801014,POL,,
204196,Magdalena,Rejniak,U,19780521,POL,,
204197,Patrycja,Gajdzik,U,19770513,POL,,
204198,Anna,Dolinska,U,19820226,POL,,
204199,Agata,Cioroch,U,19810920,POL,,
204200,Ivona,Horvat,R,19730213,CRO,,Q55238232
204201,Ivana,Beli,U,19770322,CRO,,
204202,Chantal,Reuter,R,19780505,NED,,Q67003331
204203,Andrea,Schwarz,U,19781208,SUI,,
204204,Diane,Asensio,U,19800110,SUI,,
204205,Angela,Buergis,U,19791103,SUI,,Q69613511
204206,Cacilia,Charbonnier,U,19811207,SUI,,Q60701627
204207,Cristelle,Grier,U,19830130,GBR,,
204208,Lauren,Cheung,R,19840411,AUS,,
204209,Gabrielle,Baker,R,19840716,AUS,,
204210,Anna,Hawkins,R,19840707,GBR,,
204211,Lara,Giltinan,R,19860203,AUS,,
204212,Holly,Bagshaw,R,19860122,GBR,,
204213,Chantal,Coombs,R,19810702,GBR,,
204214,Alice,Mackenzie,U,19860913,GBR,,
204215,Helen,Fritche,L,19850411,GBR,,
204216,Alenka,Hubacek,R,19901124,AUS,,
204217,Julia,Bone,R,19880706,GBR,,
204218,Brittany,Sheed,U,19910714,AUS,,
204219,Chloe,Babet,R,19920306,FRA,,
204220,Dianne,Hollands,R,19830511,NZL,,Q27868216
204221,Kairangi,Vano,R,19891108,NZL,,Q29185723
204222,Tyra,Calderwood,R,19900919,AUS,,
204223,Peangtarn,Plipuech,R,19921115,THA,169,Q7157914
204224,Kanyapat,Narattana,R,19920914,THA,,
204225,Alina,Tseplukhova,U,19900526,RUS,,
204226,Sophia,Mulsap,R,19900606,THA,,
204227,Satjaporn,Mahajaroenkul,U,19910502,THA,,
204228,Nikarat,Wateenukit,U,19930918,THA,,
204229,Pairin,Panjasilpa,R,19891213,THA,,
204230,Ines,Janbakhsh,U,19901009,GBR,,
204231,Samantha,Powers,U,19890509,USA,,
204232,Paula Catalina,Robles Garcia,R,19890719,COL,,
204233,Ingrid Esperanza,Vargas Calvo,U,19891227,PER,,Q6033322
204234,Karen Johanna,Ramirez Rivera,R,19901212,COL,,
204235,Victoria,Lozano,U,19910614,MEX,,
204236,Ivette,Lopez,R,19900712,MEX,,
204237,Diana,Arutyunova,L,19850902,RUS,,
204238,Isabell,Seidlitz,R,19910828,GER,,
204239,Anne Priska,Schaefer,U,19840111,GER,,
204240,Intissar,Rassif,U,19950424,MAR,,
204241,Fatyha,Berjane,U,19941114,MAR,,
204242,Ana,Claro,R,19921025,POR,,
204243,Tara,Wigan,R,19860326,GBR,,
204244,Catarina,Ferreira,R,19840209,POR,162,
204245,Joana,Pangaio Pereira,R,19871227,POR,,
204246,Lesley,Pattinama Kerkhove,R,19911104,NED,172,Q14942839
204247,Yvett,Imre,R,19910712,HUN,,
204248,Blanka,Szavay,U,19931024,HUN,,
204249,Csilla,Argyelan,R,19901111,HUN,,Q21032057
204250,Joanna,Szymczyk,U,19890410,POL,,
204251,Joanna,Nalborska,R,19930725,POL,,
204252,Madeleine,Saari Bystrom,R,19900705,SWE,,
204253,Caroline,Magnusson,R,19900101,SWE,,
204254,Marlot,Meddens,R,19890421,NED,,
204255,Paulina,Milosavljevic,U,19911007,SWE,,
204256,Annie,Goransson,R,19890819,SWE,,
204257,Jennie,Brobeck,U,19910104,SWE,,
204258,Mariangela,Avola,U,19870514,ITA,,
204259,Simona,Struzzolino,R,19890113,ITA,,
204260,Stephanie,Hirsch,R,19921016,AUT,,
204261,Jeannine,Prentner,R,19900705,AUT,,
204262,Karolina,Nowak,R,19840726,GER,,
204263,Janina,Toljan,R,19900327,AUT,,
204264,Lisa,Summerer,U,19900430,AUT,,
204265,Martina,Borecka,R,19910519,CZE,,
204266,Dominika,Kanakova,R,19910225,CZE,,
204267,Petra,Krejsova,R,19900630,CZE,,Q12045145
204268,Natalie,Proese,R,19900927,GER,,Q48718873
204269,Daniela,Islamaj,U,19900214,ALB,,
204270,Skye,Hopper,R,19950221,AUS,,
204271,Biljana,Pawlowa Dimitrova,R,19780120,BUL,,Q3657996
204272,Jade,Hopper,R,19910713,AUS,,
204273,Tristen Z,Dewar,U,19940501,USA,,
204274,Rachel,Kahan,U,19920719,USA,,
204275,Zi Jun,Yang,U,19900208,HKG,,Q8048538
204276,Yingying,Xi,U,19900515,CHN,,
204277,Chu Xian,Huang,U,19900122,CHN,,
204278,Yue,Wan,R,19881009,CHN,,
204279,Dominique,Harmath,U,19920123,CAN,,
204280,Dredi Inia,Ghinda,U,19900401,CAN,,
204281,Marie Frederique,Bedard,R,19920408,CAN,,
204282,Anastasiya,Prenko,U,19930312,TKM,179,Q4377249
204283,Lola,Azimova,R,19920226,UZB,,
204284,Elen,Chelidze,R,19920216,RUS,,
204285,Ji Young,Kim,R,19850917,KOR,,
204286,Seung Yeon,Hong,U,19920417,KOR,,Q18044109
204287,Ha Young,Ji,U,19940314,KOR,,
204288,Ji Hee,Choi,R,19950210,KOR,,Q19281874
204289,Mi Rae,Ham,U,19901103,KOR,,
204290,Min Hwa,Yu,U,19880325,KOR,,Q54191590
204291,Na Lae,Han,L,19920706,KOR,,Q18044011
204292,Hyojung,Yea,U,19940213,KOR,,
204293,Seo Kyung,Kang,U,19890129,KOR,,Q18044351
204294,Su Jeong,Jang,R,19950313,KOR,,Q14941252
204295,Christine,Kandler,R,19940922,AUT,,
204296,Sarah,Tremuth,U,19940208,LUX,,
204297,Anna Arina,Marenko,R,19920102,RUS,170,
204298,Viktorija,Rajicic,R,19940407,AUS,170,Q2407885
204299,Ashling,Sumner,R,19921225,AUS,,
204300,Alyssa,Hibberd,R,19920612,AUS,,
204301,Barbara,Bonic,R,19920604,SRB,,Q15856818
204302,Ashley,Murdock,R,19871106,USA,,
204303,Alexandra,Anghelescu,R,19920223,USA,,
204304,Jawairiah,Noordin,R,19901008,MAS,,Q17523908
204305,Sharifah Syafeenaz,Syed Azmir,U,19940428,MAS,,
204306,Trang,Huynh Phuong Dai,R,19930801,VIE,,Q16480935
204307,Neesha,Thirumalaichelvam,R,19911220,MAS,,
204308,Nadine,Ruegg,R,19911222,MEX,,
204309,Stephanie,Wagner,R,19940917,GER,180,Q63992129
204310,Camilia,Benabdeljalil,U,19930310,MAR,,
204311,Aline,Pinheiro,R,19810624,BRA,,
204312,Fatem Zahra,Erraji,R,19941031,MAR,,
204313,Rita,Esteves De Freitas,R,19860607,POR,,
204314,Rita,Vilaca,L,19930907,POR,,
204315,Patricia,Martins,R,19940628,POR,,
204316,Beatriz,Machado Santos,U,19950608,POR,,
204317,Beatriz Valente,De Castro Coelho,U,19940216,POR,,
204318,Margarida,Moura,R,19930730,POR,,Q6760117
204319,Sofia,Araujo,U,19941130,POR,,
204320,Maria,Palhoto,R,19940722,POR,,
204321,Klaudia,Gawlik,U,19920401,POL,,
204322,Agata,Baranska,R,19931223,POL,,
204323,Zsofia,Susanyi,R,19920216,HUN,,Q8074867
204324,Caroline,Kallberg,U,19950320,SWE,,
204325,Gabriele,Bertasiute,L,19951116,SWE,,
204326,Alina,Yanovskaya,R,19921224,RUS,,
204327,Mai,Grage,R,19920418,DEN,,Q12325751
204328,Costanza,Bruno De Lisi,U,19930109,ITA,,
204329,Kimberley,Cassar,R,19920507,MLT,,
204330,Alice,Savoretti,R,19920617,ITA,,Q47488734
204331,Chelsea,Te Tai,R,19920918,NZL,,
204332,Natalie,Dillon,U,19910801,USA,,
204333,Lindsay,Burdette,R,19880226,USA,173,
204334,Derja,Turhan,R,19920928,TUR,,
204335,Seda,Arantekin,R,19940808,TUR,,
204336,Cecilie Lundgaard,Melsted,U,19950205,DEN,,
204337,Amelia,Herring,U,19920802,USA,,
204338,Nazari,Urbina,R,19890612,MEX,160,Q23059512
204339,Yue,Fei,U,19930822,CHN,,
204340,Bao Yi,Xu,U,19920305,CHN,,
204341,Zhen,Yan,U,19930219,CHN,,
204342,Nan Nan,Zhang,R,19920108,CHN,,
204343,Xiaojing,Lu,U,,CHN,,
204344,Nigina,Rahmanova,U,19921216,UZB,,
204345,Polina,Merenkova,R,19951111,UZB,,Q27032196
204346,Valeriya,Korotina,U,19960813,UZB,,
204347,Rano,Nizamova,U,19941209,UZB,,
204348,Elena,Zenko,U,19930517,UZB,,
204349,Viktoriya,Karmenova,R,19931202,UZB,,
204350,Viktoriya,Serenkova,U,19920217,RUS,,
204351,Lisa Maria,Reichmann,R,19900711,AUT,,
204352,Yvonne,Neuwirth,U,19920804,AUT,,Q8062490
204353,Chihiro,Nunome,U,19920626,JPN,,
204354,Leela,Beattie,U,19940209,NZL,,
204355,Katherine,Westbury,R,19930314,THA,177,Q18710881
204356,Emily,Fanning,U,19950613,NZL,,Q5372159
204357,Caroline,Price,U,19930313,USA,,
204358,Angelica Maria,Torres,R,19830919,COL,,
204359,Giovanna,Manifacio,R,19940829,MEX,,
204360,Carolina,Betancourt,R,19930331,MEX,,Q19520095
204361,Tanaporn,Thongsing,R,19940630,THA,,
204362,Theiviya,Selvarajoo,R,19940620,MAS,,Q19646380
204363,Camila,Fuentes,R,19950929,USA,,
204364,Josie,Kuhlman,R,19951105,USA,,
204365,Anna Maria,Zubori,R,19860912,FRA,,
204366,Victoria,Muntean,R,19970123,FRA,,Q20203092
204367,Valerie,Verhamme,R,19890403,BEL,,
204368,Lottie,Fox,R,19920515,GBR,,
204369,Natasha,Starling,R,19901112,GBR,,
204370,Julie,Noe,R,19960319,DEN,,
204371,Ulrikke,Hoyer,U,19960516,DEN,,
204372,Anna Signe,Rasmussen,R,19941223,DEN,,
204373,Maria,Jespersen,R,19911203,DEN,,Q47011678
204374,Frederikke,Svarre,R,19970313,DEN,,
204375,Martine,Ditlev,R,19960323,DEN,,
204376,Demi,Schuurs,R,19930801,NED,170,Q3210313
204377,Indy,De Vroome,R,19960521,NED,,Q6028306
204378,Matilda,Hamlin,U,19920821,SWE,,
204379,Brenda,Njuki,R,19940217,SWE,,Q23001501
204380,Rebecca,Poikajarvi,U,19930120,SWE,,
204381,Louise,Brunskog,U,19930102,SWE,,Q67581768
204382,Valeria,Osadchenko,U,19920612,SWE,,
204383,Beatrice,Cedermark,R,19930212,SWE,,
204384,Agnes,Bukta,R,19931029,HUN,,Q13596670
204385,Marisa,Gianotti,U,19870706,AUS,,
204386,Vincenza,Ciraolo,R,19920916,ITA,,
204387,Carolina,Pillot,R,19920328,ITA,,
204388,Lisa Maria,Moser,R,19910328,AUT,,Q13903847
204389,Anna Maria,Heil,U,19950621,AUT,,
204390,Pia,Konig,R,19930514,AUT,,Q18683458
204391,Sofia,Kvatsabaia,U,19880718,GEO,,Q7553640
204392,Caroline,Van De Wijgaart,R,19940303,BEL,,
204393,Skylar Alexandra,Morton,U,19940424,USA,,Q34247310
204394,Valentini,Grammatikopoulou,U,19970209,GRE,,Q16399655
204395,Brooke,Austin,R,19960212,USA,168,Q21032058
204396,Liliya,Izmaylova,U,19970520,UZB,,
204397,Arina,Folts,R,19970101,UZB,,Q17411169
204398,Maftuna,Yunusova,U,19960101,UZB,,
204399,Yana,Khon,R,19970226,UZB,,
204400,Natella,Nabieva,R,19950504,UZB,,
204401,Madina,Hatamova,U,19950419,UZB,,
204402,Tania,Alaby,R,19920421,CAN,,
204403,Priscila,Nunez,R,19920920,CAN,,
204404,Ah,Song,R,19960512,KOR,,
204405,Hee Jin,Oh,U,19950207,KOR,,
204406,Ki Ryang,Kim,R,19940913,KOR,,
204407,Yang,Pang,R,19930402,CHN,,
204408,Zi,Yang,R,19930912,CHN,,
204409,Yoshimi,Kawasaki,U,19890617,JPN,,
204410,Kanami,Tsuji,U,19960124,JPN,,
204411,Storm,Hunter,L,19940811,AUS,166,Q7620174
204412,Belinda,Woolcock,R,19950124,AUS,173,Q22086466
204413,Azra,Hadzic,U,19941126,AUS,172,
204414,Nattawadee,Kotcha,R,19930915,THA,,
204415,Alexandra,Riley,U,19910413,USA,,Q26511438
204416,Robyn,Beddow,U,19930805,GBR,,
204417,Hana,Birnerova,R,19890627,CZE,,
204418,Daniella,Roldan,R,19971105,USA,,
204419,Ana Sofia,Sanchez,L,19940413,MEX,,Q4750504
204420,Marcela,Zacarias,R,19940326,MEX,,Q622958
204421,Ana Paula,De La Pena,R,19880725,MEX,,Q4750471
204422,Valeria,Salazar,R,19950427,MEX,,
204423,Lyn Yuen,Choo,R,19960927,MAS,,
204424,Hayley,Carter,R,19950517,USA,180,Q56043375
204425,Simone,Alipieva,R,19980110,DEN,,
204426,Anett,Kontaveit,R,19951224,EST,174,Q639366
204427,Sara,Sorribes Tormo,R,19961008,ESP,176,Q17750103
204428,Miriam,Civera Lima,U,19951218,ESP,,
204429,Ghita,Benhadi,U,19980215,MAR,,
204430,Antonia,Lottner,R,19960813,GER,185,Q122632
204431,Anna Lena,Friedsam,R,19940201,GER,,Q91683
204432,Kriszina,Kapitany,R,19931008,HUN,,
204433,Syna,Kayser,R,19900505,GER,,
204434,Ysaline,Bonaventure,L,19940829,BEL,178,Q2511279
204435,Emma,Devine,U,19941216,GBR,,
204436,Jessica,Ren,R,19940823,GBR,,
204437,Daneika,Borthwick,R,19930514,GBR,,
204438,Sabrina,Bamburac,R,19930524,GBR,,
204439,Oana Elena,Golimbioschi,R,19800521,ROU,,Q61089667
204440,Katia,Altilia,U,19770507,ITA,,
204441,Annat,El Azari,U,19821008,ISR,,
204442,Cheli,Bargil,U,19830912,ISR,,
204443,Esther,Brunn,U,19790218,GER,,
204444,Alina,Tecsor,U,19791024,ROU,,Q19578049
204445,Sandra,Mantler,U,19771221,AUT,,
204446,Karina,Karner,U,19780209,GER,,
204447,Antonela,Voina Timmerbeil,U,19750121,GER,,
204448,Renata,Brito,U,19780920,BRA,,
204449,Katerina,Stamatopoulou,U,19820715,GRE,,
204450,Barbara,Rosenberger,U,19820303,GER,,
204451,Asimina,Kaplani,U,19831027,GRE,,Q12302305
204452,Karin,Lusnic,U,19710515,SLO,,Q9143202
204453,Emanuela,Sangiorgi,U,19760815,ITA,,
204454,Sandra,Costa Corral,U,19750801,ESP,,
204455,Marina,Stets,U,19730221,BLR,,Q6453468
204456,Tamara,Kikaleishvili,U,19821127,GEO,,
204457,Adriana,Ruiz,U,19821210,ESP,,
204458,Helena,Sinitshin,U,19841114,ISR,,
204459,Yael,Glitzenstein,U,19840404,ISR,,
204460,Anne,Stueckle,U,19780208,GER,,
204461,Vanessa,Caddick,R,19771208,GBR,,
204462,Lidia,Lopez Companys,U,19831023,ESP,,
204463,Sharon,Marin,U,19840628,ISR,,
204464,Jheni,Osman,U,19790107,GBR,,
204465,Susanne,Filipp,U,19790814,AUT,,
204466,Coral,Silverstone,U,19800807,GBR,,
204467,Ana,Sismondini,U,19830311,VEN,,
204468,Annika,Bengtsson,U,19810903,SWE,,
204469,Veronica,Rizhik Urteaga,U,19801216,ESP,,
204470,Yin,Chen,U,19780118,CHN,,
204471,An Qi,Ge,U,19760521,CHN,,
204472,Ya Fang,Tsai,U,19781126,TPE,,
204473,Qin,Yang,U,19800316,CHN,,
204474,Susan,Cowan,U,19801210,AUS,,
204475,Kylie,Hunt,U,19750827,AUS,,
204476,Alison,Nash,U,19771126,CAN,,
204477,Zsofia,Golopencza,U,19781025,HUN,,
204478,Angie,Marik,U,19751106,AUS,,
204479,Vanessa,Kendall,U,19770916,AUS,,
204480,Kym,Hazzard,U,19751004,AUS,,
204481,Kylie,Moulds,R,19780227,AUS,,
204482,Alienor,Tricerri,U,19800320,SUI,,Q4727578
204483,Laura,Bao,R,19820306,SUI,,Q60695806
204484,Marta,Cano,U,19750927,ESP,,Q98078551
204485,Esther,Ruiz De Ona Plaza,U,19740508,ESP,,
204486,Cristina,Lopez De Subijana,U,19730419,ESP,,
204487,Monika,Mastalirova,U,19770122,CZE,,Q67483402
204488,Elena,Juricich,U,19790906,URU,,Q66707620
204489,Berangere,Quillot,U,19790615,FRA,,
204490,Darija,Deskovic,U,19720213,CRO,,
204491,Rebecca,Pike,U,19830314,AUS,,
204492,Debby,Haak,R,19770225,NED,,Q55956263
204493,Marylene,Losey,U,19800225,SUI,,
204494,Jody,Anglin,U,19780930,USA,,
204495,Elena,Tudor,U,19830521,ROU,,
204496,Mihaela,Moldovan,U,19810323,ROU,,Q106463283
204497,Galina,Dimitrova,U,19780411,BUL,,Q12276108
204498,Shiri,Burstein,U,19741205,ISR,,Q66584166
204499,Oana,Creanga,U,19810830,ROU,,
204500,Christine,Silaghi,U,19810421,GER,,
204501,Jovana,Krsikapa,U,19791129,YUG,,
204502,Raluca,Ciochina,U,19830216,ROU,,Q61147192
204503,Zorica,Glisic,U,19750820,AUS,,
204504,Denisa,Sobotkova,U,19780914,CZE,,
204505,Sandra,Van Der Aa,U,19720628,NED,,Q105695198
204506,Gyorgyi,Zsiros,U,19820225,HUN,,
204507,Sabrina,Valenti,R,19800105,ARG,,
204508,Mariana,Faustinelli,U,19770812,ARG,,
204509,Ana Valeria,Rolon,U,19760108,PAR,,
204510,Sandra,Deamelio,U,19771122,ARG,,
204511,Daniela,Muscolino,U,19800214,ARG,,
204512,Mariana,Lopez Palacios,U,19770618,ARG,,
204513,Lilian,Silva,U,19780724,BRA,,
204514,Monique,Le Sueur,U,19790104,RSA,,
204515,Ella,Ionescu,U,19760917,USA,,
204516,Melody,Falco,U,19750718,MEX,,Q105107193
204517,Nathalie,Aizenberg,U,19811113,ARG,,
204518,Brenda,Coassolo,U,19831031,ARG,,
204519,Eugenia,Chialvo,L,19830221,ARG,,
204520,Ariana,Rojas,U,19811218,PER,,
204521,Florencia,Basile,U,19800829,ARG,,
204522,Nicola,Trinder,U,19820807,GBR,,
204523,Jindra,Gabrisova,U,19721127,CZE,,
204524,Kim,Kilsdonk,L,19790331,NED,,
204525,Dorota,Zaboklicka,U,19811119,POL,,
204526,Rocio,Gonzalez,U,19821029,ESP,,
204527,Susanne,Trik,U,19790906,NED,,
204528,Adriana,Lopez,U,19780322,COL,,
204529,Julia,Adlbrecht,U,19771230,AUT,,
204530,Carla,Arguelles,U,19801005,GBR,,
204531,Vicky,Navia,U,19850215,COL,,
204532,Eugenia,Subbotina,U,19830406,BLR,,
204533,Emily Ann,Marker,U,19820328,USA,,
204534,Sandra,Beltran,U,19850530,COL,,
204535,Samantha,Schoeffel,U,19810124,FRA,,
204536,Barbara,Castro,U,19750908,CHI,,Q61864423
204537,Arina,Uratani,U,19800523,BRA,,
204538,Audrey,Wilmart,U,19781221,BEL,,
204539,Laura,Bernal,U,19780127,PAR,,Q67906377
204540,Maria Virginia,Francesca,U,19740325,VEN,,Q101930662
204541,Carolina,Guilliano,U,19821010,VEN,,
204542,Ninfa,Marra,U,19740703,VEN,,
204543,Mariela,Salinas,U,19800212,VEN,,Q102996924
204544,Jacquelyn,Rosen,U,19801117,USA,,
204545,Caroline,Germar,U,19760316,GER,,
204546,Analia,Longoni,U,19820129,VEN,,
204547,Paola,Stephen,U,19800221,VEN,,
204548,Fabiana,Taverna,U,19820420,VEN,,
204549,Nelly,Pardo,U,19711022,VEN,,
204550,Lesley,Kramer,U,19781011,USA,,
204551,Siham Soumeya,Ben Nacer,U,19830808,ALG,,Q55314929
204552,Cristina,Madrid,U,19820609,ESP,,
204553,Ines,Zouabi,U,19791207,TUN,,
204554,Camilla,Hsu,U,19780413,GBR,,
204555,Isabella,Mitterlehner,U,19790627,AUT,,
204556,Aleksandra,Vucenovic,U,19810831,YUG,,
204557,Silvia,Hegedis,U,19820526,YUG,,
204558,Dina,Milosevic,U,19830113,YUG,,
204559,Tamara,Aranda Nunez,U,19780423,ESP,,
204560,Helena,Fremuthova,U,19760705,CZE,,
204561,Ana,Gaspar,U,19790404,POR,,
204562,Julia,Klein,U,19810817,GER,,
204563,Lucy,Mcdonald,U,19790215,GBR,,
204564,Ya Ming,Lin,U,19820121,CHN,,
204565,Wei Na,Liu,U,19810129,CHN,,
204566,Katarina,Basternakova,U,19821012,SVK,,
204567,Vanina,Casanova,U,19730621,FRA,,
204568,Jasmine,Angeli,U,19750807,ITA,,
204569,Kristen,Sanderson,U,19770518,USA,,
204570,Alejandra,Rivero,U,19830314,MEX,,
204571,Michelle,Summerside,U,19780503,AUS,,
204572,Maria Eugenia,Brito,R,19831119,MEX,,
204573,Ana,Martin Ramirez,R,19810717,ESP,,
204574,Anna,Nefedova,U,19821026,RUS,,
204575,Helga,Vieira,R,19800708,ANG,,
204576,Irina,Fateeva,U,19670411,URS,,
204577,Linda,Tajnai,U,19810914,AUS,,
204578,Deborah,Gaviria,R,19781114,PER,,Q102060136
204579,Giselle,Swart,R,19770817,RSA,,Q107126727
204580,Biljana,Dimovska,U,19820614,MKD,,
204581,Linda,Fallon,U,19830302,AUS,,
204582,Belinda,Kelly,U,19820526,AUS,,
204583,Daniela,Salomon,U,19830419,GER,,
204584,Carlota,Plantier Santos,U,19820105,POR,,
204585,Ninel,Barkan,U,19731118,ISR,,Q54861347
204586,Cara,Abe,U,19720421,USA,,
204587,Radhika,Tulpule,R,19820209,IND,,Q106625317
204588,Karen,Nugent,U,19760629,IRL,,Q55081347
204589,Petra,Spaar,U,19770707,SUI,,
204590,Gina,Niland,U,19720922,IRL,,Q61836818
204591,Elsa,Oriain,U,19820920,IRL,,
204592,Lydia,Perkins,U,19780113,GBR,,
204593,Claire,Curran,R,19780310,GBR,173,Q5125175
204594,Mhairi,Brown,R,19820228,GBR,,
204595,Charlotte,Aagaard,U,19771201,DEN,,Q66654539
204596,Laura,Cartwright,U,19801116,GBR,,
204597,Zuzanna,Liskocova,U,19800403,USA,,
204598,Charlotte,Feasby,U,19780906,CAN,,
204599,Alicia,Pillay,R,19800324,RSA,,Q12301037
204600,Monika,Starosta,U,19721221,POL,,Q60955436
204601,Aafje,Evers,U,19750212,NED,,
204602,Lara,Bitter,U,19750424,NED,,Q74817289
204603,Katarzyna,Malec,U,19750815,POL,,
204604,Gemma,Magin,U,19720811,ESP,,
204605,Joana,Pedroso,U,19740206,POR,,Q98080701
204606,Mariana,Randrup,U,19730330,ARG,,
204607,Helena,Ejeson,R,19810103,SWE,,
204608,Sara,Pasquinoni,U,19810821,ITA,,
204609,Giulia,Meruzzi,U,19820731,ITA,,
204610,Nicola,Woodhouse,U,19790218,GBR,,
204611,Karina,Maliska,U,19790906,BRA,,
204612,Fernanda,Tsucamoto,U,19770709,BRA,,
204613,Veronika,Subertova,U,19820830,SVK,,
204614,Katie,Granson,U,19800911,USA,,
204615,Laurence,Garcia Clement,U,19680115,FRA,,
204616,Severine,Arpajou,U,19760311,FRA,,
204617,Anna,Font Estrada,R,19800116,ESP,,
204618,Caroline Ann,Basu,U,19830721,GER,,
204619,Regina,Temez,U,19830614,ESP,,
204620,Fatima,Olaso De La Rica,U,19800910,ESP,,
204621,Raquel,Ortega Herran,U,19780525,ESP,,
204622,Ana,Sans,U,19781003,ESP,,
204623,Ursula,Albizuri,U,19790128,ESP,,
204624,Michino,Meguro,U,19810909,ESP,,
204625,Meritxell,Mimo Bravo,U,19790428,ESP,,
204626,Carolina,Rodriguez Magdalena,U,19820517,ESP,,
204627,Marta,Mir Portell,R,19830601,ESP,,
204628,Marta,Sanchez Soto,U,19840204,ESP,,
204629,Emma,Gott,U,19820109,AUS,,
204630,Lotty,Seelen,U,19770111,NED,,
204631,Marilyn,Baker,R,19740114,USA,,
204632,Natascha,De Kramer,U,19760308,NED,,
204633,Paola,Palencia,U,19790316,MEX,170,Q105138851
204634,Bettina,Horvath,U,19790512,HUN,,
204635,Diana,Costa,U,19830209,POR,,
204636,Julia,Biffar,U,19830904,GER,,
204637,Michou,Tulfer,U,19800208,NED,,
204638,Valeria,Bondarenko,R,19820620,UKR,,Q7911193
204639,Olga,Teplynska,R,19790101,UKR,,
204640,Olga,Glouschenko,U,19780125,BLR,,Q106833315
204641,Lena,Sherbakov,U,19830510,USA,,
204642,Brandi,Freudenberg,U,19770612,USA,,
204643,Aniela,Mojzis,U,19820615,RSA,,
204644,Andrea,Nathan,U,19780204,USA,,
204645,Tanja,Hirschauer,U,19830511,GER,,
204646,Ivana,Zupa,U,19821215,GER,,
204647,Jing Jing,Liu,U,19830902,CHN,,
204648,Reiko,Ino,R,19780410,JPN,,
204649,Kim Trang,Nguyen,U,19700507,VIE,,
204650,Anita,Kurimay,U,19780627,HUN,,
204651,Vanessa,Castellano,U,19760912,ESP,,
204652,Sara,Walker,U,19801022,USA,,
204653,Hillary,Adams,U,19820417,USA,,
204654,Kelly,Simkin,U,19810512,GBR,,
204655,Gulberk,Gultekin,U,19740404,TUR,,Q27057687
204656,Kate,Elliott,U,19800902,GBR,,
204657,Mariel,Verban,U,19800220,USA,,
204658,Whitney,Laiho,U,19800508,USA,,
204659,Darian,Chappel,U,19790615,USA,,
204660,Sylvie,Sallaberry,U,19781014,FRA,,
204661,Visnja,Vuletic,R,19820107,SRB,,
204662,Alexandra,Smith,U,19820310,USA,,
204663,Prim,Siripipat,U,19810115,USA,,
204664,Doriane,Caporusso,U,19800524,FRA,,
204665,Kateryna,Vasylyeva,U,19820215,UKR,,
204666,Lenka,Zacharova,U,19771026,SVK,,
204667,Annica,Lindstedt,U,19780413,SWE,,Q24263552
204668,Anastasia,Ponomarenko,U,19810716,UKR,,
204669,Angelina,Zdorovitskaia,U,19790522,UKR,,
204670,Yulia,Rudavska,U,19790607,UKR,,
204671,Dan Dan,Jiang,U,19821122,CHN,,
204672,Virginie,Oulevay,U,19840222,SUI,,
204673,Daniela,Casanova,R,19840514,SUI,,Q27064009
204674,Ilona,Poljakova,U,19730401,EST,173,Q105845506
204675,Pauline,Trinchant,U,19790412,FRA,,
204676,Katja,Kovac,U,19790206,SLO,,
204677,Minna,Rautajoki,U,19791129,FIN,,Q107355637
204678,Martina,Babakova,R,19830418,SVK,,
204679,Olivia,Cappelletti,U,19720714,FRA,,
204680,Maria Belen,Rojas,U,19800714,PER,,
204681,Vanessa,Matthys,U,19740505,BEL,,
204682,Nina,Zlender,U,19830401,SLO,,
204683,Urska,Juric,U,19811024,SLO,,
204684,Filipa,Gabrovska,U,19820326,BUL,,Q12297621
204685,Paulina,Slitrova,R,19820123,CZE,,
204686,Natalia,Galouza,U,19800329,NED,,
204687,Lejla,Husic,U,19811024,BIH,,
204688,Vida Lina,Alpuerto,U,19830411,PHI,,
204689,Nathalie,Banday,U,19820610,HKG,,
204690,Czarina Mae,Arevalo,R,19850514,PHI,,Q108413749
204691,Marcela,Evangelista,U,19820215,BRA,,
204692,Marcelle,Hirt,U,19800129,BRA,,
204693,Natalia,Jung,U,19800303,BRA,,
204694,Marisol,Berengeno,U,19791206,ARG,,
204695,Cornelia,Grunes,U,19691110,GER,,
204696,Flavia,Rezende,U,19801230,BRA,,
204697,Ivana,Sokac,R,19830613,CRO,,
204698,Maja,Mlakar,U,19821007,SLO,,
204699,Daniela,Martinez,U,19840219,MEX,,
204700,Karla,Mancinas,U,19820609,MEX,,
204701,Zerene,Reyes,L,19820817,MEX,,
204702,Daniela,Torres,U,19810321,MEX,178,
204703,Sabrina,Corazza,U,19800327,SUI,,
204704,Maria Fernanda,Sainz,U,19750301,MEX,,
204705,Cristina,Cortes,U,19751109,MEX,,
204706,Virginia,Oteiza,U,19630523,ARG,,
204707,Nicole,Havlicek,U,19810106,CAN,,
204708,Janet,Bergman,U,19800628,USA,,
204709,Rachel,Gale,U,19690211,USA,,
204710,Lindsay,Dawaf,U,19821207,USA,,
204711,Kirsty,Blumberg,U,19780517,USA,,
204712,Raluca Daniela,Gheorghe,U,19830717,USA,,
204713,Mindy,Weiner,U,19720322,USA,,
204714,Daniela,Peyrot,U,19810508,URU,,
204715,Cecilia,Guillenea,U,19810124,URU,,Q102128981
204716,Nadine,Schlotterer,U,19820902,AUT,,
204717,Lana,Scardigno,U,19770701,AUS,,
204718,Lei,Chen,U,19760407,CHN,,
204719,Erin,Burdette,R,19830419,USA,180,
204720,Judit,Trunkos,U,19790915,HUN,,
204721,Mary Carlisle,White,U,19780716,USA,,
204722,Erin,Boisclair,U,19800116,USA,,
204723,Keiko,Tokuda,R,19800429,USA,,
204724,Maiko,Cook,U,19820623,USA,,
204725,Susanna,Attili,U,19730307,ITA,,Q67012771
204726,Dominika,Luzarova,R,19820718,CZE,,
204727,Samrita,Sekar,U,19840410,IND,,
204728,Sonal,Phadke,R,19820609,IND,,Q106823100
204729,Harsimran Kaur,Bedi,R,19820818,IND,,
204730,Paige,Yaroshuk,U,19740714,USA,,
204731,Etsuko,Yamada,U,19790112,JPN,,
204732,Yasuko,Nishimata,U,19780630,JPN,,
204733,Moriyo,Adachi,U,19780530,JPN,,
204734,Ivona,Grujic,U,19780730,YUG,,
204735,Kate,Pinchbeck,U,19810228,AUS,,
204736,Nuria,Tabernero Garin,U,19731019,ESP,,
204737,Maria Pilar,Sanchez Alayeto,U,19840620,ESP,,
204738,Yaiza,Goni Blanco,U,19790807,ESP,,
204739,Estefania,Aldana Estremera,U,19840516,ESP,,
204740,Maria,Pavlidou,R,19780120,GRE,,Q96598953
204741,Janet,Walker,U,19790529,USA,,
204742,Briana,Harris,U,19781221,USA,,
204743,Stacey,Sheppard,U,19721219,USA,,
204744,Kristin,Osmond,U,19720204,USA,,
204745,Julia,Scaringe,R,19810518,USA,,
204746,Petra,Novotnikova,R,19820223,CZE,,
204747,Geraldine,Bimes,U,19790730,FRA,,
204748,Milica,Koprivica,U,19830304,SCG,,
204749,Jitka,Dubcova,U,19710621,TCH,,
204750,Maria,Capistrano Bjorklund,U,19700228,SWE,,
204751,Romana,Cernoskova,U,19790404,CZE,,
204752,Sylvia,Stefkova,U,19700309,CZE,,
204753,Barbora,Sukova,U,19821105,CZE,,
204754,Katharina,Alberti,U,19840527,GER,,
204755,Melanie,Schneider,U,19780724,GER,,
204756,Maria Alejandra,Quezada,U,19740307,CHI,,Q97960863
204757,Zuzana,Filipova,U,19790726,CZE,,
204758,Ana Paola,Gonzalez Diaz,U,19780515,MEX,,
204759,Ning,Lin,U,19700228,HKG,,
204760,Yu Jin,Wang,U,19790312,CHN,,
204761,Rurika,Maruse,U,19760323,JPN,,
204762,Kun,Zhang,U,19790807,CHN,,
204763,Wei,Qie,U,19770105,CHN,,
204764,Lui Li,Shen,U,19780111,CHN,,
204765,Henriette,Van Aalderen,U,19760414,NED,,Q66317548
204766,Saskia,Simon,U,19790309,GER,,
204767,Meirav,Duek,U,19780708,ISR,,
204768,Jasmin,Halbauer,U,19791222,GER,,
204769,Oshri,Shashua,U,19780101,ISR,,
204770,Natalia,Volcova,U,19820128,MDA,,
204771,Valentina,Mortello,U,19801209,ITA,,
204772,Liina,Suurvarik,U,19801016,EST,,Q106874831
204773,Alessia,Zinga,U,19850113,ITA,,
204774,Victoria,Courmes Benedetti,U,19770607,FRA,,
204775,Anja,Franken,U,19720405,GER,,
204776,Carly,Homewood,U,19811105,GBR,,
204777,Natasha,Papadopoulou,U,19780717,GRE,,
204778,Spela,Rajh,U,19790117,SLO,,
204779,Nena,Vukasovic,U,19771211,SLO,,
204780,Ivana,Havrlikova,U,19730822,CZE,,Q105781666
204781,Rikke,Faurfelt,U,19800828,DEN,,
204782,Line,Elvstrom Ekner,U,19830815,DEN,,
204783,Petra,Puheloinen,U,19801004,FIN,,
204784,Saori,Honda,U,19760907,JPN,,
204785,Dominique,Rosenberg,U,19820805,CHI,,
204786,Angela,Geib,U,19780116,AUT,,
204787,Simona,Galik,R,19750108,SVK,,
204788,Maria,Galoustova,U,19800602,RUS,,
204789,Julia,Podgorochna,U,19800106,RUS,,
204790,Lourdes,Lopez,U,19830211,MEX,,
204791,Andreea,Petrisor,U,19780527,ROU,,
204792,Hyun Hee,Sohn,U,19750320,KOR,,
204793,So Yeon,Im,U,19780826,KOR,,
204794,Young Eun,Shin,U,19790603,KOR,,
204795,Hyun A,Shin,U,19750303,KOR,,
204796,Soon Mi,Kim,U,19730924,KOR,,
204797,Qi,Tuo,U,19780418,CHN,,
204798,Xia,Sheng,U,19820924,CHN,,
204799,Irina,Komarova,U,19760620,RUS,,
204800,Sofia,Managadze,U,19780609,GEO,,
204801,Marina,Soukholitko,U,19811223,RUS,,
204802,Natalia,Romashina,U,19801018,RUS,,
204803,Natalia,Vizhunova,U,,RUS,,
204804,Juleya,Semenets,U,19791013,UKR,,
204805,Victoria,Livanova,U,19810705,RUS,,
204806,Anna,Barinova,U,19791005,LAT,,
204807,Kalina,Diankova,U,19781212,BUL,,
204808,Radoslava,Topalova,U,19800901,BUL,,Q12292025
204809,Maria,Penkova,U,19840625,BUL,,Q19599127
204810,Anna,Rynarzewska,U,19830311,POL,,
204811,Sofia,Finer,U,19760515,SWE,,Q61052714
204812,Maria,Persson,U,19780811,SWE,,
204813,Julia,Smith,L,19830728,GBR,,
204814,Pao Hua,Huang,U,19751023,TPE,,
204815,Yi Ching,Wu,U,19770428,TPE,,
204816,Min Fang,Chang,U,19790511,TPE,,
204817,Ching Li,Chen,U,19740617,TPE,,
204818,Miyako,Nakanishi,U,19731212,JPN,,
204819,Pei Jung,Wu,U,19771222,TPE,,
204820,Hsiao Chuan,Fan,U,19771006,TPE,,
204821,Yi Chieh,Chen,U,19790604,TPE,,
204822,You Shu,Wu,U,19771230,TPE,,
204823,Yi Chun,Lan,U,19810203,TPE,,
204824,Chia Yi,Wu,U,19781001,TPE,,
204825,Hong Lan,Liu,U,19750211,TPE,,
204826,Yu Mei,Chen,U,19771116,TPE,,
204827,Min Hui,Chan,U,19740125,TPE,,
204828,Wan Ting,Lin,U,19810711,TPE,,
204829,Jung Chi,Tsai,U,19800209,TPE,,
204830,Yu Chun,Huang,U,19760929,TPE,,
204831,Hsiung Ching,Lin,U,19810305,TPE,,
204832,Yi Wei,Chen,U,19810403,TPE,,
204833,Rochelle,Raiss,U,19800430,USA,,
204834,Dominique,Reynolds,U,19810623,MEX,,
204835,Claudia,Oliveira,U,19780131,BRA,,
204836,Candida,Reid,U,19770207,GBR,,Q5032127
204837,Selin,Nassi Tekikbas,U,19780706,USA,,
204838,Linda,Jansson,U,19740910,FIN,,Q61679406
204839,Oksana,Yarikova,U,19760402,UZB,,
204840,Liudmila,Nikoyan,R,19790801,ARM,,Q26896892
204841,Irina,Bobrysheva,U,19830305,RUS,,
204842,Marianna,Yuferova,U,19850905,RUS,,
204843,Eka,Zhvania,U,19810122,GEO,,
204844,Maria Jose,Capuano,U,19750611,ARG,,
204845,Ana,Viglione,U,19801021,ARG,,
204846,Eugenia,Lopez Ascarte,U,19760407,ARG,,
204847,Bettina,Hafner,U,19810423,GER,,
204848,Silvia,Gutierrez Quiroga,U,19830214,ESP,,
204849,Atsuko,Shintani,U,19720125,JPN,,
204850,Julia,Carballal Fernandez,U,19770111,ESP,,
204851,Magdalena,Marszalek,U,19800726,POL,,
204852,Barbara,Urbanska,U,19770217,CAN,,
204853,Jennifer,Baker,U,19730117,USA,,
204854,Natalie,Ko,U,19850116,AUS,,
204855,Sarah,Stone,U,19820323,AUS,,
204856,Luana,Magnani,U,19821205,USA,,
204857,Whitney,Benik,U,19850811,USA,,
204858,Anca,Anastasiu,U,19840614,RSA,,
204859,Paloma,Collantes,U,19720823,USA,,
204860,Tumeka,Harris,U,19761226,USA,,
204861,Ilona,Vichnevskaya,U,19801020,RUS,,
204862,Beatriz,Cabrera Rosendo,U,19820905,ESP,,
204863,Gizella,Turbok,U,19780922,HUN,,
204864,Anzela,Zguna,U,19731016,LAT,,Q55106216
204865,Giulia,Baldoni,U,19830519,ITA,,
204866,Giorgia,Buchanan,R,19840106,ITA,,
204867,Daniela,Klemenschits,R,19821113,AUT,,Q450209
204868,Stefanie,Weis,U,19820224,GER,,
204869,Claire,Carter,U,19810712,GBR,,
204870,Melissa,Berry,U,19830629,GBR,,
204871,Cristina,Tonelli,U,19830126,ITA,,
204872,Julia,Gandia Gomez,U,19850701,ESP,,
204873,Anya,Loncaric,U,19810211,CAN,,
204874,Tracey,Oconnor,U,19820924,NZL,,Q29068766
204875,Tomoko,Taira,U,19810722,JPN,,
204876,Marjorie,Ferrand,U,19750118,FRA,,
204877,Irina,Delitz,U,19830513,GER,,
204878,Kim,Kambic,U,19821101,SLO,,
204879,Beatriz,Becker,U,19831224,MEX,,
204880,Eva,Erbova,U,19760416,CZE,,
204881,Isabel,Collischonn,U,19821016,GER,,
204882,Katya,Zenklusen,U,19770612,SUI,,
204883,Giovanna,Di Lauro,R,19850306,ITA,,
204884,Nancy,Rustignoli,R,19850703,ITA,,
204885,Neda,Mihneva,U,19831103,BUL,,
204886,Nikolina,Hrankova,U,19840306,BUL,,
204887,Virginia,Trifonova,U,19811022,BUL,,
204888,Ljiljana,Nanusevic,U,19810802,SRB,,Q66973353
204889,Ayano,Takeuchi,R,19830329,JPN,,
204890,Hiroko,Komori,U,19770911,JPN,,
204891,Nana,Wada,U,19790904,JPN,,
204892,Monika,Schneider,R,19830812,POL,,Q60955914
204893,Rebecca,Rankin,R,19840208,GBR,,
204894,Ivana,Jovanovic,R,19850326,AUS,,
204895,Kim,Coventry,U,19841128,AUS,,
204896,Anouk,Sterk,U,19791105,NED,,
204897,Dina,Khalil,U,19820630,EGY,,
204898,Noha,Mohsen,R,19840924,EGY,,
204899,Evghenia,Ablovatchi,U,19811028,MDA,,Q96591296
204900,Amanda,Sanches,U,19830319,BRA,,
204901,Julieta,Robin,U,19790403,ARG,,
204902,Sabrina,Peppl,U,19831202,BRA,,
204903,Livia,Azzi,U,19821218,BRA,,
204904,Ana Paula,Novaes,R,19811101,BRA,,
204905,Lucia,Tallova,U,19820417,SVK,,
204906,Priscila,Ortega,U,19830303,BRA,,
204907,Tassia,Sono,R,19830426,BRA,,
204908,Morena,De Bernardi,U,19860701,ITA,,
204909,Katri,Miller,R,19830919,EST,,
204910,Anna,Eriksson,U,19820417,SWE,,
204911,Jenny,Lindstrom,R,19820116,SWE,,
204912,Diana,Majkic,U,19800128,SWE,,
204913,Li,Tong,U,19791014,CHN,,
204914,Yan,Chen,U,19770411,CHN,,
204915,Min Jie,Shi,U,19791101,CHN,,
204916,Maria,Husain,U,19830319,USA,,
204917,Hyacinth,Yorke,U,19610809,USA,,
204918,Jennifer,Klaschka,U,19811025,GER,,
204919,Eva,Wang,U,19840706,USA,,
204920,Tuyet Minh,Tran,U,19820608,VIE,,
204921,Mirem,Rico Nogales,U,19830405,ESP,,
204922,Gabriela,Ziliotto,R,19850501,BRA,,
204923,Ariela,Primo,U,19830311,BRA,,
204924,Maria Florencia,Rivolta,U,19811115,ARG,,
204925,Claudia,Salgues,U,19820416,URU,,Q107354805
204926,Elisabeth,Bahn,R,19840701,AUT,,
204927,Luciana,Barbosa,U,19740914,BRA,,
204928,Dea,Sumantri,U,19830120,INA,,
204929,Kun,Deng,U,19820507,CHN,,
204930,Charlotta,Larsson,U,19790925,SWE,,
204931,Bianca,Cremer,U,19780412,GER,,
204932,Katja,Blocker,R,19840820,GER,,
204933,Raquel,Martins,U,19840602,BRA,,
204934,Mariana Pires,Junqueira,L,19840328,BRA,,
204935,Jorgelina,Barrera,U,19840409,ARG,,
204936,Candela,Novoa,U,19790707,ARG,,
204937,Mariana,Conde,U,19840909,ARG,,
204938,Magdalena,Tokarska,U,19850124,POL,,
204939,Malgorzata,Silka,U,19870820,POL,,
204940,Nicole,Ludwig,U,19870408,GER,,
204941,Orawan,Lamangthong,U,19811008,THA,,
204942,Madita,Suer,U,19810402,GER,,
204943,Kara,Molony Hussey,U,19790920,USA,,
204944,Darya,Ivanov,R,19850507,AUS,,
204945,Deanna,Roberts,U,19810730,AUS,,
204946,Yao,Zhang,U,19840208,CHN,,
204947,Katie,Robinette,U,19841110,USA,,
204948,Melissa,Applebaum,U,19840613,USA,,
204949,Lenka,Snajdrova,U,19831215,CZE,,
204950,Tina,Schmassmann,R,19860609,SUI,,
204951,Valentina,Bonacorsi,U,19741202,ITA,,
204952,Meta,Sevsek,R,19870705,SLO,,
204953,Susanne,Wild,U,19821211,GER,,
204954,Claudia,Kuleszka,U,19841116,GER,,
204955,Ajda,Brumen,U,19840722,SLO,,
204956,Claudia,Kardys,R,19850328,GER,,
204957,Emmy,Fritz Krockow,R,19870722,USA,,
204958,Maria Jose,Sanchez Alayeto,U,19840620,ESP,,
204959,Natalia,Cretu,R,19850301,CAN,,
204960,Emily,Kwok,U,19850821,CAN,,
204961,Anna,Pogosova,U,19820814,UKR,,
204962,Katarina,Zoricic,R,19870109,CAN,,
204963,Joanne,Akl,U,19850215,FRA,,
204964,Alexandra,Korotkevich,R,19860407,RUS,,
204965,Lisa,Tognetti,R,19841025,ITA,,
204966,Janette,Bejlkova,R,19860611,CZE,,
204967,Rebecca,Dandeniya,U,19840528,GBR,,
204968,Nino,Szownadze,U,19850203,POL,,
204969,Edita,Liachoviciute,U,19760407,LTU,,Q106070569
204970,Karina Ildor,Jacobsgaard,R,19800101,DEN,,Q8108484
204971,Alexandria,Liles,L,19860310,USA,,
204972,Shari,Bucklin,U,19641103,USA,,
204973,Michelle,Dasso,U,19791212,USA,,
204974,Nhu Quynh,Phan,U,19801102,VIE,,
204975,Thi Kim Loi,Tran,U,19830810,VIE,,
204976,Suzanne,Van Hartingsveldt,R,19820528,NED,,
204977,Katarzyna,Siwosz,U,19860221,POL,,
204978,Hsiao Han,Chao,R,19840221,TPE,,
204979,Tihana,Pochobradsky,U,19830705,CRO,,
204980,Helena,Norfeldt,R,19830408,SWE,,
204981,Nathalia,Papadopolou,U,19850215,SWE,,
204982,Vlasta,Vopickova,U,19710420,CZE,,
204983,Ema,Janaskova,R,19840401,CZE,,
204984,Michaela,Bartlova,U,19861119,CZE,,
204985,Chen Chen,Gao,U,19850213,CHN,,
204986,Elena,Stoianova,U,19850914,BUL,,
204987,Alexandra,Mcgoodwin,U,19841228,USA,,
204988,Andrea,Di Leo,U,19841109,LUX,,
204989,Elena,Vianello,R,19840215,ITA,,
204990,Nicole,Shabaz,U,19860203,USA,,
204991,Sabrina,Diniz,U,19810714,BRA,,
204992,Julia Maria,Arguello,R,19850805,BRA,,
204993,Marina,Tavares,R,19841117,BRA,,
204994,Marina,Cardoso,U,19820402,BRA,,
204995,Patricia,Coimbra,R,19861002,BRA,,
204996,Fernanda,Caputi,R,19850801,BRA,,
204997,Bruna,Paes,R,19870107,BRA,,
204998,Martina,Braun Schultz,U,19860930,BRA,,
204999,Carolina,Salge,R,19860113,BRA,,
205000,Vanessa,Lima,R,19800526,BRA,,
205001,Fernanda,Bini,U,19830102,BRA,,
205002,Florencia,Salvadores,U,19830423,ARG,,
205003,Estefania,Balda Alvarez,R,19870630,ECU,,Q106143129
205004,Monica,Wiesener,R,19851212,USA,,
205005,Caitlin,Collins,U,19850517,USA,,
205006,Natalie,Neri,U,19820803,GBR,,
205007,Natalie,Tanevska,R,19871201,AUS,,
205008,Eveline,Vanhyfte,U,19840319,BEL,,Q61074531
205009,Borka,Majstorovic,R,19830605,SRB,,Q97097792
205010,Magy,Aziz,R,19871225,EGY,,Q6732570
205011,Nadejda,Vassileva,U,19850203,BUL,,
205012,Amani,Khalifa,R,19840609,EGY,,
205013,Klara,Hladka,U,19830707,CZE,,
205014,Maria Fernanda,Riveroll,R,19880113,MEX,,
205015,Maria Laura,Fernandez,U,19800727,MEX,,
205016,Gaelle,Taton,U,19790719,BEL,,
205017,Lia,Jackson,U,19800922,USA,,
205018,Ana,Beltran Trigueros,L,19880311,ESP,,
205019,Ryoko,Watanabe,U,19830913,JPN,168,
205020,Sun Young,Kim,U,19780808,KOR,,
205021,Misae,Sakai,U,19770226,JPN,,
205022,Hong Thanh,Tang,U,19830820,VIE,,
205023,Mai Huynh,Huynh,U,19840925,VIE,,
205024,Naoko,Horikawa,U,19800205,JPN,,
205025,Utako,Suzuki,U,19820812,JPN,,
205026,Eun Hee,Sung,R,19870227,KOR,,
205027,Jia,Lin,U,19870111,CHN,,
205028,Thuy Linh,Tran,U,19821116,VIE,,
205029,Ji Sun,Ha,U,19810902,KOR,,
205030,Kyung Mi,Noh,U,19840411,KOR,,
205031,Michelle,Mitchell,R,19870304,USA,,
205032,Sybil,Parker,U,19770106,USA,,
205033,Anna Maria,Miller,U,19860104,AUT,,
205034,Stefania,Pesce,R,19870208,ITA,,
205035,Vanessa,Wellauer,R,19820420,SUI,,
205036,Michelle,Blattler,R,19860910,SUI,,
205037,Irina,Smirnova,L,19840720,RUS,,
205038,Elisabetta,Monduzzi,U,19870714,ITA,,
205039,Jacqueline,Frohlich,U,19830704,GER,,
205040,Caroline,Hartmann,U,19840406,FRA,,
205041,Nora,Quintal,U,19850118,MEX,,
205042,Shivani,Oberoi,U,19810113,CAN,,
205043,Lauren,Colalillo,U,19821124,CAN,,
205044,Karin,Ionesco,U,19830808,CAN,,
205045,Kanako,Yano,U,19810126,JPN,,
205046,Jodi,Kenoyer,U,19810822,USA,,
205047,Dragana,Ognenovska,U,19830124,MKD,,
205048,Monika,Dancevic,U,19861117,CAN,,
205049,Jessica,Weyreuter,U,19830922,ARG,,
205050,Eunice,David,U,19870130,CAN,,
205051,Amy,Toth,U,19841227,CAN,,
205052,Carmen,Pinto,U,19860903,ITA,,
205053,Vittoria,Maglio,R,19850529,ITA,,
205054,Daniela,Bercek,R,19840707,SRB,,Q27050028
205055,Renata,Kucerkova,U,19870126,CZE,,
205056,Marta,Lesniak,R,19880315,POL,,Q29829922
205057,Valerie,Saillant,R,19870529,CAN,,
205058,Tania,Rice,R,19880423,CAN,,
205059,Hye Jeong,Chang,U,19780505,KOR,,
205060,Mi Ran,Shin,U,19810404,KOR,,
205061,Melanie,Hafner,R,19860327,GER,,
205062,Roberta,Martellini,U,19880423,ITA,,
205063,Zuzana,Cerna,U,19830210,CZE,,
205064,Zsuzsanna,Babos,L,19850223,HUN,,
205065,Liberty,Sveke,U,19870409,USA,,
205066,Julia,Acs,U,19831130,HUN,,
205067,Nadine,Hassinger,U,19830908,GER,,
205068,Ana,Abramovic,R,19860202,CRO,,
205069,Rawya,Seif,U,19851117,EGY,,
205070,Jennifer,De Bodt,R,19850914,BEL,,
205071,Anastasia,Dvornikova,U,19820531,RUS,,
205072,Anastasia,Zvereva,R,19880229,RUS,,
205073,Barbara,Costa,R,19860105,BRA,,
205074,Fernanda,Hermenegildo,R,19881013,BRA,,Q4532542
205075,Carolina,Olmo,U,19850410,ARG,,
205076,Martina,Pavelec,U,19870605,GER,,
205077,Nikol,Dimitrova,U,19870619,BUL,,
205078,Katharine,Baker,L,19860314,GBR,,
205079,Paula,Marama,R,19840213,NZL,,Q27942169
205080,Li,Huang,U,19820723,CHN,,
205081,Qing,Yue,R,19870716,CHN,,
205082,Nan,Dong,U,19870214,CHN,,
205083,Yan,Zhang,U,19880417,CHN,,
205084,Mimi,Renaudin,U,19841030,USA,,
205085,Melissa,Mang,R,19861211,USA,,
205086,Moe,Kawatoko,R,19851026,JPN,,
205087,Shiho,Tanaka,R,19850804,JPN,160,
205088,Komugi,Matsui,U,19830829,JPN,,
205089,Anastasia,Sourkova,U,19860512,RUS,,
205090,Lara,Picone,U,19860802,AUS,,
205091,Claire,Jalade,U,19791203,FRA,,
205092,Kirsty,Woolley,R,19860916,GBR,,
205093,Joyce,Martinez,U,19880111,MEX,,
205094,Celine,Beermann,U,19860207,GER,,
205095,Stephanie,Greau,U,19840911,FRA,,
205096,Marielle,Weihs,R,19861026,AUT,,
205097,Patricia,Ribeiro,U,19860410,POR,,
205098,Jahnavi,Sunderarajan,U,19810717,IND,,
205099,Krushmi,Chheda,L,19850522,IND,,
205100,Liza,Viplav,U,19831005,IND,,
205101,Nandini,Perumal,U,19830813,IND,,
205102,Thassha,Vitayaviroj,R,19860610,THA,,Q13015819
205103,Geeta,Manohar,U,19831228,IND,,
205104,Preeti,Rao,U,19841016,IND,,
205105,Iciri,Rai,U,19851025,IND,,
205106,Lata,Assudani,R,19850324,IND,,
205107,Meghha,Vakaria,L,19840828,IND,,Q106613059
205108,Veronica,Grigis,U,19840325,ITA,,
205109,Eleonora,Punzo,R,19850529,ITA,,
205110,Claire,Ricketts,R,19850321,GBR,,
205111,Nikoleta,Kipritidou,U,19850909,GRE,,
205112,Jessi,Robinson,R,19870221,USA,,
205113,Amanda,Dundas,U,19760727,AUS,,
205114,Courtney,Ulery,U,19880501,USA,,
205115,Chrissie,Seredni,L,19870902,USA,,
205116,Soon Mi,Seo,R,19880414,KOR,,
205117,Soo Mi,Yoo,U,19860131,KOR,,
205118,Ji Youn,Lee,U,19840110,KOR,,
205119,Se Na,Lee,U,19820527,KOR,,
205120,Francesca,Frappi,U,19791016,ITA,,
205121,Barbara,Polidoro,U,19831214,ITA,,
205122,Martina,Lautenschlager,U,19880718,SUI,,Q69596770
205123,Alice,Balducci,R,19860911,ITA,,Q16146432
205124,Elodie,Rouzier,U,19800224,FRA,,
205125,Gaelle,Desperrier,R,19880225,FRA,,
205126,Sousan,Massi,R,19890731,SWE,,
205127,Ana Cecilia,Trevino,U,19831125,MEX,,
205128,Jeong A,Cho,U,19811120,KOR,,
205129,Andrea,Lipovska,R,19861215,AUS,,
205130,Birgit,Ritschka,R,19851111,AUT,,
205131,Wei,Na,U,19810424,CHN,,
205132,Natasha,Kersten,R,19850607,AUS,,
205133,Yvette,Hyndman,R,19880612,USA,,
205134,Stephanie,Wetmore,U,19880428,CAN,,
205135,Diana,Vranceanu,U,19860406,GER,,
205136,Barbara,Pocza,R,19860406,HUN,,Q62731686
205137,Elena,Poliakova,U,19831004,RUS,,
205138,Anna,Powaska,U,19850703,POL,,
205139,Audra,Falk,U,19830331,USA,,
205140,Ekaterina,Kosminskaya,R,19880624,RUS,,
205141,Valentina,Ponomartseva,R,19880419,RUS,,
205142,Sheila,Guerberg,R,19810724,ARG,,
205143,Valentina,Castro,U,19810717,CHI,,Q75197203
205144,Juliana,Botelho,R,19870605,BRA,,
205145,Kokoro,Takehara,U,19841023,JPN,,
205146,Eri,Nozawa,R,19830927,JPN,,
205147,Ekaterina,Kirianova,R,19871130,RUS,,
205148,Katerina,Polunina,R,19880303,UKR,,
205149,Nadezda,Samoylo,R,19840207,RUS,,
205150,Saori,Hosogai,U,19860723,JPN,,
205151,Yukiko,Yabe,U,19811116,JPN,,
205152,Olga,Khrapkova,U,19870724,RUS,,
205153,Natalia,Rakhmanina,U,19880103,RUS,,
205154,Natalia,Pervitskaya,U,19850530,RUS,,
205155,Gabriela,Niculescu,R,19860607,ROU,,Q5515971
205156,Lucia,Jimenez Almendros,U,19851213,ESP,,
205157,Leila,Hodzic,U,19860206,USA,,
205158,Rachael,Dillon,R,19871211,IRL,,
205159,Hannah,Grady,L,19871127,GBR,,
205160,Claire,Peterzan,R,19870209,GBR,,
205161,Danielle,Brown,R,19850529,GBR,,
205162,Daniela,Krejsova,U,19860514,SVK,,
205163,Tamara,Encina,U,19790924,USA,,
205164,Rebekah,Rhodes,U,19791012,USA,,
205165,Sabita,Maharaj,R,19840927,USA,,
205166,Shannon,Robinson,R,19870109,USA,,
205167,Courtney,Vernon,U,19851011,USA,,
205168,Dominique,Van Boekel,R,19840515,NED,,
205169,Polina,Zaretser,R,19860408,USA,,
205170,Anamika,Bhargava,R,19890413,USA,170,
205171,Jie,Zeng,U,19871101,USA,,
205172,Holly,Cao,R,19890720,AUS,,
205173,Bianca,Acquistapace,U,19840511,AUS,,
205174,Bronwyn,Williams,U,19840227,AUS,,
205175,Veronika,Litvinskaya,U,19850430,UKR,,
205176,Dorian,Driessen,U,19840401,NED,,
205177,Marta,Torres Torres,U,19861103,ESP,,
205178,Talitha,De Groot,U,19871006,NED,,
205179,Punam,Reddy,L,19870625,IND,,
205180,Karishma,Patel,U,19810228,IND,,
205181,Suhaila,Jad Gomez,U,19880815,ESP,,
205182,Sabrina,Mendez Dominguez,U,19880605,ESP,,
205183,Celia,Gil Mateo Sasieta,R,19880413,ESP,,
205184,Aude,Vermoezen,U,19890725,BEL,,Q61067795
205185,Mitsuko,Ise,U,19821028,JPN,,
205186,Osaro,Amadin,U,19811005,NGR,,
205187,Michelle,Snyman,R,19860704,RSA,,
205188,Sandra,Canrom,U,19870501,GBR,,
205189,Alice,Izomor,R,19861124,NGR,,
205190,Karin,Schlapbach,U,19800731,SUI,,
205191,Fatimah,Abinu,U,19860126,NGR,,
205192,Sabath,Ibrahim,U,19801228,NGR,,
205193,Rebecca,Fong,U,19840607,GBR,,
205194,Maria,Babich,U,19870207,RUS,,
205195,Alanna,Broderick,R,19800818,JAM,,Q22092217
205196,Jessica,Engels,R,19870301,AUS,,
205197,Katia,Sabate Orera,L,19870730,ESP,,
205198,Alexandra,Recio Linares,U,19870104,ESP,,
205199,Yuka,Hosoya,U,19850603,JPN,,
205200,Mika,Kawamura,R,19870909,JPN,,
205201,Sayaka,Umeda,U,19850503,JPN,,
205202,Irene,Rehberger Bescos,R,19880421,ESP,,
205203,Maria,Gatalskaya,R,19871115,RUS,,
205204,Natalia,Kolat,U,19871119,POL,,
205205,Dominika,Wojtal,R,19850518,POL,,
205206,Ozge,Atalay,U,19871016,TUR,,
205207,Lenore,Lazaroiu,U,19870626,ROU,,
205208,Ayse Ece,Yavuz,U,19900417,TUR,,
205209,Gozde,Unkaya,R,19880523,TUR,,
205210,Alena,Bayarchyk,U,19880810,BLR,,
205211,Katsarina,Zheltova,R,19881010,BLR,,
205212,Laila,Abdala,U,19861007,MEX,,
205213,Micaela,Moran,R,19850326,ARG,,
205214,Yana,Nemerovski,U,19860706,ISR,,
205215,Aleksandra,Kulikova,R,19890526,RUS,,
205216,Nadine,Fahoum,U,19891010,ISR,,
205217,Danielle,Steinberg,R,19840805,ISR,,
205218,Eva,Valkova,R,19850326,CZE,,
205219,Martina,Ondrackova,R,19880218,CZE,,
205220,Chirashanthi,Rajur,U,19850902,IND,,
205221,Shweta,Kakhandki Gadigeppa,U,19890603,IND,,
205222,Madura,Ranganathan,R,19880914,IND,,
205223,Georgette,Wright,U,19840709,USA,,
205224,Lorena,Rebolledo,U,19880415,MEX,,
205225,Rocio,Frausto,U,19881025,MEX,,
205226,Maria Jose,Andres Gomez,U,19871024,MEX,,
205227,Denisa,Pavlikova,R,19841010,CZE,,
205228,Eva,Kadlecova,R,19890722,CZE,,
205229,Georgia,Rose,R,19860921,GBR,,
205230,Yen Hua,Lu,U,19831019,TPE,,
205231,Lorena Ivette,Arias Rodriguez,U,19830125,MEX,,Q66126619
205232,Yana,Zavialova,R,19860604,RUS,,
205233,Laura Alicia,Aguilar,R,19900818,MEX,,
205234,Vittoria,Perugini,U,19870905,ITA,,
205235,Krizia,Borgarello,U,19851202,ITA,,
205236,Daniela,Bracaglia,U,19860112,ITA,,
205237,Yuko,Uchida,U,19840913,JPN,,
205238,Chiaki,Matsumoto,U,19870817,JPN,,
205239,Alejandra,Del Rey Guardiola,R,19870814,ESP,,
205240,Eleonora,Iannozzi,R,19880203,ITA,,
205241,Zita,Horanyi,U,19830916,HUN,,
205242,Saskia,Monien,R,19880124,GER,,
205243,Cristiana,Marotta,R,19880327,ITA,,
205244,Susanna,Mussi,R,19870923,ITA,,
205245,Maksymiliana,Wandel,R,19890411,POL,,
205246,Linda,Smolenakova,R,19850809,SVK,,
205247,Kristina,Andlovic,R,19870417,SWE,,
205248,Laura,Haberkorn,R,19870303,GER,,
205249,Laura,Peterzan,R,19880721,GBR,,
205250,Shan Shan,Li,U,19890106,CHN,,
205251,Cristina,Celani,R,19850213,ITA,,
205252,Maria Belen,Corbalan,R,19850523,ARG,,
205253,Eun Jeong,Hwang,U,19850403,KOR,,
205254,Jung Eun,Kim,U,19861205,KOR,,
205255,Septi,Mende,R,19860921,INA,165,Q7452264
205256,Viet Ha,Ngo,U,19900705,VIE,,
205257,Lisanne,Balk,R,19870215,NED,,
205258,Kunkanda,Pukjumpa,U,19870718,THA,,
205259,Prim,Buaklee,R,19870810,THA,,
205260,Danielle,Kypreos,U,19851113,AUS,,
205261,Varanya,Vijuksanaboon,R,19871112,THA,,
205262,Porntip,Mulsap,R,19880403,THA,,
205263,Franziska,Klotz,R,19880418,AUT,,
205264,Roana,Schiopu,U,19900115,ISR,,
205265,Michal,Amir,R,19851002,ISR,,
205266,Benedetta,Sabatini,U,19891011,ITA,,
205267,Efrat,Mishor,U,19891220,ISR,,
205268,Annabella,Weigert,U,19850509,GER,,
205269,Elana,Agranovich,U,19880712,ISR,,
205270,Martina,Caciotti,R,19890105,ITA,,
205271,Doron,Muravnik,R,19890216,ISR,,
205272,Victoria,Tseitlin,U,19880510,ISR,,
205273,Efrat,Zlotikamin,R,19870612,ISR,,
205274,Laura,Zelder,U,19861117,GER,,
205275,Laura,Borza,R,19880421,CAN,,
205276,Alise,Vaidere,R,19880420,LAT,,Q62703017
205277,Anna,Blagodarova,U,19850506,CAN,,
205278,Nadja,Kusterer,R,19850114,GER,,
205279,Alizee,Paradis,R,19870619,CAN,,
205280,Laura,Pola,U,19900423,CAN,,
205281,Hae Youm,Bae,R,19870414,KOR,,
205282,Hitomi,Fujii,U,19840812,JPN,,
205283,Nicole,Buitoni,R,19861020,BRA,,
205284,Florentina,Hanisch,U,19870919,BRA,,
205285,Hilda,Zuleta Cabrera,R,19840913,ECU,,
205286,Stephanie,Dalmacio,U,19870812,BRA,,
205287,Viviane,Marani,U,19871209,BRA,,
205288,Liset,Brito Herrera,L,19880531,CHI,,
205289,Patricia,Holzman,R,19840829,ARG,,
205290,Cecilia,Cardenas,R,19830425,ARG,,
205291,Bruna,Cunha,R,19870209,BRA,,
205292,Shu Yi,Zhang,U,19861114,CHN,,
205293,Yulia,Solonitskaya,R,19900222,RUS,,
205294,Katariina,Tuohimaa,U,19880428,FIN,180,Q13561
205295,Christine,Sperling,U,19880208,GER,,
205296,Maarit,Nieminen,R,19840210,FIN,,
205297,Shana,Claes,L,19870824,BEL,,
205298,Nathalie,Gunthard,R,19901207,POR,,
205299,Teresa,Ferrer Lopez Cuervo,R,19880807,ESP,,
205300,Miriam,Steinhilber,U,19880511,GER,,
205301,Lora,Stancheva,U,19900820,BUL,,
205302,Sladana,Stankovic,U,19831112,SRB,,
205303,Tanya,Stoimenova,U,19890206,BUL,,
205304,Andrada Lacramioara,Dinu,U,19870911,ROU,,
205305,Lindsay,Cox,L,19830118,GBR,,
205306,Kristina,Movsesyan,R,19850930,RUS,,
205307,Ayumi,Yamamoto,U,19870916,JPN,,
205308,Emiko,Ito,R,19890619,JPN,,
205309,Lara,Fakhoury,R,19880214,GBR,,
205310,Christy,Striplin,R,19871212,USA,,
205311,Monika,Kochanova,R,19890216,SVK,,
205312,Ellen,Linsenbolz,U,19890223,GER,,
205313,Sarina,Mueller,R,19860730,GER,,
205314,Madlen,Kadur,R,19891106,GER,,
205315,Radana,Holusova,R,19880706,CZE,,
205316,Kelly,De Beer,U,19860222,NED,,
205317,Eva,Pera,U,19861121,NED,,
205318,Stephanie,Jeanes,R,19890509,AUS,,
205319,Maria,Sorbello,U,19871225,AUS,,
205320,Vera,Leontieva,R,19860209,RUS,,
205321,Monique,Lynch,U,19891201,AUS,,
205322,Josanne,Van Bennekom,R,19870529,NED,,
205323,Joanna,Matuszczyk,R,19890327,POL,,
205324,Karolina,Filipiak,R,19870708,POL,,
205325,Karolina,Navratilova,R,19890415,CZE,,
205326,Therina,Steenkamp,U,19800907,RSA,,
205327,Celine,Regnier,U,19741017,FRA,,
205328,Marie Perrine,Baudouin,U,19830114,FRA,,
205329,Julija,Gotovskyte,R,19880120,LTU,,Q84034360
205330,Andrea,Hofinger,R,19820420,AUT,,
205331,Margaret,Olagundoye,U,19741228,NGR,,
205332,Hannah,Eke,U,19870814,NGR,,
205333,Davinia,Lobbinger,R,19840503,BEL,,
205334,Olusola,Gbadamosi,R,19880825,NGR,,
205335,Maria Fernanda,Macedo,U,19900721,MEX,,
205336,Bianca,Smith,R,19871104,AUS,,
205337,Renee,Lampret,R,19841123,AUS,,
205338,Tinusha,Sivaganam,R,19891003,MAS,,
205339,Lucia,Gonzalez,R,19850728,AUS,,
205340,Jenny,Swift,R,19890427,AUS,,
205341,Julia,Dziedzic,R,19860303,AUS,,
205342,Nicole,Bouffler,U,19830228,AUS,,
205343,Abby,Hedges,U,19870309,NZL,,
205344,Beatrice,Gumulya,R,19910101,INA,161,Q4877155
205345,Maya,Rosa,R,19860817,INA,162,
205346,Patricia,Soesilo,U,19880413,INA,,
205347,Deborah,Armstrong,U,19890116,GBR,,
205348,Wei Ping,Lee,R,19891122,SGP,,
205349,Lutfiana Aris,Budiharto,U,19900831,INA,,
205350,Denise,Harijanto,R,19880116,INA,,
205351,Jessica,Jackson,U,19890626,GBR,,
205352,Angelina,Jogasuria,R,19910626,INA,,
205353,Maja,Kambic,U,19880207,SLO,,
205354,Angelika,Jogasuria,R,19910626,INA,,
205355,Nosa,Esorae,U,19781012,NGR,,
205356,Blessing,Samuel,U,19901210,NGR,,
205357,Reina,Ishihara,U,19840727,JPN,,
205358,Angelica,Chavez,U,19880221,MEX,,
205359,Marta,Espigado Delgado,U,19900203,ESP,,
205360,Cristina,Valladares Nunez,U,19890630,ESP,,
205361,Nina,Munch Soegaard,L,19871126,NOR,,Q27849984
205362,Rebeca,Delgado Gerardo,R,19900524,MEX,,
205363,Cristina,Sanchez Quintanar,R,19890324,ESP,,Q23059378
205364,Petra,Mokra,R,19900405,CZE,,
205365,Magdalena,Tokarczyk,R,19881212,POL,,
205366,Suzanne,Matzenauer,U,19880117,USA,,
205367,Maria Paula,Hernandez,U,19900330,MEX,,
205368,Alexandra,Odell Michels,R,19890905,CAN,,
205369,Courtney,Clayton,R,19900327,USA,,
205370,Cammie,Gray,U,19871122,USA,,
205371,Shao Yuan,Kao,R,19880611,TPE,,
205372,Sevvy,Gallios,R,19850212,AUS,,
205373,Ana Maria,Constantinescu,R,19890908,ROU,,
205374,Jessica,Schaer,R,19880224,AUS,,
205375,Ashlee,Brown,R,19890222,AUS,,
205376,Marie Pier,Huet,R,19890430,CAN,,
205377,Melisa,Cabrera Handt,L,19860818,ESP,,
205378,Sara,Celma Boix,R,19891009,ESP,,
205379,Nelly,Radeva,R,19901113,USA,,
205380,Zhanna,Nemykina,R,19860731,GER,,
205381,Veronica,Queen,U,19870514,USA,,
205382,Keilly,Ulery,U,19900505,USA,,
205383,Kate,Jolson,U,19831111,USA,,
205384,Reka,Zsilinszka,R,19890708,USA,,
205385,Thuy Trang,Le Nguyen,U,19880214,VIE,,
205386,Kei,Sekine,U,19840224,JPN,,
205387,Kaoru,Maezawa,U,19871209,JPN,,
205388,Federica,Dambrosio,U,19890321,ITA,,
205389,Argyro,Christofi,U,19911105,GRE,,
205390,Andrea,Eskauriatza Ruiz,U,19910415,MEX,,
205391,Alessandra,Di Batte,U,19890922,ITA,,
205392,Alessia,Bertoia,U,19890506,ITA,,
205393,Agni,Stefanou,U,19890523,GRE,,Q23059695
205394,Anastasia,Kontratevidi,L,19900131,GRE,,
205395,Meli,Garcia Truchado,R,19890912,ESP,,
205396,Cynthia,Prieto Garcia,U,19880818,ESP,,
205397,Natalia,Anisimova,U,19730130,BLR,,
205398,Cho Won,Lee,U,19870729,KOR,,
205399,Jelena,Stanivuk,R,19880217,BIH,,Q63762954
205400,Ji Ae,Kim,R,19870714,KOR,,
205401,Sun Jung,Kim,R,19850314,KOR,,
205402,Olga,Kirpicheva,R,19901023,RUS,,
205403,Sina,Hartmann,R,19901006,GER,,
205404,Julia,Paetow,R,19851027,GER,,
205405,Ginebra,Mostajo Estrada,U,19891122,ESP,,
205406,Lydia,Lopez Lopez,R,19890513,ESP,,
205407,Shiori,Kikukawa,U,19910612,JPN,,
205408,Lauren,Dossor,U,19880612,GBR,,
205409,Elizaveta,Titova,U,19890506,RUS,,
205410,Sonja,Viskovich,U,19861230,AUS,,
205411,Airi,Hagimoto,U,19861226,JPN,,
205412,Anouk,Tigu,R,19891026,NED,,
205413,Nicolette,Van Uitert,R,19901029,NED,,
205414,Bieke,Serruys,R,19850222,BEL,,
205415,Katharina,Killi,R,19890608,GER,,
205416,Nina,Henkel,R,19870611,GER,,
205417,Yuliya,Hnateyko,U,19870802,UKR,,
205418,Irina,Khatsko,R,19900527,UKR,,
205419,Ksenia,Lopina,R,19880430,UKR,,
205420,Kateryna,Byelcheva,U,19900323,UKR,,
205421,Fabiana,Chiaparini,R,19890501,BRA,,
205422,Lara,Rafful,R,19900206,ITA,,
205423,Fabiana,Mak,R,19870320,BRA,,
205424,Carolina Magalhaes,Malheiros,U,19880517,BRA,,
205425,Larissa,Ferreira Melo,R,19881126,BRA,,
205426,Flavia,Borges,L,19910418,BRA,,
205427,Raphaela,Chaves Borges,R,19890318,BRA,,
205428,Taylor,Ormond,U,19890723,CAN,,
205429,Monika,Lalewicz,L,19890114,CAN,,
205430,Anita,Paliiska,U,19900314,BUL,,
205431,Jaklin,Alawi,R,19901228,BUL,,Q12280046
205432,Maria Luiza,Craciun,R,19900703,ROU,,
205433,Sylwia,Zagorska,U,19890502,POL,,
205434,Monica,Gorny,R,19910329,RSA,,
205435,Anna,Geissler,U,19890411,GER,,
205436,Paola,Garrido Rodriguez,R,19920308,ESP,,
205437,Paula,Alvarez Pino,R,19900228,ESP,,
205438,Alexandra,Popa,U,19830929,ROU,,
205439,Giulia,Bruzzone,L,19910312,ITA,,
205440,Yuko,Kurata,R,19800426,JPN,,
205441,Mika,Morimoto,U,19900516,JPN,,
205442,Farida,Karaieva,R,19890327,UKR,,
205443,Viktoriya,Semyrodenko,U,19900726,UKR,,
205444,Miljana,Adanko,R,19871015,SRB,,
205445,Katerina,Mazackova,U,19860819,CZE,,
205446,Aleksandra,Marjanovic,U,19880701,GER,,
205447,Anja,Poglajen,R,19880730,SLO,,
205448,Huan,Xia,U,19880106,CHN,,
205449,Ting Ting,Lu,U,19880627,CHN,,
205450,Xuan Yu,Guo,U,19900222,CHN,,
205451,Wen Bo,Wang,U,19900727,CHN,,
205452,Hye Mi,Byun,U,19880120,KOR,,
205453,Xia Ling,Li,U,19880129,CHN,,
205454,Ya Qi,Deng,U,19911103,CHN,,
205455,Josipa,Bek,R,19880127,CRO,,
205456,Julie,Herve,U,19900410,FRA,,
205457,Lucy,Fletcher,L,19860418,GBR,,
205458,Maria Victoria,Domina,U,19810814,ARG,,
205459,Alexandra,Karavaeva,R,19871005,RUS,,
205460,Marina,Takimura,U,19900129,JPN,,
205461,Paulina,Luquin,R,19890415,MEX,,
205462,Melisa,Morales,R,19901204,GUA,,Q27536148
205463,Jessica,Orselli,R,19850125,ARG,,
205464,Diana,Kyllmann,U,19910124,BOL,,
205465,Daniela,Trigo,R,19910415,BOL,,
205466,Catalina,Arancibia,R,19871112,CHI,,
205467,Maria Eugenia,Roca Recarey,L,19890504,URU,,
205468,Emilia,Yorio,L,19860214,ARG,,
205469,Natalia,Guitler,R,19870604,BRA,,
205470,Ana Paula,Antelo,U,19901212,BOL,,
205471,Yasmin,Enrich,U,19880409,ARG,,
205472,Emily,Haylock,R,19810622,AUS,,
205473,Mia,Sacca,R,19890528,INA,,
205474,Bianca,Aboubakare,R,19890514,USA,,
205475,Svetlana,Tsykhanskaya,R,19860628,RUS,,
205476,Karla,Gallardo,U,19890314,MEX,,
205477,Chloe,Mielgo Herrera,R,19890603,MEX,,
205478,Charlotte,Bossy,R,19900326,BEL,,
205479,Aminat,Balogun,U,19761208,NGR,,
205480,Lucy,Warburton,U,19871207,GBR,,
205481,Tamsyn,Briscoe,R,19890614,RSA,,
205482,Prerana Mythri,Appineni,R,19910126,IND,,
205483,Yukari,Kishiro,U,19891002,JPN,,
205484,Ana Sofia,Camberos,U,19900814,MEX,,
205485,Deyanirr,Solorio,R,19900414,MEX,,
205486,Blessing,Anuna,U,19821008,NGR,,
205487,Anja Vanessa,Peter,R,19880915,PHI,,
205488,Laura,Bsoul,R,19881003,GER,,
205489,Ekaterina,Pushkareva,U,19900409,RUS,,
205490,Kanako,Ishida,U,19890603,JPN,,
205491,Pola,Olczak,U,19880820,POL,,
205492,Ashmitha,Easwaramurthi,R,19890717,IND,,
205493,Parija,Maloo,U,19891104,IND,,
205494,Prachi,Nadkarni,U,19911119,IND,,
205495,Asha,Nanda Kumar,R,19871009,IND,,
205496,Vishika,Chhetri,U,19831012,IND,,
205497,Jana,Jandova,R,19900723,CZE,,
205498,Thien Trang,Nguyen,R,19910918,USA,,
205499,Pamela,Montez,R,19910101,USA,,Q106294065
205500,Maddie,Brooks,R,19890208,GBR,,
205501,Cassandra,Chan,R,19851130,AUS,,
205502,Selma,Andrade,U,19831005,NED,,
205503,Michelle,Brycki,R,19890911,AUS,,
205504,Mara,Nowak,R,19920506,GER,,
205505,Morgan,Basil,R,19920220,USA,,
205506,Maria,Meliuk,R,19910409,BLR,,
205507,Olga,Sarli,R,19880118,GRE,,
205508,Marina,Lushchina,R,19920616,RUS,,
205509,Inna,Sokolova,U,19900712,RUS,,
205510,Julianna,Gates,U,19850107,USA,,
205511,Nigora,Sirojiddinova,R,19901208,UZB,,
205512,Misa,Kinoshita,U,19870525,JPN,,
205513,Nelly,Ciolkowski,R,19900611,FRA,,
205514,Camille,Sapene,R,19910403,FRA,,
205515,Subbadharmi,Sundaram,R,19890708,USA,,
205516,Valeria,Casillo,L,19881012,ITA,,
205517,Carla,Venticinque Torres,U,19910714,ESP,,
205518,Tina,Obrez,R,19860421,SLO,,Q7807942
205519,Beate,Giller,U,19890105,AUT,,
205520,Eylul,Benli,R,19890201,TUR,,
205521,Asli,Semizoglu,U,19870311,TUR,,
205522,Yoo Ri,Bae,U,19861027,KOR,,
205523,Jae Hee,Lyoo,U,19850925,KOR,,
205524,Xi,Lu,U,19890120,CHN,,
205525,Lu,Guo,U,19881124,CHN,,
205526,Sara,Savarise,U,19870404,ITA,,
205527,Karolina,Domanski,R,19881228,SWE,,
205528,Julia,Jagodzinska,R,19910926,POL,,
205529,Maya,Pitenina,R,19890414,RUS,,
205530,Mika,Urbancic,R,19891213,SLO,,
205531,Marina,Skvortsova,R,19890525,RUS,,
205532,Karoline,Steiro,R,19890311,NOR,,Q64223733
205533,Cristina,Bala Abella,U,19881230,ESP,,
205534,Berta,Morata Flaquer,U,19880721,ESP,,
205535,Debora,Castany Muniente,U,19891112,ESP,,
205536,Petra,Pajalic,U,19880601,SLO,,
205537,Stephanie,Vidov,R,19930216,USA,,
205538,Anupama,Rajur,U,19840106,IND,,
205539,Stephanie,Macfarlane,R,19881017,AUS,,
205540,Kelsey,Sundaram,R,19910408,USA,,
205541,Unnati,Purushotham,R,19900617,IND,,
205542,Denise,Mascherini,R,19880918,ITA,,
205543,Alexandra,Hernandez Vallant,R,19870719,USA,,
205544,Appollonia,Melzani,R,19890708,BEL,,
205545,Rocio,Lopez Alberca,U,19910414,ESP,,
205546,Iuliia,Sandrakova,R,19871124,UKR,,
205547,Elizaveta,Zaytseva,U,19890707,RUS,,
205548,Mayumi,Seki,U,19900702,JPN,,
205549,Lenka,Hojckova,R,19870807,SVK,,
205550,Lara,Meccico,L,19900615,ITA,,
205551,Letizia,Lo Re,U,19880906,ITA,,
205552,Paloma,Diaz Sada,U,19900331,ESP,,
205553,Olivia,Scarfi,U,19880710,GBR,,
205554,Amanda,Granson,U,19880314,USA,,
205555,Chelsea,Preeg,U,19891211,USA,,
205556,Ioana,Ivan,R,19900723,ROU,,Q6061900
205557,Oana Alexandra,Stanica,R,19890909,ROU,,
205558,Tugce,Dogan,U,19910612,TUR,,
205559,Betty,Dautriat,R,19900731,FRA,,
205560,Yui,Takauchi,U,19911220,JPN,,
205561,Shiho,Otake,R,19900601,JPN,,
205562,Naoko,Eto,R,19841217,JPN,,
205563,Natalia,Alvarez Bilbao,R,19910627,ESP,,
205564,Elodie,Caillat,U,19880308,FRA,,
205565,Katrin,Schmidt,R,19910124,GER,,
205566,Anna Viktoria,Lind,R,19860421,SWE,,
205567,Paola,Sprovieri,U,19880602,GER,,
205568,Anna,Lubinsky,U,19840821,USA,,
205569,Jill M,Saunders,U,19910313,USA,,
205570,Helena,Besovic,U,19840828,BIH,,Q27839509
205571,Edyta,Cieplucha,R,19900610,POL,,
205572,Hanna,Kapustka,U,19900608,POL,,
205573,Klaudia,Malenovska,R,19890423,SVK,,
205574,Ewa,Szatkowska,U,19880419,POL,,
205575,Daniela,Covello,U,19830506,CAN,,
205576,Kady,Pooler,U,19860317,USA,,
205577,Marcella,Koek,R,19880527,NED,,
205578,Adeline,Goncalves,R,19910111,FRA,,
205579,Hermione,Roukassian,U,19850102,FRA,,
205580,Maria Jose,Marino Calvino,U,19930612,ESP,,
205581,Jana,Albers,U,19880113,GER,,
205582,Farah,Abougeib Selo,U,19900322,ESP,,
205583,Julia,Trunk,U,19880424,GER,,
205584,Diana Andreea,Gae,L,19880307,ROU,,
205585,Beatris,Simion,R,19860922,ROU,,
205586,Taij Mishma,Kumar,R,19910130,AUS,,
205587,Andressa,Garcia,L,19910216,BRA,,
205588,Yasmine,Guimaraes,U,19901201,BRA,,
205589,Fernanda,Faria,R,19911203,BRA,,
205590,Nicole,Herzog,R,19910124,BRA,,
205591,Paula Cristina,Goncalves,R,19900811,BRA,173,Q13360131
205592,Minori,Takemoto,U,19840921,JPN,,
205593,Yuri,Kasuya,U,19830624,JPN,,
205594,Aleksandra,Rosolska,R,19841117,POL,,
205595,Martyna,Majewska,U,19900419,POL,,
205596,Kateryna,Yergina,U,19900625,UKR,,
205597,Marketa,Havelkova,R,19900817,CZE,,
205598,Hitomi,Saito,U,19900328,JPN,,
205599,Mariam,Kurdadze,U,19900117,GEO,,
205600,Anna,Movsisyan,U,19880715,ARM,,Q27886475
205601,Magda,Okruashvili,R,19900619,GEO,,
205602,Zhanna,Panfilkina,U,19900115,RUS,,
205603,Fabiana,Palcic,U,19900209,SLO,,
205604,Andjela,Kankaras,R,19900121,MNE,,
205605,Ljubica,Avramovic,L,19850602,SRB,,
205606,Viktoria,Kamenskaya,R,19911126,RUS,,Q27537219
205607,Carolina,Gago Fuentes,U,19780911,ESP,,
205608,Marcela,Fonseca Villarreal,U,19900103,COL,,
205609,Marcela Guimaraes,Bueno,U,19881009,BRA,,
205610,Marcela,Gomez,R,19900626,COL,,
205611,Gabriela,Mejia Tenorio,U,19890219,COL,,
205612,Lais,Ogata,R,19890602,BRA,,
205613,Maria,Bayon,R,19900327,MEX,,
205614,Anna,Mangano,U,19920621,ITA,,
205615,Julia,Moriarty,R,19881203,IRL,,Q6306589
205616,Xin,Wen,R,19920707,CHN,,
205617,Joohyoung,Kim,R,19880402,KOR,,
205618,Francisca,Sintes Martin,R,19800406,ESP,,
205619,Burce,Kurkan,U,19900115,TUR,,
205620,Hanna,Andreyeva,U,19890314,UKR,,
205621,Sandrine,Chevy,U,19761014,REU,,
205622,Lisa,Jamais,U,19900610,REU,,
205623,Milica,Tomic,U,19880420,SUI,,
205624,Clothilde,Falconetti,U,19871211,FRA,,
205625,Marine,Tirel,U,19900813,REU,,
205626,Melanie,Oosterhof,U,19860228,GER,,
205627,Desislava,Lazarova,U,19910620,BUL,,
205628,Anne Laure,Dorseuil,U,19921016,REU,,
205629,Laura,Babet,U,19900325,REU,,
205630,Kim,Stierli,U,19860910,SUI,,
205631,Phoebe,Di Leo,R,19880520,USA,,
205632,Pauline,Bourdet Fontaine,U,19860612,REU,,
205633,Lalatiana,Randriamanantena,U,19890326,FRA,,
205634,Kesy,Moison,U,19841217,REU,,
205635,Julie,Stas,R,19880521,BEL,,
205636,Diane,Trebalag,U,19920526,REU,,
205637,Laura,Gence,U,19870502,REU,,
205638,Benita,Milenkiewicz,U,19901209,AUS,,
205639,Fumika,Kumagai,U,19920327,JPN,,
205640,Rie,Imai,L,19860119,JPN,,
205641,Amie,Shyu,R,19901015,AUS,,
205642,Nevena,Selakovic,R,19890303,SRB,,
205643,Demi,Barao Rodrigues,U,19911114,POR,,
205644,Vishakha,Sheoran,R,19890425,IND,,
205645,Tanvi,Shah,U,19910622,IND,,
205646,Adnya,Naik,R,19920105,IND,,
205647,Tereza,Malikova,R,19910713,CZE,,
205648,Anastasia,Burmistrova,R,19920613,RUS,,
205649,Pavla,Smidova,U,19900402,CZE,,
205650,Sofia,Holden,U,19840220,MEX,,
205651,Ester,Masuri,R,19891226,ISR,,
205652,Eden,Doliveira,R,19910207,RSA,,
205653,Nicole,Monteiro,U,19880215,NED,,
205654,Lolia,Kienka,U,19920423,NGR,,
205655,Christie,Agugbom,U,19821111,NGR,,
205656,Vladlena,Petushkova,R,19901004,RUS,,
205657,Beauty,Macleod,R,19781227,NGR,,
205658,Ronke,Akingbade,R,19880128,NGR,,
205659,Lisa,Marshall,R,19870912,RSA,,
205660,Nicola,Mooney,R,19841027,GBR,,
205661,Anthonia,Onwochie,U,19770209,NGR,,
205662,Mary,Tenu Michael Christon,U,19871012,NGR,,
205663,Valerie,Menob,R,19820213,CMR,,
205664,Patricia,Veresova,U,19890531,SVK,,
205665,Emily,Gelber,U,19921201,USA,,
205666,Kimberley,Ruxton,R,19890413,AUS,,
205667,Alice,Watter,U,19910401,AUS,,
205668,Janelle,Cuthbertson,U,19900903,AUS,,
205669,Diana,Eriksson,U,19880321,SWE,,
205670,Katia,Viera Erbach,U,19890718,ESP,,
205671,Renee,Binnie,U,19891107,AUS,,
205672,Kate,Antosik,R,19890616,AUS,,
205673,Renee,Reinhard,U,19900316,NED,,Q60681847
205674,Goele,Lemmens,R,19890522,BEL,,
205675,Martina,Balogova,L,19900517,SVK,,
205676,Claudia,Spincke,R,19870821,GER,,
205677,Monica,Pezzotti,R,19901121,COL,,
205678,Julia,Gavenko,L,19900219,RUS,,
205679,Ksenija,Grinshpun,U,19900220,RUS,,
205680,Daria,Abdrakhmanova,R,19910609,RUS,,
205681,Karina,Isayan,R,19920306,RUS,,
205682,Anastasia,Shchilinskaya,U,19910127,RUS,,
205683,Yana,Filyushina,R,19931007,RUS,,
205684,Ksenia,Moskal,R,19910927,RUS,,
205685,Christian,Thompson,U,19840913,USA,,
205686,Keri,Wong,U,19891225,USA,163,Q17488025
205687,Yuri,Kurashima,U,19850219,JPN,,
205688,Sabrina,Capannolo,U,19860112,USA,,
205689,Bo,Verhulsdonk,R,19840403,NED,,
205690,Weronika,Bloczynska,U,19850517,POL,,
205691,Mina,Saygi,R,19940105,TUR,,
205692,Svetlana,Smirnova,R,19870921,RUS,,
205693,Grace Sari,Ysidora,R,19930511,INA,,
205694,Helene,Auensen,R,19890414,NOR,,Q64020570
205695,Josefin,Andersson,U,19900822,SWE,,
205696,Steffi,Bachofer,U,19841128,GER,,
205697,Chantal,Brutschin,R,19920905,GER,,
205698,Diana,Isaeva,U,19921020,RUS,,
205699,Oksana,Khomyk,R,19880207,UKR,,
205700,Emma,Flood,U,19901013,NOR,,Q15221403
205701,Nataly,Yoo,U,19900913,USA,,
205702,Rubi,Morales,U,19921006,MEX,,
205703,Fernanda,Sandoval,U,19930107,MEX,,
205704,Wen,Sun,R,19910103,CHN,,
205705,Jing Jue,Lu,U,19900915,CHN,,
205706,Rui,Bao,U,19880516,CHN,,
205707,Maria,Belaya,U,19920619,USA,,
205708,Stephanie,Roy,U,19900802,CAN,,
205709,Brittany,Wowchuk,R,19911216,CAN,,
205710,Dominika,Dieskova,R,19840714,SVK,,
205711,Melissa,Mcqueen,U,19910125,CAN,,
205712,Monika,Hadvigerova,U,19890219,SVK,,
205713,Eugenia,Yordanova,R,19900805,BUL,,
205714,Julie,Gervais,U,19910722,FRA,,Q24228908
205715,Natalia,Lozano Anton,U,19900218,ESP,,
205716,Amanda,Cunningham,U,19900923,GBR,,
205717,Holly,Richards,U,19871002,GBR,,
205718,Emily,Askew,U,19920113,GBR,,
205719,Barbora,Krtickova,R,19901101,CZE,,
205720,Kim Alena,Twelker,R,19930202,GER,,
205721,Carla,Lindlar,U,19900709,GER,,
205722,Valentina,Stephan,R,19910220,GER,,
205723,Anna,Zaja,R,19910625,GER,183,Q4767632
205724,Ineke,Mergaert,R,19880404,BEL,,
205725,Raquel,Barcala Lopez,R,19911120,ESP,,
205726,Tamara,Alvarez Riobo,R,19930106,ESP,,
205727,Patricia,Vilas Ibanez,U,19910130,ESP,,
205728,Linda,Berlinecke,R,19910223,GER,,
205729,Kristina,Benashvili,U,19901201,UZB,,
205730,Sophie,Cornerotte,R,19880705,BEL,,
205731,Ema,Polic,R,19900912,SRB,,
205732,Mara,Zovko,U,19900215,CRO,,
205733,Bojana,Borovnica,U,19780408,SRB,,
205734,Aleksandra,Josifoska,R,19910503,MKD,,
205735,Irene,Santos Bravo,U,19890816,ESP,,
205736,Carmen,Lopez Rueda,R,19900103,ESP,,
205737,Carla,Roset Franco,U,19920103,ESP,,
205738,Karin,Morgosova,U,19910411,SVK,,
205739,Timna,Ticic,U,19860428,CRO,,
205740,Dunja,Sunkic,R,19910306,SRB,,
205741,Natasha,Lotuffo,U,19890602,BRA,,
205742,Thais,Xavier,U,19920130,BRA,,
205743,Ai,Koga,U,19911003,JPN,,
205744,Diana,Narzikulova,R,19890718,UZB,,
205745,Shahzodaxon,Hatamova,U,19911218,UZB,,
205746,Diera,Saidmukhamedova,R,19940906,UZB,,
205747,Jenny Thuy,Le,L,19920902,AUS,,
205748,Stephanie,Wiltshire,U,19900815,AUS,,
205749,Olivia,Rich,R,19920714,AUS,,
205750,Nancy,Ferguson,R,19901025,AUS,,
205751,Mia,Vriens,R,19920823,AUS,,
205752,Hayley,Ericksen,R,19900410,AUS,,
205753,Daniela,Scivetti,R,19880516,AUS,,
205754,Gabriela,Vieira,U,19890323,BRA,,
205755,Guadalupe,Moreno,L,19890915,ARG,,
205756,Carla,Manzi,R,19920625,COL,,
205757,Claudia,Razzeto,R,19910418,PER,,Q105607550
205758,Heini,Salonen,U,19930711,FIN,,Q13556
205759,Margarita,Lazareva,L,19901010,RUS,,
205760,Anna,Rapoport,R,19920907,RUS,,
205761,Johanna,Hyoty,U,19920215,FIN,,Q13535
205762,Veera,Nurmi,R,19850904,FIN,,
205763,Essi,Laine,R,19840727,FIN,,Q13542
205764,Ingrid Alexandra,Radu,U,19930601,ROU,,
205765,Dalia,Zafirova,R,19910402,BUL,170,
205766,Yuliana,Umanets,R,19920825,UKR,,
205767,Giulia,Lambiase,R,19920302,ITA,,
205768,Katarina,Baranova,R,19920413,SVK,,
205769,Maria Fernanda,Aguirre Arteaga,U,19911205,MEX,,
205770,Adriana,Guzman,U,19920630,MEX,,
205771,Naoko,Masuda,U,19901104,JPN,,
205772,Deeon,Mladin,U,19910522,AUS,,
205773,Valentina,Starkova,R,19911118,KAZ,,
205774,Ielyzaveta,Rybakova,R,19901124,UKR,,
205775,Jennifer,Ren,U,19930121,GBR,,
205776,Jodie,Williams,U,19910309,GBR,,
205777,Bouwiena,Boer,U,19910430,NED,,
205778,Stephanie,Theiler,L,19891130,SUI,,
205779,Noel,Scott,R,19930203,USA,,
205780,Tegan,Edwards,U,19890103,RSA,,
205781,Klara,Koprivova,R,19920312,CZE,,
205782,Alina,Jerjomina,U,19920708,LAT,,
205783,Michelle,De Groot,U,19910328,NED,,
205784,April,Bisharat,U,19920508,USA,,
205785,Renata,Bakieva,L,19920618,RUS,,
205786,May,El Wardany,R,19900131,EGY,,
205787,Francesca,Segarelli,R,19900905,DOM,170,Q15212290
205788,Ellie,Yates,U,19930808,USA,,
205789,Na Ri,Kim,U,19900404,KOR,,Q20873426
205790,Alexandra,Nancarrow,R,19930901,AUS,165,
205791,Alison,Shemon,R,19890427,AUS,,
205792,Natalie,Barbir,R,19900217,AUS,,
205793,Montana,Grenfell,R,19910305,AUS,,
205794,Dian,Anggraini,U,19850728,INA,,
205795,Anggrenny,Oky Suconong,U,19900928,INA,,
205796,Chun Yan,He,L,19830413,CHN,,
205797,Cynthia,Melita,R,19930710,INA,,
205798,Yi,Yang,R,19890927,CHN,,
205799,Dane,Vorster,R,19930214,AUS,,
205800,Molly,Polak,R,19941008,AUS,,
205801,Natasha,Pawlowski,R,19900919,AUS,,
205802,Shakhnoza,Karieva,U,19920301,UZB,,
205803,Stephanie,Hoffpauir,U,19901027,USA,,
205804,Nicole,Bartnik,U,19911031,USA,,
205805,Karolina,Chernaya,R,19930102,UZB,,
205806,Marina,Zhurba,R,19931008,UKR,,
205807,Yulia,Pilnik,U,19880626,UKR,,
205808,Hermon,Brhane,U,19900824,GER,,
205809,Anastasia,Putilina,R,19911113,RUS,,
205810,Iryna,Kyrychenko,U,19931219,UKR,,
205811,Yuliya,Artsiomava,R,19920522,BLR,,
205812,Anastasiya,Kyrylova,R,19920424,UKR,,
205813,Julia,Samuseva,R,19920903,RUS,,
205814,Aleksandra,Filipovski,R,19911210,HUN,,
205815,Eri,Hozumi,R,19940217,JPN,168,Q14626025
205816,Julia,Kushnereva,R,19910622,RUS,,
205817,Gloire,Mfoumouangana,U,19930507,FRA,,
205818,Zerina,Gozhdari,R,19941207,ALB,,
205819,Eleonor,Picot,R,19910111,FRA,,
205820,Renata,Kuricova,U,19930613,SVK,,
205821,Kaja,Rajh,U,19920330,SLO,,
205822,Aleksandra,Lukic,R,19870522,SLO,,
205823,Anna,Mamalat,U,19940308,USA,,
205824,Ema,Mikulcic,R,19920427,CRO,,
205825,Neira,Fatic,R,19901021,BIH,,
205826,Veronika,Domagala,L,19910430,POL,,
205827,Lucia,Vrskova,R,19910302,SVK,,
205828,Nayara,Candido De Moraes,U,19920925,BRA,,
205829,Sabrina,Dos Reis,L,19930113,BRA,,
205830,Maria Claudia,Santos Santanna,U,19911128,BRA,,
205831,Isabella,Robbiani,R,19920330,PAR,157,Q68224466
205832,Gabriella,Barbosa Costa Silva,R,19910710,BRA,,
205833,Isabela,Miro,R,19921028,BRA,,
205834,Karina,Venditti,R,19890324,BRA,,
205835,Beatriz Maria,Martins Cecato,R,19920316,BRA,,
205836,Melanie,Delsart,U,19890831,ARG,,
205837,Melina,Ferrero,R,19920907,ARG,,
205838,Flavia,Nagayama,U,19920427,BRA,,
205839,Estefania,Donnet,R,19890704,ARG,,
205840,Monique,Albuquerque,R,19910911,BRA,,Q68224540
205841,Brenda,Moreira,U,19930423,BRA,,
205842,Carla,Lucero,R,19901026,ARG,,Q61630571
205843,Sonya,Latycheva,U,19940616,CAN,,
205844,Maria Paula,Ribero,R,19930127,COL,,
205845,Josymar,Escalona,R,19910226,VEN,,
205846,Li,Xi,U,19900920,CHN,,
205847,Carla,Forte,R,19940111,BRA,,
205848,Nathaly,Kurata,R,19930210,BRA,,Q20007852
205849,Lucia,Sainz Pelegri,R,19841005,ESP,,
205850,Yoko,Naito,U,19891003,JPN,,
205851,Melissa,Missaglia,R,19940603,ITA,,
205852,Elena,Rutigliano,U,19810919,ITA,,
205853,Martina,Toto,U,19920322,ITA,,
205854,Camilla,Bortolon,R,19880913,ITA,,
205855,Elyne,Boeykens,R,19910403,BEL,,Q21031897
205856,Anouk,Delefortrie,R,19901129,BEL,,
205857,Marine,Verbeken,R,19901229,BEL,,
205858,Shiho,Sakagawa,U,19911009,JPN,,
205859,Maho,Kowase,R,19910927,JPN,,
205860,Saya,Yoshimi,U,19920423,JPN,,
205861,Makiho,Kozawa,U,19880523,JPN,,
205862,Kaede,Ikuma,U,19920427,JPN,,
205863,Veronika,Birioukova,U,19900920,USA,,
205864,Sofiko,Sharangia,U,19900324,GEO,,
205865,Jane,Sushkova,U,19900507,KAZ,,
205866,Jenya,Plevako,U,19940127,KAZ,,
205867,Ana,Batiri,U,19941211,MDA,,
205868,Laura,Heckler,U,19850318,GER,,
205869,Alix,Collombon,R,19930317,FRA,,
205870,Silvia,Fuentes Perez,R,19950120,ESP,,
205871,Andrea,Retolaza Andrade,R,19940702,ESP,,
205872,Noemi,Novo Pereira,U,19920702,ESP,,
205873,Anna,Morgina,R,19910821,RUS,170,Q20745066
205874,Stefania,Fadabini,U,19930716,ITA,,
205875,Chantal,Skamlova,R,19930904,SVK,,Q5072631
205876,Lucia,Kovarcikova,R,19910122,SUI,,
205877,Angelique,Van Der Meet,R,19910220,NED,,Q2593129
205878,Ekaterina,Tsiklauri,U,19890402,RUS,,
205879,Diana,Davitaia,U,19920305,GEO,,
205880,Ana,Jikia,R,19910703,GEO,,
205881,Lucia,Martinez Gomez,U,19910516,ESP,,
205882,Leia,Kaukonen,R,19920202,FIN,,
205883,Anett,Schutting,R,19910824,EST,170,Q778027
205884,Alexandra,Cannizzaro,R,19911222,AUS,,
205885,Vivian,Janecki,R,19900723,AUS,,
205886,Kassandra,Dunser,R,19950423,AUS,,
205887,Coline,Chauvet,U,19950226,FRA,,
205888,Alina,Baronova,U,19910712,UZB,,
205889,Anne Valerie,Evain,U,19830506,FRA,,
205890,Barbara,Sobaszkiewicz,R,19901023,POL,,
205891,Annie,Mulholland,R,19930330,USA,,
205892,Giuliana,Olmos,R,19930304,MEX,170,Q22351214
205893,Maria Tania,Abraham,U,19910531,ARG,,
205894,Olawaseun,Ogundare,U,19870516,NGR,,
205895,Sharani,Gaini,R,19891017,IND,,
205896,Ebere,Fortune,U,19850905,NGR,,
205897,Nimom,Segodo,U,19901215,BEN,,
205898,Abiodun,Oyegoke,U,19861225,NGR,,
205899,Carla,Georgescu,U,19940627,AUS,,
205900,Beauty,Oghenekevwe,U,19830308,NGR,,
205901,Marie Claude,Ndzoudja,R,19900518,CMR,,
205902,Jacinta,Agim,U,19850114,NGR,,
205903,Ngozi,Dirisu,U,19801129,NGR,,
205904,Mina,Gardic,U,19920214,SRB,,
205905,Erin,Liefeld,R,19880309,AUS,,
205906,Karen,Filippou,U,19900719,AUS,,
205907,Rana,Sherif Ahmed,U,19940620,EGY,,Q29586670
205908,Menna,El Nagdy,R,19910619,EGY,,
205909,Ola,Abou Zekry,R,19870620,EGY,157,Q18763778
205910,Lucia,Jara Lozano,U,19880411,ARG,,
205911,Florencia,Di Biasi,R,19930203,ARG,,
205912,Agustina Sol,Eskenazi,L,19930701,ARG,,
205913,Luciana,Sarmenti,R,19860131,ARG,,
205914,Natali,Balige,R,19910612,ARG,,
205915,Amira,Pirovani,U,19910424,ARG,,
205916,Alina,Sullivan,R,19870220,MEX,,
205917,Kyle,Mcphillips,R,19940405,USA,,
205918,Ulrikke,Eikeri,R,19921216,NOR,,Q1618183
205919,Georgina,Carswell,U,19930720,AUS,,
205920,Darya,Lebesheva,R,19950406,BLR,,Q5226101
205921,Vladislava,Kuzmenkova,U,19920427,BLR,,
205922,Chanelle,Van Nguyen,U,19940119,USA,,Q106367644
205923,Abbie,Myers,R,19940718,AUS,175,Q4664150
205924,Malin,Ulvefeldt,R,19940227,SWE,,Q20788530
205925,Aliaksandra,Sasnovich,R,19940322,BLR,174,Q4725560
205926,Hyun Hee,Jang,U,19911222,KOR,,
205927,Alina,Wessel,R,19901125,GER,,Q2647113
205928,Harriet,Sheahan,R,19920624,AUS,,
205929,Sandy,Vo,U,19930211,AUS,,
205930,Hye Min,Lee,U,19860717,KOR,,
205931,Barbara,Rush,R,19890506,ARG,,
205932,Samantha,Czarniak Rego,R,19940827,BRA,,
205933,Eduarda,Piai,R,19911214,BRA,,Q20007867
205934,Stacey,Kyriakopoulos,R,19910809,AUS,,
205935,Stefani,Stojic,R,19950215,AUS,,
205936,Maya,Wakui,U,19851118,JPN,,
205937,Bella,Destriana,R,19920107,INA,,
205938,Carolina,Zeballos,U,19901127,ARG,,
205939,Anna,Shkudun,R,19950127,UKR,,
205940,Zane,Zarina,U,19920525,LAT,,
205941,Ganna,Poznikhirenko,R,19940408,UKR,,Q53647079
205942,Ekaterina,Yakovleva,U,19930317,RUS,,
205943,Elodie,Rogge Dietrich,U,19830903,FRA,,
205944,Lidziya,Marozava,R,19921008,BLR,183,Q6287256
205945,Shiori,Araki,U,19900119,JPN,,
205946,Se Jin,Lee,U,19900810,KOR,,
205947,Ji Sun,Kim,R,19860629,KOR,,
205948,Elena,Bertoia,R,19930907,ITA,,
205949,Dilara,Yurtkuran,R,19910121,TUR,,
205950,Asli,Turksoy,U,19840801,TUR,,
205951,Busra,Kayrun,L,19960305,TUR,,
205952,Nilgen,Ahmetspahic,U,19910801,SUI,,
205953,Zsofia,Miko,R,19930202,HUN,,
205954,Ivana,Klepic,R,19910225,CRO,,
205955,Yawna,Allen,U,19860801,USA,,
205956,Giannina,Minieri,R,19890228,CHI,,
205957,Alejandra,Lozano,R,19910614,MEX,,
205958,Ana Victoria,Pimienta,U,19921205,MEX,,
205959,Hilary,Toole,R,19910513,USA,,
205960,Carolina,Maso,U,19920605,MEX,,
205961,Ivana,King,U,19861108,USA,,
205962,Gira,Schofield,U,19860829,USA,,
205963,Giulia,Sussarello,R,19920529,ITA,,
205964,Laetitia,Sarrazin,R,19930308,FRA,,Q97680596
205965,Sarah,Mateo,U,19930403,FRA,,
205966,Svetlana,Piquerez,R,19930616,FRA,,
205967,Alejandra,Sala Juste,U,19920110,ESP,,
205968,Sofia,Compostizo De Andres,R,19950913,ESP,,
205969,Yana,Sizikova,R,19941112,RUS,,Q47520016
205970,Beatriz,Morales Hernandez,U,19931108,ESP,,
205971,Leire,Martinez Barredo,U,19910423,ESP,,
205972,Mariona,Del Peral Francin,R,19911211,ESP,,
205973,Eva,Rodriguez De Las Heras,U,19940405,ESP,,
205974,Susanna,Ciccone,R,19950629,ITA,,
205975,Gabbi,Tepic,U,19871024,SWE,,
205976,Besarta,Avdullahi,R,19930319,SWE,,
205977,Verena,Schmid,U,19921023,GER,,
205978,Solene,Ficheux,U,19930929,FRA,,
205979,Katharina,Holert,U,19930311,GER,,
205980,Fabienne,Vincon,U,19950627,GER,,
205981,Gabriela,Horackova,R,19910604,CZE,,
205982,Lucia,Paz Monteagudo,U,19930212,ESP,,
205983,Josepha,Adam,R,19931101,FRA,,
205984,Linda,Prenkovic,R,19921223,GER,,Q19896616
205985,Inna,Kuzmenko,R,19870531,RUS,,
205986,Hannah,James,R,19910418,GBR,,
205987,Claire,Bartlett,U,19891129,USA,,
205988,Carmen,Sandor,R,19910524,CAN,,
205989,Elisabeth,Fournier,R,19910308,CAN,,
205990,Aya,Bara,U,19920320,CAN,,
205991,Amy,He,R,19940408,CAN,,
205992,Stephanie,Scimone,R,19900505,ITA,,
205993,Maeva,Razakasoa,U,19940526,FRA,,
205994,Pippa,Carr,R,19960412,GBR,,
205995,Aleksandra,Nionova,U,19940126,LAT,,
205996,Hannah,Hume,U,19920815,GBR,,
205997,Emilia,Banos Gregorians,U,19920319,GBR,,
205998,Manisha,Foster,U,19930821,GBR,,
205999,Zuzana,Linhova,R,19901117,CZE,,
206000,Kana,Daniel,U,19950730,JPN,,
206001,Khrystyna,Pavlyuk,R,19921104,UKR,,
206002,Tamara,Bizhukova,R,19940803,RUS,,
206003,Laura,Schaeder,R,19930425,GER,,Q23059259
206004,Anastasia,Wagner,U,19900321,GER,,
206005,Diana,Stomlega,R,19930308,ROU,,
206006,Fernanda,Soares,U,19920224,BRA,,
206007,Laura,Pigossi,R,19940802,BRA,164,Q6499315
206008,Liz Tatiane,Koehler Bogarin,R,19930730,BRA,,
206009,Giovanna,Tomita,R,19930403,BRA,,
206010,Giovanna,Portiolli,R,19910601,BRA,,
206011,Flavia,Guimaraes Bueno,U,19920513,BRA,,Q26196934
206012,Flavia,Dechandt Araujo,R,19921229,BRA,,
206013,Julianna Barbosa,Bacelar,R,19920826,BRA,,
206014,Aneliya,Kairlenova,U,19930728,KAZ,,
206015,Mukhabbat,Saidova,R,19930322,RUS,,
206016,Asiya,Dair,R,19960125,KAZ,,
206017,Xiao,Zhou,U,19910122,CHN,,
206018,Ziqi,Hou,U,19930220,CHN,,
206019,Cheng Ling,Huang,U,19940228,CHN,,
206020,Rina,Fujiwara,U,19920129,JPN,,
206021,Suzuka,Furukawa,U,19940906,JPN,,
206022,Sirui,He,R,19890705,CHN,,
206023,Majoly,De Wilde,U,19920707,BEL,,
206024,Voni,Darlina,R,19950514,INA,,
206025,Yuka,Mori,U,19860617,JPN,,
206026,Laili,Rahmawati Ulfa,R,19920318,INA,,
206027,Angelica,Moratelli,R,19940817,ITA,173,Q16658069
206028,Alena,Tarasova,R,19941207,RUS,,
206029,Bianca,Koch,U,19880407,GER,,
206030,Julia,Wachaczyk,L,19940413,GER,,Q25342424
206031,Carolin,Daniels,R,19920610,GER,,
206032,Lisa Marie,Maetschke,R,19950419,GER,,Q52111437
206033,Saana,Saarteinen,U,19930211,FIN,175,Q13558
206034,Katerina,Kaminkova,R,19940205,CZE,,
206035,Petra,Rohanova,R,19950814,CZE,,
206036,Maria Angelica,Tangarife,R,19920917,COL,,
206037,Daniela,Seguel,U,19921115,CHI,171,Q12857410
206038,Mariana,Demichelli Vergara,R,19900228,PER,,
206039,Marie Elise,Casares,R,19930912,ECU,,
206040,Karen,Hernandez,R,19920322,MEX,,
206041,Laura,Ucros,U,19950613,COL,,Q13502477
206042,Andrea,Prisco,U,19950602,COL,,
206043,Victoire,Mfoumouangana,U,19911026,FRA,,
206044,Bernice,Van De Velde,R,19911024,NED,,
206045,Quirine,Lemoine,L,19911225,NED,,Q17747390
206046,Marcelina,Cichon,R,19921023,POL,,
206047,Carlotta,Orlando,R,19930916,ITA,,
206048,Ksenia,Gospodinova,R,19930419,RUS,,
206049,Jovana,Jaksic,R,19930930,SRB,180,Q9362887
206050,Karina,Goia,R,19920827,ROU,,
206051,Marina,Kachar,U,19920715,SRB,,
206052,Kamila,Abdukadirova,U,19931122,AZE,,
206053,Costanza,Mecchi,R,19920320,ITA,,
206054,Helen,De Cesare,R,19940922,THA,,
206055,Claudia Antonia,Enache,R,19940122,ROU,,
206056,Claudia Gianina,Dumitrescu,U,19911115,ROU,,
206057,Simona,Ionescu,U,19940108,ROU,,
206058,Patricia,Chirea,R,19911008,ROU,,
206059,Barbare,Eristavi,R,19950616,GEO,,
206060,Ani,Amiraghyan,R,19931009,ARM,168,Q15222150
206061,Annika,Sillanpaa,U,19940623,FIN,,
206062,Adrija,Runcha,R,19931202,LAT,,
206063,Caroline,Rohde Moe,U,19920410,NOR,,Q19856850
206064,Cecilia,Estlander,R,19920226,FIN,178,Q14508907
206065,Liubov,Vasilyeva,R,19940211,RUS,,
206066,Hanna,Tolonen,U,19930706,FIN,,
206067,Anastasia,Stepu,R,19920909,BUL,,
206068,Ksenya,Bardabush,U,19930604,UKR,,
206069,Marianna,Zakarlyuk,R,19960922,UKR,,Q106293521
206070,Sofiya,Kovalets,R,19940710,UKR,,
206071,Erin,Clark,U,19880609,USA,180,
206072,Nina,Catovic,U,19940530,AUS,,
206073,Eleanor,Dean,R,19960106,GBR,,
206074,Ebony,Panoho,R,19950208,AUS,,
206075,Hiroko,Kuwata,R,19901218,JPN,,Q17434406
206076,Yuumi,Totsuka,U,19940412,JPN,,
206077,Miharu,Imanishi,R,19920520,JPN,162,Q18197498
206078,Miu,Ema,U,19940525,JPN,,
206079,Brooke,Rischbieth,R,19950430,AUS,,
206080,Karis,Ryan,U,19910820,AUS,,
206081,Caitlin,Whoriskey,R,19880219,USA,,Q5017926
206082,Alexandra,Hirsch,R,19850703,USA,,
206083,Rachael,Tredoux,U,19930125,AUS,,
206084,Flora,Birnbaum,U,19920407,FRA,,
206085,Yasmin,Ebada,U,19930710,EGY,,
206086,Mai,El Kamash,R,19940910,EGY,,Q29577886
206087,Margarita Greta,Skripnik,R,19911118,ISR,,
206088,Volha,Kalodzitsa,R,19910705,BLR,,
206089,Stephanie,Ntcha,R,19930929,BEN,,
206090,Adeyinka Elisabeth,Thompson,R,19780223,NGR,,
206091,Yolande,Leacock,R,19910109,TTO,,Q27573884
206092,Ana Gabriela,Llera,R,19910801,PUR,,
206093,Brooke,Taylor,R,19940117,AUS,,
206094,Anneliese,Tepper,U,19900817,AUS,,
206095,Valeriya,Boyanovska,R,19960405,UKR,,
206096,Viktoriya,Lushkova,R,19960817,UKR,,
206097,Erin,Billett,R,19890101,AUS,,
206098,Lucia,Butkovska,R,19930505,SVK,,
206099,Raquel,Piltcher,R,19910614,BRA,,
206100,Julija,Kulibaba,U,19940106,LAT,,
206101,Nikola,Horakova,R,19920924,CZE,,
206102,Ankita,Raina,R,19930111,IND,163,Q4766073
206103,Ashvarya,Shrivastava,R,19920219,IND,160,Q4806152
206104,Sharmada,Balu,R,19930809,IND,,
206105,Rutuja,Bhosale,R,19960327,IND,,Q7383549
206106,Prarthana G,Thombare,U,19940618,IND,,Q18211289
206107,Zhaoxuan,Yang,R,19950211,CHN,,Q15478936
206108,Jennifer,Brady,R,19950412,USA,178,Q17612134
206109,Gopika,Kapoor,R,19921222,IND,,
206110,Aishwarya,Agrawal,R,19930424,IND,,
206111,Hua Chen,Lee,R,19930914,TPE,,Q18637626
206112,Garima,Vatwani,U,19920204,IND,,
206113,Nehel,Sahni,R,19950612,IND,,
206114,Kimberly,Yee,R,19961015,USA,,
206115,Carolina,Prats Millan,R,19920926,ESP,,
206116,Sofia,Dmitrieva,U,19940811,RUS,,
206117,Amina,Mukhametshina,U,19951017,UZB,,
206118,Farangiz,Shamsieva,U,19930602,UZB,,
206119,Maria Patricia,Cordova,R,19921130,MEX,,
206120,Mengjuan,Yi,U,19950417,CHN,,
206121,Agnes,Gee,U,19740829,HUN,,Q62764611
206122,Chiara,Mendo,R,19930517,ITA,,
206123,Desiree,Bastianon,R,19880218,BEL,,
206124,Tereza,Martincova,R,19941024,CZE,178,Q13426427
206125,Mateja,Kraljevic,R,19930901,SUI,,Q69605230
206126,Ju Eun,Kim,R,19910510,KOR,,
206127,Gyung Eun,Song,U,19960408,KOR,,
206128,Ji Hye,Kim,U,19910104,KOR,,
206129,Hwa,Lee,U,19921010,KOR,,
206130,Tjasa,Srimpf,U,19940729,SLO,,Q6287840
206131,Francesca,Mazzali,R,19910429,ITA,,
206132,Martina,Parmigiani,R,19940616,ITA,,
206133,Yanina,Darishina,U,19931023,RUS,,
206134,Valeria,Patiuk,R,19960511,ISR,,Q6487112
206135,Lutfiye,Esen,U,19880720,TUR,,
206136,Deniz,Khazaniuk,R,19941024,ISR,175,Q23059636
206137,Oleksandra,Piskun,U,19920305,UKR,,
206138,Janine,Koleta,U,19940708,SLO,,
206139,Hye Jin,Byun,U,19900307,KOR,,
206140,Ji Hyun,Lee,U,19910210,KOR,,
206141,So Hyun,Bae,U,19900318,KOR,,
206142,Yun Hee,Kim,R,19910113,KOR,,
206143,Tanya,Samodelok,U,19941019,RUS,,
206144,Xenia,Knoll,L,19920902,SUI,175,Q13636960
206145,Diana,Sumova,U,19940925,CZE,,
206146,Catalina,Pella,R,19930131,ARG,,Q16301573
206147,Sofia,Luini,R,19921111,ARG,,Q18565453
206148,Andrea,Paredes,U,19710407,CHI,,
206149,Gabriela,Coglitore,R,19910512,VEN,,
206150,Napatsakorn,Sankaew,U,19930814,THA,,
206151,Kamonwan,Buayam,R,19960215,THA,,Q19115766
206152,Anna,Tyulpa,R,19941227,RUS,,
206153,Nahathai,Khuntaket,R,19950313,THA,,
206154,Varunya,Wongteanchai,R,19930107,THA,,Q7916233
206155,Mizuki,Konakawa,U,19930519,JPN,,
206156,Lorenza,Stefanelli,R,19940213,ITA,,
206157,Natalie,Pluskota,R,19891102,USA,178,
206158,Martina,Trierweiler,U,19900402,BRA,,
206159,Zarina,Jumajanova,U,19961221,KAZ,,
206160,Zalina,Khairudinova,R,19940513,KAZ,,
206161,Alisa,Danilova,U,19930407,RUS,,
206162,Kamila,Kerimbayeva,R,19950618,KAZ,,Q16224607
206163,Elizaveta Anna,Nemchinov,R,19930831,USA,,
206164,Yelena,Nemchen,U,19950706,KAZ,,
206165,Jennifer,Migan,R,19860418,FRA,,
206166,Jade,Suvrijn,R,19950427,FRA,,Q30091809
206167,Ana Maria,Crisan,L,19940921,ROU,,
206168,Taisiya,Zakarlyuk,R,19940703,UKR,,
206169,Elyzaveta,Tymchenko,R,19940203,UKR,,
206170,Rachel,Girard,L,19940110,FRA,,
206171,Alice,Bacquie,U,19950723,FRA,,
206172,Chiara,Pappacena,R,19940714,ITA,,
206173,Beatrice,Lombardo,U,19960215,ITA,,
206174,Cecilia,Costa Melgar,R,19921226,CHI,160,Q5056421
206175,Tess,Sugnaux,R,19950303,SUI,,Q19309903
206176,Samira,Giger,U,19930123,SUI,,
206177,Joana,Eidukonyte,R,19941002,LTU,172,Q11518354
206178,Susanne,Celik,R,19941206,SWE,,Q19925316
206179,Nika,Kovac,R,19921222,SLO,,
206180,Ghislaine,Van Baal,R,19920617,NED,,
206181,Eva,Wacanno,U,19910206,NED,,Q18638151
206182,Sabrina,Baumgarten,U,19911220,GER,,
206183,Cindy,Burger,R,19921125,NED,,Q15873925
206184,Kelly,Versteeg,U,19941118,NED,,Q21032263
206185,Aliona,Ladutska,R,19960418,BLR,,
206186,Ekaterina,Nikitina,R,19930322,RUS,,
206187,Varvara,Kuznetsova,R,19921205,RUS,,
206188,Viktoryia,Mun,R,19941214,BLR,,
206189,Palina,Dubavets,U,19961217,BLR,,
206190,Anastasia,Klyueva,U,19930925,RUS,,
206191,Giuliana,Pino,R,19910204,ARG,,
206192,Ximena,Siles Luna,R,19940813,PER,,
206193,Rocio,Macri,R,19950928,ARG,,
206194,Gabriela,Ce,L,19930303,BRA,,Q15711370
206195,Ya,Zhou,R,19920414,CHN,,
206196,Ajeng,Aquinia,R,19920203,INA,,
206197,Xi Yao,Wang,U,19920924,CHN,,
206198,Xuanshuo,Ou,U,19930615,CHN,,
206199,Ai Wen,Zhu,R,19940922,CHN,,Q26209630
206200,Alice Andrada,Radu,R,19910612,ROU,,
206201,Virginia Eliana,Tica,R,19920915,ROU,,
206202,Raphaela,Zotter,R,19911029,AUT,,
206203,Alisa Juliana,Caluseriu,R,19911012,ROU,,
206204,Larisa,Sporea,R,19930311,ROU,,
206205,Min,Liu,R,19930205,CHN,,
206206,Alexandra,Ion,R,19910831,ROU,,
206207,Francesca,Palmigiano,U,19941027,ITA,,
206208,Giulia,Gasparri,R,19911031,ITA,,
206209,Maria,Masini,R,19940128,ITA,,
206210,Noemi,Hemmerich,U,19940301,GER,,
206211,Anna,Klasen,U,19931115,GER,,Q25820522
206212,Ruth,Seaborne,R,19930307,GBR,,
206213,Amy,Bowtell,R,19930916,IRL,183,Q4749116
206214,Franziska,Koenig,R,19900811,GER,,
206215,Mariangeles,Gomez Quintana,U,19940116,ESP,,
206216,Olga,Saez Larra,U,19940918,ESP,,Q20007870
206217,Andjela,Novcic,R,19940425,SRB,,
206218,Sarah,Petrides,U,19930922,FRA,,
206219,Oceane,Dodin,R,19961024,FRA,,Q18328123
206220,Mathilde,Cor,U,19861231,FRA,,
206221,Magalie,Girard,U,19830313,FRA,,
206222,Madeline,Bosnjak,U,19950831,GER,,
206223,Sabina,Kurbanova,U,19941006,RUS,,
206224,Katja,Milas,R,19930629,CRO,,
206225,Evgeniya,Svintsova,U,19950506,RUS,,
206226,Sofiya,Chekunova,R,19941011,UKR,,
206227,Cemre,Anil,R,19931027,TUR,,Q66615795
206228,Anette,Munozova,R,19910801,SWE,,Q23001500
206229,Natia,Gegia,U,19881126,GEO,,
206230,Alicia,Barnett,R,19931018,GBR,,Q64846132
206231,Alexandra,Walker,U,19920921,GBR,,
206232,Francesca,Lewis,R,19910721,GBR,,
206233,Abbi,Melrose,R,19930524,GBR,,
206234,Emily,Dunne,U,19951114,GBR,,
206235,Rocio,Martin Fernandez,U,19940506,ESP,,
206236,Natalia,Galan Gomez,U,19940224,ESP,,
206237,Arianna,Paules Aldrey,R,19950919,ESP,,
206238,Jasmin,Kling,R,19930302,GER,,
206239,Marina,Danzini,R,19930226,BRA,,
206240,Patricia,Ku Flores,R,19931217,PER,,Q6452622
206241,Belen,Luduena,R,19921109,CHI,,
206242,Beatriz,Haddad Maia,L,19960530,BRA,185,Q2380901
206243,Priscila,Garcia,R,19930401,BRA,,
206244,Gulchekhra,Muhammadsidikova,U,19970501,UZB,,
206245,Ofri,Lankri,U,19910706,ISR,,Q64009784
206246,Mubina,Vahobova,U,19930725,UZB,,
206247,Jessica,Raith,U,19950601,GER,,
206248,Iva,Primorac,U,19960410,CRO,,Q105712051
206249,Nicky,Van Dyck,R,19890918,BEL,,
206250,Michaela,Boev,U,19910704,BEL,,Q26263102
206251,Kimberley,Zimmermann,R,19951109,BEL,,Q26255269
206252,Barbora,Krejcikova,R,19951218,CZE,178,Q11052500
206253,Ivonne,Cavalle Reimers,R,19920522,ESP,,Q20830263
206254,Anna,Velica,U,19920806,SWE,,
206255,Patricia Maria,Tig,R,19940727,ROU,,Q19632335
206256,Yukino,Emi,U,19960124,JPN,,
206257,Yasuyo,Numajiri,U,19940109,JPN,,
206258,Dunja,Stamenkovic,U,19930331,SRB,,
206259,Katarina,Adamovic,R,19930924,SRB,,
206260,Julija,Lukac,R,19920524,SRB,,
206261,Camila,Tobar,R,19950630,COL,,
206262,Veronica M,Corning,R,19911207,USA,,
206263,Laura Sofia,Sanchez Perez,U,19920917,COL,,
206264,Diana,Woodcock,U,19880305,COL,,
206265,Patricia,Cortes,U,19881117,BOL,,
206266,Milagros,Cubelli,U,19930304,ARG,,
206267,Mikele,Irazusta,R,19930514,ARG,,
206268,Dejana,Raickovic,L,19911205,GER,,
206269,Danijela,Tomic,R,19910226,SRB,,
206270,Ashley,Keir,R,19940731,AUS,,
206271,Chisa,Hosonuma,U,19960326,JPN,,
206272,Asako,Sato,U,19860802,JPN,,
206273,Claudia,Coppola,R,19941204,ITA,,Q22236520
206274,Agathe,Timsit,R,19920825,FRA,,
206275,Maud,Vigne,R,19881021,FRA,,
206276,Ainhoa,Atucha Gomez,L,19930524,ESP,,
206277,Marine,Partaud,R,19941109,FRA,,Q30078755
206278,Lyann,Hoang,R,19960215,AUS,,
206279,Stephanie,Bengson,R,19870131,AUS,180,
206280,Elena,Cerezo Codina,U,19951104,ESP,,
206281,Mayya,Katsitadze,R,19950321,RUS,,
206282,Anastasia,Vovk,R,19931129,RUS,,
206283,Ziyue,Sun,U,19960706,CHN,,Q14912075
206284,Antonina,Rafikova,R,19911203,RUS,,
206285,Inna,Volkovich,R,19921016,KGZ,,
206286,Nune,Khachatryan,R,19941017,ARM,,
206287,Ani,Gogvadze,R,19951209,GEO,,
206288,Tamari,Chalaganidze,R,19951014,GEO,,
206289,Maria,Sakkari,R,19950725,GRE,172,Q6761562
206290,Nives,Baric,R,19930102,AUS,,
206291,Mary Ann,Balint,R,19931126,AUS,,
206292,Astra,Sharma,R,19950911,AUS,178,Q45696181
206293,Maree Teiwa,Casey,R,19950103,AUS,,
206294,Yue,Yuan,R,19980925,CHN,184,
206295,Emi,Yamaguchi,U,19940801,JPN,,
206296,Natsumi,Kobayashi,U,19940710,JPN,,
206297,Nour,Azzouz,R,19960328,EGY,,
206298,Nidhi,Chilumula,R,19941009,IND,,
206299,Sarah,Adegoke,R,19970716,NGR,,Q56240817
206300,Rose,Ojonimi,U,19881122,NGR,,
206301,Biola,Akewula,U,19931228,NGR,,
206302,Gaia,Sanesi,L,19920401,ITA,170,Q19519563
206303,Karina,Rovira,L,19950706,USA,,
206304,Yolimar,Ogando,R,19960809,PUR,,
206305,Sylvia,Krywacz,L,19860904,USA,,
206306,Koralie,Etienne,R,19960601,PUR,,
206307,Sherry,Li,U,19950208,USA,,
206308,Katrine Isabel,Steffensen,U,19960315,USA,,
206309,Lolade,Ogungbesan,U,19950512,GBR,,
206310,Misaki,Mori,U,19940916,JPN,,
206311,Ekaterina,Tour,U,19931210,ISR,,
206312,Shani,Blecher,U,19940403,ISR,,
206313,Lee,Or,U,19941230,ISR,,
206314,Noy,Mor,U,19930919,ISR,,
206315,Danielle,Zinn,U,19940209,ISR,,
206316,Libi,Mesh,R,19950126,ISR,,
206317,Rona,Lavian,R,19931129,ISR,,
206318,Gulben,Guldas,U,19960116,TUR,,
206319,Ekin,Bahitli,R,19930304,TUR,,
206320,Vita,Taher,R,19950822,INA,,
206321,Boyan,Wang,U,19920122,CHN,,
206322,Nadya,Syarifah,R,19940104,INA,,
206323,Leah,Daw,U,19911219,AUS,,
206324,Michaela,Capannolo,U,19941026,AUS,,
206325,Monika,Tumova,L,19910104,CZE,,
206326,Dana,Machalkova,U,19920607,CZE,,
206327,Olivia,Matuszak,U,19890526,GER,,
206328,Paulina,Petriskova,R,19931004,SVK,,
206329,Montserrat,Gonzalez,R,19940701,PAR,170,Q6906582
206330,Daniela,Degano,R,19930401,ARG,,
206331,Jazmin,Britos,R,19930219,PAR,,
206332,Camila,Giangreco Campiz,R,19960824,PAR,,Q13501891
206333,Linda,Mair,R,19850226,ITA,,
206334,Alena,Poletinova,U,19941009,CZE,,
206335,Jesika,Maleckova,R,19940816,CZE,,Q23715582
206336,Julia,Stamatova,L,19930604,BUL,,Q13512703
206337,Clelia,Melena,R,19860405,SUI,,
206338,Stefania,Rubini,U,19921205,ITA,,Q25069376
206339,Olga,Parres Azcoitia,U,19930326,ESP,,Q24533142
206340,Paula,Mocete Talamantes,L,19930511,ESP,,
206341,Maria Constanza De Las Mercedes,Vega,U,19950924,ARG,,
206342,Ornella,Caron,R,19890407,ARG,,
206343,Stephanie Mariel,Petit,R,19960825,ARG,,Q48051277
206344,Fernanda,Brito,R,19920214,CHI,172,Q13406786
206345,Victoria,Bosio,R,19941003,ARG,,Q16492404
206346,Denise,Starr,R,19950417,USA,,
206347,Courtney,Colton,U,19940325,USA,,
206348,Aimee,Gibson,U,19910821,GBR,,
206349,Mayo,Hibi,R,19960403,JPN,165,Q13646075
206350,Christina,Makarova,R,19960529,USA,,
206351,Rio,Kitagawa,U,19930915,JPN,,Q90417017
206352,Noelle,Hickey,U,19881205,USA,,
206353,Lauren,Marker,R,19950517,USA,,
206354,Lina,Qostal,R,19970311,MAR,,Q13512754
206355,Rebecca,Leahy,R,19910921,AUS,,
206356,Mia,Middleton,U,19960316,NZL,,
206357,Angelique,Svinos,U,19960125,AUS,,Q83542300
206358,Claudia,Williams,U,19960229,NZL,,Q5129282
206359,Luci,Barlow,U,19860123,NZL,,
206360,Yihong,Li,U,19960709,CHN,,
206361,Nicole,Hoynaski,U,19940121,AUS,,
206362,Naiktha,Bains,R,19971217,GBR,174,Q15621304
206363,Anna,Danilina,R,19950820,KAZ,,Q4766943
206364,Paula,Feitosa,R,19930602,BRA,,
206365,Breaunna,Addison,R,19941222,USA,,
206366,Suzanna,Grigoryan,R,19940315,RUS,,
206367,Spurti,Shivalingaiah,U,19950712,IND,,
206368,Veronika,Kudermetova,R,19970424,RUS,175,Q14618664
206369,Emiliya,Gadzhieva,R,19940603,RUS,,
206370,Daria,Salnikova,R,19940330,RUS,,
206371,Alina,Silich,U,19960710,RUS,,
206372,Julaluck,Sae Eung,U,19950127,THA,,
206373,Regina,Clark,U,19960326,MEX,,
206374,Yafan,Wang,R,19940430,CHN,170,Q15469035
206375,Sonia,Daggou,R,19930529,TUN,,
206376,Nour,Abbes,R,19930620,TUN,,Q17418361
206377,Emma,Janssen,U,19950630,BEL,,
206378,Elke,Lemmens,R,19941227,BEL,,
206379,Nicole,Robinson,R,19941230,USA,,
206380,Gabriella,De Santis,R,19951101,VEN,,
206381,Carmen,Blanco,R,19950725,VEN,,
206382,Sarahi,Garcia Carrera,L,19940102,MEX,,
206383,Maria Andrea,Cardenas,R,19941216,VEN,,
206384,Ana Gabriela,Gerbasi,R,19950721,VEN,,
206385,Carol,Lombardino Petrocinio,U,19971017,VEN,,
206386,Isabella,Fernandez Diaz,U,19940630,VEN,,
206387,Aymet,Uzcategui,U,19951201,VEN,,Q26132241
206388,Clementina Eugenia,Riobueno De Paola,U,19940928,VEN,,
206389,Domenica,Gonzalez,R,19960212,ECU,,Q5291400
206390,Isabelle,Wallace,L,19960907,AUS,,Q27507603
206391,Ellen,Perez,L,19951010,AUS,169,Q22086227
206392,Yesmine,Kharrat,R,19951116,TUN,,
206393,Yosr,Elmi,U,19960103,TUN,,
206394,Athena,Nathalia,R,19940518,INA,,
206395,Sarvinoz,Saidhujaeva,U,19971029,UZB,,
206396,Da Hye,Kim,U,19960425,KOR,,
206397,Ji Hee,Lee,U,19890524,KOR,,
206398,Maura,Aveta,U,19950222,ITA,,
206399,Francesca,Sella,R,19940323,ITA,,
206400,Martina,Spigarelli,U,19920512,ITA,,Q106368338
206401,Sanae,Ohta,U,19940116,JPN,,
206402,Kanako,Morisaki,U,19960905,JPN,,
206403,Alena,Fomina,R,19890705,RUS,,Q17253504
206404,Elizaveta,Kulichkova,R,19960412,RUS,,Q5363900
206405,Sofia,Blanco,U,19951120,ARG,,
206406,Berta,Bonardi,R,19950621,ARG,,
206407,Carolina,Costamagna,R,19950612,ARG,,
206408,Nadia,Podoroska,R,19970210,ARG,170,Q16496064
206409,Giuliana,Verbauwen,U,19950622,ARG,,
206410,Guadalupe,Perez Rojas,R,19940819,ARG,,Q18565455
206411,Agustina,Serio,U,19950802,ARG,,
206412,Shakhlo,Saidova,L,19950405,RUS,,
206413,Anastasiya,Galickaya,U,19960701,RUS,,
206414,Guzal,Yusupova,R,19971219,UZB,,Q26209553
206415,Meredith,Xepoleas,U,19970521,USA,,
206416,Alexandra,Glebova,U,19890109,RUS,,
206417,Leolia,Jeanjean,R,19950814,FRA,,Q107608347
206418,Imane Maelle,Kocher,R,19941017,SUI,,
206419,Karin,Kennel,R,19950705,SUI,,Q18707075
206420,Ekaterina,Alexandrova,R,19941115,RUS,175,Q23719121
206421,Nam Yeon,Jun,R,19951105,KOR,,
206422,Anastasia,Rudakova,U,19941109,RUS,,
206423,Sandra,Honigova,U,19960515,CZE,,
206424,Katharina,Lehnert,R,19940218,GER,,Q19968728
206425,Giulia,Bruschi,U,19910428,ITA,,
206426,Giulia,Pairone,R,19960121,ITA,,
206427,Daiana,Negreanu,U,19880621,ROU,,Q106694676
206428,Luisa,Rosa,U,19950428,BRA,,
206429,Marcela,Alves Pereira Valle,R,19941101,BRA,,
206430,Carolina,Alves,U,19960423,BRA,,Q19281575
206431,Andressa Cristina,Souza,R,19940628,BRA,,
206432,Ivone,Alvaro,U,19961104,POR,,
206433,Nadia,Echeverria Alam,R,19950114,USA,,Q23831057
206434,Martina,Schiavo,U,19751203,ITA,,
206435,Carmen,Gajo Torrell,U,19790620,ESP,,
206436,Anna,Alexeeva,U,19830112,RUS,,
206437,Jennifer,Miccoli,U,19830806,ITA,,
206438,Daniela,Bertolo,R,19830301,ITA,,
206439,Andrea,Plackova,R,19820307,CZE,,
206440,Michala,Bzdusekova,U,19841021,SVK,,
206441,Martina,Strussova,U,19820510,SVK,,
206442,Tsarina,Domacasse,U,19780331,AHO,,
206443,Lorna,Simmons,U,19570721,AHO,,
206444,Maria De Los Angeles,Montoya,U,19790319,COL,,
206445,Marisa,Tseng,U,19820627,AHO,,
206446,Nicole,Weber,U,19820324,AHO,,
206447,Ingrid,Gonzalez,U,19710413,ESA,,Q6033194
206448,Jackie,Moe,U,19710922,USA,,
206449,Eveline,Wouters,U,19780609,AHO,,
206450,Gabriela,Zingman,U,19821022,ARG,,
206451,Viviana,Ferencak,U,19810330,ARG,,
206452,Evelina,Scalise,U,19801015,ARG,,
206453,Noelia,Furno,U,19820607,ARG,,
206454,Johanna,Zingman,U,19821022,ARG,,
206455,Maria Lorena,Alcetegaray,U,19800531,ARG,,
206456,Virginia,Sadi,U,19780902,URU,,
206457,Celeste,Frey,U,19770323,ARG,,
206458,Maria Eugenia,Fernandez,U,19790224,URU,,
206459,Alejandra,Perez Jimenez,U,19670929,ARG,,
206460,Maria Soledad,Coppari,U,19770912,ARG,,
206461,Mariela,Brunello,U,19771018,ARG,,
206462,Paola,De Cunto,U,19701122,ARG,,
206463,Natalia,Rubio,R,19790419,ARG,,
206464,Laura,Rossi,U,19780510,ARG,,
206465,Anabella,Sansostri,U,19790419,ARG,,
206466,Claudia,Perolini,U,19780224,URU,,
206467,Valeria,Dag,U,19800828,ARG,,
206468,Daniela,Forti,U,19780108,ARG,,
206469,Rafaela,Boero,U,19781030,ARG,,
206470,Claudia,Lepore,U,19810513,ARG,,
206471,Lorena,Martinez,U,19780111,ARG,,
206472,Carla,Bazzon,U,19681217,BRA,,
206473,Maria Victoria,Beortegui,R,19800612,ARG,,
206474,Mariana,Gonzalez Moreno,U,19800918,ARG,,
206475,Natalia,Nusshold,U,19810515,ARG,,
206476,Yessica,Garcia,U,19790109,ARG,,
206477,Romina,Labrador,U,19781003,ARG,,
206478,Ekaterina,Nossik,U,19760529,BLR,,
206479,Cecilia,Perez,U,19810430,ARG,,
206480,Albertina,Gandara,R,19821014,ARG,,
206481,Viviana,Valdovinos,U,19740208,PAR,,
206482,Rocio,Fantilli,U,19801121,ARG,,
206483,Virginia,Varga,U,19810809,ARG,,
206484,Monica,Acosta,U,19830208,PAR,,
206485,Juliana,Piumatti,U,19770406,BRA,,
206486,Virginia,Tomatis,U,19840429,ARG,,
206487,Frida,Engblom,U,19790817,SWE,,
206488,Kellie,Browne,U,19830407,AUS,,
206489,Angela,Szymanowski,U,19820318,AUS,,
206490,Anna,Cowan,U,19820622,AUS,,
206491,Petra,Plackova,U,19780124,CZE,,
206492,Julia,Henninger,U,19811025,GER,,
206493,Birgit,Pirker,U,19800519,AUT,,
206494,Lucie,Zaruba,U,19790726,AUT,,
206495,Janina,Tajkovsky,U,19770520,AUT,,
206496,Sarah,Gregg,U,19820115,GBR,,
206497,Francoise,Gillis,U,19790610,BEL,,
206498,Thu Tuyen,Pham Nhu,U,19820906,BEL,,
206499,Catherine,Henuzet,U,19800804,BEL,,
206500,Delphine,Troch,U,19801029,BEL,,
206501,Sophie,Turine,U,19790312,BEL,,
206502,Anne,Puissant,U,19751118,BEL,,
206503,Sofie,Borgions,U,19810117,BEL,,
206504,Valerie,Pavlickova,U,19791214,SVK,,
206505,Kirsi,Lampinen,U,19720129,FIN,,Q66671710
206506,Delphine,Baudin,U,19780912,FRA,,
206507,Carlijn,Buis,U,19770519,NED,,
206508,Isabelle,Godfroy,U,19800514,BEL,,
206509,Sarah,Pestieau,U,19790617,BEL,,
206510,Anne Laurence,Bilenne,R,19780409,BEL,,
206511,Sophie,Didelot,U,19700526,FRA,,
206512,Kristel,Van Der Perre,U,19820618,BEL,,
206513,Tina,Kotter,U,19790411,GER,,
206514,Natacha,Gosset,U,19810308,BEL,,
206515,Carina,Kaempfer,U,19810915,GER,,
206516,Magali,Denayer,U,19790428,BEL,,
206517,Hanna,Krampe,U,19811015,GER,,
206518,Bretchtje,Bruls,U,19800813,NED,,
206519,Lenka,Novotna,U,19790120,CZE,,
206520,Laetitia,Renault,U,19800208,FRA,,
206521,Katja,Pohlmann,U,19760619,GER,,
206522,Sofie,Werckx,U,19790625,BEL,,
206523,Manon,Savelkouls,U,19760415,NED,,
206524,Anja,Elsen,U,19700720,GER,,
206525,Katarina,Markovski,U,19780411,YUG,,
206526,Sophie,Regnier,U,19800128,FRA,,
206527,Marie Eva,Vrba,U,19801208,GER,,
206528,Klara,Jarova,U,19830831,CZE,,
206529,Hanna Katri,Aalto,U,19780524,FIN,,Q97961541
206530,Wibeke,Clifford,U,19811003,NED,,
206531,Linda,Akkerman,U,19800805,NED,,
206532,Thamara,Jonkman,U,19800803,NED,,
206533,Ingrid,Peltier,U,19791227,FRA,,
206534,Jessie,De Vries,R,19840126,BEL,,
206535,Hannah,Kuervers,L,19850313,GER,,
206536,Antoinette,Mmoh,U,19850107,USA,,
206537,Katarzyna,Kolodynska,U,19810823,BLR,,
206538,Barbara,De Wilde,U,19760416,BEL,,
206539,Britta,Mohlmann,U,19801130,GER,,
206540,Leonne,Muller Van Moppe,U,19810217,NED,,
206541,Marija,Serdarusic,U,19830104,CRO,,
206542,Dinka,Hadzic,U,19830602,CRO,,
206543,Marina,Petrovic,U,19780601,SCG,,
206544,Desanka,Jovanovic,U,19830603,YUG,,
206545,Monica,Mastan,U,19810831,ROU,,
206546,Svetla,Bozicnik,U,19800919,SLO,,
206547,Ana,Friganovic,U,19771211,CRO,,
206548,Mia,Marovic,R,19831220,CRO,,
206549,Maja,Kovacek,R,19830828,CRO,,
206550,Lejla,Popobic,U,19830317,BIH,,
206551,Maja,Mesanovic,R,19851101,BIH,,
206552,Anja,Margetic,R,19830421,CRO,,
206553,Svetlana,Kouzmenko,U,19840825,BLR,,
206554,Natalia,Stoudyanaya,U,19811115,BLR,,
206555,Olga,Borisova,U,19830910,BLR,,
206556,Alexandra,Zerkalova,U,19840404,RUS,,
206557,Lenka,Potocarova,U,19830329,SVK,,
206558,Anna,Anikanova,R,19831201,UKR,,
206559,Volha,Dubovik,U,19840415,BLR,,
206560,Ekaterina,Kavoun,U,19780804,UKR,,
206561,Caroline,Leens,U,19780819,BEL,,
206562,Galina,Selyunina,U,19790702,BLR,,
206563,Helen,Laupa,U,19760831,EST,,Q106873553
206564,Simona,Petrutiu,U,19800830,ROU,,
206565,Natalia,Bondarenko,U,19750917,UKR,,
206566,Daria,Turpak,U,19761215,UKR,,
206567,Odeta,Naujokaite,U,19790611,LTU,,
206568,Antonina,Grib,U,19780312,BLR,,
206569,Martina,Ondrejkova,U,19790612,SVK,,
206570,Anna,Kazakevitch,U,19780510,BLR,,
206571,Nadia,Chvanova,U,19780120,UKR,,
206572,Zuzana,Demeterova,U,19780324,CZE,,
206573,Alessia,Nikolaeva,U,19810603,BLR,,
206574,Jana,Sokolenko,U,19780809,BLR,,
206575,Galina,Misiuriova,U,19730621,LTU,,Q106874256
206576,Irina,Mourachkintseva,U,19830726,RUS,,
206577,Aleksandra,Kostikova,U,19840408,RUS,,
206578,Natalia,Coronel,U,19840214,ARG,,
206579,Sarah,Tami Masi,R,19840615,PAR,,
206580,Carla,Bastos,U,19811002,BRA,,
206581,Maria Alejandra,Garcia,U,19821229,PAR,,
206582,Vivian,Torrez,U,19830506,BOL,,
206583,Monica,Poveda,U,19790104,BOL,,
206584,Cecilia,Poveda,U,19831001,BOL,,
206585,Andrea,Vargas,U,19860102,BOL,168,
206586,Carolina,Franco,U,19850613,BOL,,
206587,Daniela,Alvarez,U,19831228,BOL,,Q15293933
206588,Vanessa,Flores,U,19820327,BOL,,
206589,Paola,Gonzales,U,19781105,BOL,,
206590,Carolina,Azcui,U,19760301,BOL,,
206591,Maria Rene,Espinosa,U,19780125,BOL,,
206592,Maren,Muller,U,19760817,GER,,
206593,Fiana,Meineck,U,19780331,GER,,
206594,Morya,Peres,U,19790114,BOL,,
206595,Saskia,Meineck,U,19780331,GER,,
206596,Vanessa,De Los Heros,U,19790807,BOL,,
206597,Ana Carola,Guzman,U,19760913,BOL,,
206598,Maria Alejandra,Claure,U,19781230,BOL,,
206599,Renata,Diez,U,19740721,BRA,,
206600,Monica,Ribero,U,19810402,BOL,,
206601,Nanely,Vallejo,U,19781210,PER,,
206602,Silvia,Navarro Orgilles,U,19790929,ESP,,
206603,Natalia,Rojas,U,19810308,CHI,,
206604,Vanessa,Valdivia,U,19840405,BOL,,
206605,Kathleen,Odaly,U,19740511,USA,,
206606,Claudia,Herbas,U,19800304,BOL,,
206607,Pilar,Piana,U,19800215,ECU,,
206608,Florinda,Videa,U,,BOL,,
206609,Vicky,Barker,U,19760923,GBR,,
206610,Kylene,Wong Simunyola,U,19790725,USA,,
206611,Clara,Rios,U,19840128,BOL,,
206612,Teresina,Paz Soldan,U,19830623,BOL,,
206613,Clara,Udofa,U,19780131,NGR,,
206614,Dana,Evans,U,19730725,USA,,
206615,Audra,Brannon,U,19720605,USA,,
206616,Nicole,Kaiser,U,19770714,GER,,
206617,Pia Lena,Ander,U,19760403,SWE,,
206618,Jenny,Rolf,U,19770406,SWE,,
206619,Veronica,Goude,U,19771205,SWE,,
206620,Diana,Mills,U,19730330,ZIM,,
206621,Kelesitse,Makgale,U,19750126,BOT,,
206622,Tracee,Lee,U,19731009,USA,,
206623,Paula,Astrini,U,19731101,BRA,,
206624,Ana Maria,Viera Teixtera,U,19800706,BRA,,
206625,Marcela,Demilio,U,19741202,ARG,,
206626,Nuria,Niemes,U,19720619,ECU,,Q96308922
206627,Sally Ann,Cuttler,U,19760510,AUS,,
206628,Clarissa,Martinessi,U,19790505,PAR,,
206629,Cecilia,Quarracino,U,19831128,ARG,,
206630,Ana Carolina,Santoro,U,19800627,BRA,,
206631,Danielle,Moita,U,19831223,BRA,,
206632,Fernanda,Luiz,U,19840621,BRA,,
206633,Varmila,Trneckova,U,19710203,SVK,,
206634,Camila,Andolfato,R,19770312,BRA,,
206635,Maria,Mendonca,U,19540809,BRA,,
206636,Sylvia,Vay,U,19620921,BRA,,
206637,Claudia,Mucino,U,19711216,MEX,,Q96351869
206638,Rosangela,Martinez,U,19820725,BRA,,
206639,Carolina,Maurer,U,19790527,BRA,,
206640,Monica,Saffie,U,19781111,CHI,,
206641,Janisse,Mota,U,19790326,BRA,,
206642,Erika,Pineider,L,19790629,ITA,,
206643,Marialice,Alonso,U,19810903,BRA,,
206644,Amie,Garcia,U,19800517,USA,,
206645,Melisa,Lemus,U,19800607,ARG,,
206646,Vlatka,Jovanovic,R,19821013,CRO,,
206647,Marilia,Fritelli,U,19781115,BRA,,
206648,Christina,Weiss,U,19751022,GER,,
206649,Gisele,Ferreira,U,19780409,BRA,,
206650,Christina,Ferreira,U,19760622,BRA,,
206651,Suzana,Rodrigues,U,19751110,BRA,,
206652,Mayuko,Koshiba,U,19691215,JPN,,
206653,Simone,Jardim,R,19791107,BRA,173,
206654,Nina,Janzekovic,U,19790421,SLO,,
206655,Ianes,Moreira,U,19790621,BRA,,
206656,Yulia,Mirna,U,19820901,UKR,,
206657,Carla,Bruno,U,19800627,BRA,,
206658,Camila,Sagae,U,19820123,BRA,,
206659,Simone,Vasconcellos Calves,U,19641201,BRA,,
206660,Ana Paula,Mores,U,19770301,BRA,,
206661,Idalina,Franca,U,19820315,BRA,,
206662,Renata,Suarez,U,19800401,BRA,,
206663,Virginia,Zaffaroni,U,19801230,URU,,
206664,Soledad,Lucero,U,19791124,ARG,,
206665,Renata,Martins,U,19781008,BRA,,
206666,Paula,Umana,U,19740910,CRC,,Q97704793
206667,Debora,Carvalho,U,19791130,BRA,,
206668,Nina,Wennerstrom,U,19790406,SWE,,Q85149897
206669,Analia,Baca,U,19791215,ARG,,
206670,Mariana,Duarte,U,19810823,BRA,170,
206671,Karem,Harboe,U,19790423,CHI,,
206672,Daniela,Bolanos,U,19791207,ARG,,
206673,Juliana,Marques,U,19790711,BRA,,
206674,Metamin,Sharijah,U,19700321,BRU,,
206675,Kum Ok,Im,U,19770129,KOR,,
206676,Miranda,Ball,U,19771004,AUS,,
206677,Reina,Oda,U,19781014,JPN,,
206678,Arati,Ponnappa,U,19760801,IND,,
206679,Dragica,Joksimovic,U,19820525,SRB,,
206680,Denitza,Alexandrova,U,19811102,BUL,,
206681,Jovana,Stanisljevic,U,19801222,SRB,,
206682,Daniela,Groseanu,U,19791217,ROU,,
206683,Gergana,Ganeva,U,19840219,BUL,,
206684,Marina,Tasheva,U,19810526,BUL,,
206685,Raluca,Gheorghe,U,19770618,ROU,,
206686,Milena,Stojanovic,U,19790920,YUG,,
206687,Veneta,Karatchomakova,U,19780627,BUL,,
206688,Antoaneta,Neykova,U,19800217,BUL,,
206689,Tamara,Pavlov,U,19780525,YUG,,
206690,Ivona,Mihailova,U,19771213,MKD,,
206691,Tzveta,Panajotova,U,19791030,BUL,,
206692,Claudia,Reimering,U,19770624,NED,,
206693,Madalina,Niculaita,U,19761219,ROU,,
206694,Milena,Gadjanova,U,19780426,BUL,,
206695,Michaela,Lazerova,U,19780211,BUL,,
206696,Daniela,Ilieva,U,19800915,BUL,,
206697,Teodora,Nedeva,R,19770422,BUL,,Q12296186
206698,Katerina,Traykova,U,19800923,BUL,,
206699,Elena,Manevska,U,19820303,MKD,,
206700,Penka,Fileva,U,19801108,BUL,,
206701,Tanja,Lang,U,19741215,GER,,
206702,Alexandra,Greabu,U,19790927,ROU,,
206703,Charlotte,Ruitenberg,U,19760219,NED,,
206704,Teodora,Doncheva,U,19800704,BUL,,
206705,Ioana,Dragan,U,19800522,ROU,,
206706,Marina,Parashkevova,R,19830421,BUL,,
206707,Milena,Stanoycheva,U,19770901,BUL,,
206708,Ekaterina,Kuznetsova,U,19821108,RUS,,
206709,Elena,Stoilova,U,19810404,BUL,,
206710,Petia,Voucheva,U,19830605,BUL,,
206711,Ramona,But,U,19820508,ROU,,
206712,Adriana,Burz,U,19811108,ROU,,
206713,Natalia,Kostova,U,19811116,BUL,,
206714,Miroslava,Velevska,U,19830906,BUL,,
206715,Teodora,Mircheva,U,19830408,BUL,,
206716,Stefanie,Meyer,U,19750513,GER,,
206717,Asja,Tankic,U,19781224,BIH,,
206718,Mihaela,Stefan,U,19801228,ROU,,
206719,Stanka,Ilkova,U,19790323,BUL,,
206720,Lazarina,Sazdova,U,19810721,BUL,,
206721,Marina,Fileva,U,19820925,BUL,,
206722,Antonella,Pozzi,U,19760606,ITA,,
206723,Zvezdelina,Mladenova,U,19830604,BUL,,
206724,Kristina,Georgieva,U,19821130,BUL,175,
206725,Tania,Tzartzeva,U,19810526,BUL,,
206726,Veronika,Mayer,U,19790507,AUT,,
206727,Valerie,Verrier Diaconescu,U,19830318,CAN,,
206728,Katherine,Tessier,U,19780724,CAN,,
206729,Ilona,Kordonskaya,U,19800617,RUS,,
206730,Emeka,Mayes,U,19780731,CAN,,
206731,Malika,Oberoi,U,19790701,CAN,,
206732,Anca,Vasiloaica,U,19780320,ROU,,
206733,Katherine,Rammo,U,19840423,CAN,,
206734,Amelie,Philippe,U,19790203,CAN,,
206735,Sandra,Gloria,U,19800412,CAN,,
206736,Nela,Bogdanovich,U,19810916,CAN,,
206737,Jana,Sedivec,U,19791227,CAN,,
206738,Marie Claude,Ostiguy,U,19790821,CAN,,
206739,Aurelie,Freysz,U,19780402,FRA,,
206740,Sylvie,Metlef,U,19690112,FRA,,
206741,Dora,Bechliwanis,U,19820221,CAN,,
206742,Marta,Bechliwanis,U,19820221,CAN,,
206743,Justyna,Wojas,U,19800721,CAN,,
206744,Ghadihela,Flores,U,19860220,CAN,,
206745,Nelly,Dvornicka,U,19840701,CZE,,
206746,Cynthia,Goulet,R,19840115,CAN,,
206747,Leanne,Rutherford,U,19830628,CAN,,
206748,Kristin,Gyaki,U,19810427,CAN,,
206749,Jennifer,Mitchell,U,19811128,USA,,
206750,Lashawnn,Jones,U,19740602,USA,,
206751,Leigh,Bradwell,U,19810520,CAN,,
206752,Justine,Walsh,U,19840131,CAN,,
206753,Andrea,Nickel,U,19810205,CAN,,
206754,Kylie,Gottsche,U,19741227,AUS,,
206755,Jacqueline,Hagen,U,19820209,USA,,
206756,Carolina,Aravena,U,19810706,CHI,,
206757,Romina,Fonda,U,19790829,PAR,,
206758,Carolina,Kanacri,U,19780727,CHI,,
206759,Elizabeth,Brito,U,19820716,ESA,,
206760,Maria Laura,Bertolo,U,19761017,ARG,,
206761,Silvina,Saulo,U,19780817,ARG,,
206762,Karla,Jana,U,19820725,CHI,,
206763,Georgina,Palombo,U,19770716,ARG,,
206764,Izaskun,Bernal,U,19780312,ESP,,
206765,Pamela,Gonzalez,U,19781117,ARG,,
206766,Nannette,Duxin,U,19790122,URU,,
206767,Amaranta,Spinelli,U,19770218,ARG,,
206768,Silvina,Ronsisvalli,U,19800415,ARG,,
206769,Melisa,Castro,U,19720827,CHI,,
206770,Carolina,Espinoza,U,19690825,CHI,,
206771,Suheil,Lizana,U,19830502,CHI,,
206772,Lorena,Brain,U,19760412,CHI,,
206773,Cecilia,Varela,U,19830704,CHI,,
206774,Dayana,Mora,U,19811030,CHI,,
206775,Maria Paz,Orellana,U,19830716,CHI,,
206776,Minou,Jancso,U,19820518,CHI,,
206777,Evangelina Silvia,Migliavacca,U,19810520,ARG,,
206778,Lan,Yao,U,19800316,CHN,,
206779,Jennifer,Hall,U,19770119,USA,,
206780,Li Hua,Yang,U,19690703,CHN,,
206781,Yan Ling,Li,U,19680810,CHN,,
206782,Jing Hua,He,U,19800805,CHN,,
206783,Bi Xia,Li,U,19750221,CHN,,
206784,Eun Young,Ban,U,19790403,KOR,,
206785,Na,Fan,U,19780404,CHN,,
206786,Min,Fan,U,19810303,CHN,,
206787,Ying Shi,Huang,U,19800717,CHN,,
206788,Meng,Wang,U,19810221,CHN,,
206789,Hao,Zhang,U,19800928,CHN,,
206790,Bao Wen,Pu,U,19801213,CHN,,
206791,Fang,Liu,U,19860729,CHN,,
206792,Jie,Xu,U,19790214,CHN,,
206793,En Yue,Ma,U,19820204,CHN,,
206794,Li,Yan,U,19840116,CHN,,
206795,Dong Ling,Zou,U,19800510,CHN,,
206796,Zheng,Wang,U,19810216,CHN,,
206797,Ming Hui,Wu,U,19820310,CHN,,
206798,Juan Juan,Cheng,U,19831025,CHN,,
206799,Olga,Ramirez,U,19810909,COL,,
206800,Ruth,Diaz,U,19770526,COL,,
206801,Patricia,Quisoboni,U,19710522,COL,,
206802,Diana,De Salvador,U,19811122,COL,,
206803,Ana Maria,Zarta,U,19790705,COL,,
206804,Maria Andrea,Quintero,U,19780623,COL,,
206805,Olga,Duran,U,19811108,COL,,
206806,Catalina,Martinez,U,19801028,COL,,
206807,Monica,Londono,U,19810501,COL,,
206808,Dragica,Lozina,U,19841013,CRO,,
206809,Tadeja,Sibila,R,19830728,SLO,,
206810,Tjasa,Jezernik,U,19770617,SLO,,Q8311098
206811,Marielle,Bruens,U,19760309,NED,,
206812,Sabina,Radevicova,U,19760601,CZE,,
206813,Martina,Nedelkova,U,19771021,SVK,,Q106594327
206814,Franke,Joosten,U,19740805,NED,,
206815,Jasmin,Notdurfter,U,19821001,ITA,,
206816,Jessica,Stein,U,19840620,GER,,
206817,Marina,Raic,U,19780820,CRO,,
206818,Gabriela,Beleni,U,19750127,UKR,,
206819,Sylva,Nesvadbova,U,19750603,CZE,,
206820,Stephanie,Lobner,U,19781102,GER,,
206821,Michaela,Hasanova,U,19760924,SVK,,
206822,Martina,Zichova,U,19751225,CZE,,
206823,Alenka,Kacunko,U,19811121,CRO,,
206824,Azra,Resic,U,19800204,BIH,,
206825,Silvia,Sosnarova,U,19790131,SVK,,
206826,Manuela,Kostner,U,19760331,GER,,
206827,Tamara,Rollenberg,U,19770312,NED,,
206828,Doris,Kurtela,U,19820305,CRO,,
206829,Ana,Jagerfeld Juric,U,19800417,DEN,,
206830,Krisztina,Kovacs,R,19790629,HUN,,
206831,Helen,Staresinic,U,19820220,CRO,,
206832,Ana,Mise,U,19821107,CRO,,
206833,Michelle,Giang,U,19831227,SUI,,
206834,Petra,Bercik,U,19810121,GER,,
206835,Viktoria,Stoklasova,U,19810125,SVK,,
206836,Tina,Vukasovic,U,19750906,SLO,,Q108375183
206837,Martini,Pospisilova,U,19780813,CZE,,
206838,Adriana,Radic,U,19790116,CRO,,
206839,Marja,Znidar,U,19800215,SLO,,
206840,Mira,Veghova,U,19770802,GER,,
206841,Darina,Mecova,U,19780815,CZE,,
206842,Iva,Berankova,U,19780303,CZE,,
206843,Renata,Hlavova,U,19790517,CZE,,
206844,Lara,Ercegovic,U,19811026,CRO,,
206845,Maja,Pauk,U,19820606,CRO,,
206846,Hanna,Puustinen,U,19781117,FIN,,
206847,Ana,Knezovic,U,19790129,CRO,,
206848,Biljana,Joketovic,U,19780626,GER,,
206849,Tonka,Doric,U,19760908,CRO,,
206850,Mirva,Maenpaa,U,19771111,FIN,,
206851,Erika,Ohlsson,U,19790608,SWE,,
206852,Veronika,Koksova,U,19820323,CZE,,
206853,Andrea,Hardegger,U,19771022,SUI,,
206854,Steffi,Van Elten,U,19850810,GER,,
206855,Maria,Jedlickova,U,19841001,SVK,,
206856,Yvona,Cindric,U,19801215,AUT,,
206857,Darija,Klaic,U,19820216,CRO,,
206858,Barbora,Zahnova,U,19780915,SVK,,
206859,Zuzana,Lindner,U,19780324,CZE,,
206860,Katarina,Lindner,U,19780324,CZE,,
206861,Tanja,Buchheim,U,19770602,GER,,
206862,Daphne,Nicolatou,U,19791118,CYP,,
206863,Pavlina,Bartunkova,U,19760809,CZE,,
206864,Tatiana,Matohniuk,U,19720513,UKR,,
206865,Cora,Hofmann,U,19720911,GER,,
206866,Lenka,Humenikova,U,19770521,CZE,,
206867,Eleni,Pilava Papanikolaou,R,19590314,CYP,,
206868,Karin,Balekova,U,19721113,CZE,,
206869,Stephanie,Kamberi,U,19810812,CYP,,
206870,Andria,Hadjioannou,U,19820127,CYP,,
206871,Maria,Rasmussen,U,19780820,DEN,,
206872,Natalia,Savchenko,U,19820106,UKR,,
206873,Annette,Zweck,U,19760513,GER,,
206874,Inga,Burger,U,19810420,GER,,
206875,Monika,Malinska,U,19810308,CZE,,
206876,Karolina,Roubickova,U,19810330,CZE,,
206877,Pavlina,Ticha,U,19840824,CZE,,
206878,Alena,Jecminkova,U,19790213,CZE,,
206879,Floor,Vioen,U,19760111,NED,,
206880,Radka,Sottova,U,19810307,CZE,,
206881,Karolina,Petrikova,U,19761118,CZE,,
206882,Marketa,Langerova,U,19800513,CZE,,
206883,Radka,Hovorkova,U,19801109,CZE,,
206884,Lucie,Soumarova,U,19790601,CZE,,
206885,Yulia,Davidyuk,U,19810216,UKR,,
206886,Anca,Dumitrescu,U,19810308,ROU,,
206887,Veronika,Safarova,U,19770823,CZE,,
206888,Katerina,Chuda,U,19800207,CZE,,
206889,Maiken,Pape,U,19780220,DEN,,
206890,Anja,Kostecki,U,19720205,DEN,,
206891,Sandra,Olsen,U,19750516,DEN,,
206892,Camilla,Persson,U,19740108,SWE,,
206893,Helena,Nordwall,U,19740430,SWE,,
206894,Mette,Iversen,R,19800102,DEN,,
206895,Renate,Stoop,U,19800426,NED,,
206896,Ratricia,Diaz,U,19790626,DOM,,
206897,Monika,Pimentel,U,19780627,DOM,,
206898,Carolina,Molins,U,19760513,ESA,,
206899,Kristy,Bayer,U,19741230,USA,,
206900,Daysi,Espinal,U,19820525,DOM,,
206901,Ana,Santelises,U,19801017,DOM,,
206902,Yamile,Cordova,U,19720907,CUB,,
206903,Glenny,Cepeda,R,19810413,DOM,,
206904,Yoannis,Montesino,U,19710626,CUB,,Q96278970
206905,Natalia,Ganna,U,19790518,SUI,,
206906,Silvia,Bayon,U,19790306,ESP,,
206907,Monika,Serrano,U,19820326,VEN,,
206908,Diana,Espinal,U,19831008,DOM,,
206909,Jacqueline,Nieto,U,19810818,VEN,,
206910,Mari,Toro,U,19791111,PUR,175,
206911,Carla,Prieto,U,19820804,DOM,,
206912,Myriam,Cueva,R,19831012,ECU,,
206913,Paola,Guerrero,U,19830607,ECU,,
206914,Maria Elena,Torres,U,19790503,ECU,,
206915,Maria Cristina,Campana,U,19790922,ECU,,
206916,Sonia,Orellana,U,19811125,ECU,,
206917,Alexandra,Guzman,U,19780119,ECU,,
206918,Gioconda,Pinzon,U,19800110,ECU,,
206919,Gabriela,Coello,U,19820408,ECU,,
206920,Rossana,Hidalgo,U,19810815,ECU,,
206921,Maria Paola,Arcos,U,19810723,ECU,,
206922,Fanny,Cardenas,U,19810616,ECU,,
206923,Patricia,Zurita,U,19811225,ECU,,
206924,Ana Maria,Zuleta,U,19830615,ECU,,
206925,Montserrat,Palacios,U,19811104,ECU,,
206926,Gabriela Alejandra,Tamasi,U,19800117,ARG,,
206927,Pamela,Van Boekel,U,19821019,NED,,
206928,Natasha,Van Der Merwe,U,19810605,RSA,,
206929,Dalia,Coutry,U,19831114,EGY,,
206930,Said Basiuny,Hend,U,19800929,EGY,,
206931,Visnja,Visnjic,U,19810811,YUG,,
206932,Amal,Basha,U,19850706,EGY,,
206933,Reem,Raouf,U,19851001,EGY,,
206934,Nina,Egger,R,19831101,AUT,,
206935,Sara,Sabry,U,19830115,EGY,,
206936,Shayma Seif,El Sisi,U,19840815,EGY,,
206937,Nermien,Abaza,U,19831114,EGY,,
206938,Sara,Badran,U,19840126,EGY,,
206939,Eman,Metwaly,U,19821214,EGY,,
206940,Yasmin,Attia Abdalla,U,19751122,EGY,,
206941,Spela,Kobetic,U,19780409,SLO,,
206942,Eman,Shahab,U,19801119,IND,,
206943,Yasmin,El Kashef,U,19821020,EGY,,
206944,Elise,Crozier,U,19761231,GBR,,
206945,Fiona,Barrett,U,19771214,GBR,,
206946,May,Kabani,U,19810928,EGY,,
206947,Laila,Karim,U,19791223,EGY,,
206948,Mariam,Galal Hafez,U,19820303,EGY,,
206949,Virginia,Gollut,U,19760813,SUI,,
206950,Gianina,Enuta,U,19810310,ROU,,
206951,Charlotte,Smith,U,19800704,GBR,,
206952,Ekaterina,Kouznetchenkova,U,19821129,RUS,,
206953,Maija,Lamu,U,19790723,FIN,,
206954,Egle,Petrauskaite,R,19850521,LTU,,
206955,Paloma,Ruiz Blanco,U,19860709,ESP,,
206956,Lara,Del Saz De Soto,U,19840818,ESP,,
206957,Patricia,Starzyk,R,19830520,AUT,,
206958,Cristina,Santos,U,19830106,ESP,,
206959,Sonia,Delgado Tardif,U,19800616,ESP,,
206960,Ana Luna,Gonzalez Munoz,U,19860511,ESP,,
206961,Ana Maria,Franco Lopez,U,19790326,ESP,,
206962,Carmen,Marquez,U,19830618,ESP,,
206963,Neus,Sole,U,19820923,ESP,,
206964,Evelyn,Platzer,U,19760207,ITA,,
206965,Laura,Frias,U,19780505,ESP,,
206966,Monica,Amador Pons,U,19790116,ESP,,
206967,Cristina,Portas Soy,U,19760509,ESP,,
206968,Carolina,Lillo Carrazon,U,19790314,ESP,,
206969,Ana,Sanz Castro,U,19810725,ESP,,
206970,Cintia,Perez,U,19800207,ESP,,
206971,Marta,Ribalta,U,19810214,ESP,,
206972,Caroline,Rossel,U,19760311,FRA,,
206973,Cristina,Fontelles,U,19800110,ESP,,
206974,Desire,Roset Torres,U,19840511,ESP,,
206975,Patricia,Miro Bussman,U,19850727,ESP,,
206976,Nuria,Martinez,U,19780808,ESP,,
206977,Ariadna,Berdala Grive,U,19811101,ESP,,
206978,Elena,Fontelles,U,19800715,ESP,,
206979,Elisabeth,Unge,U,19790119,ESP,,
206980,Paco,Heredia,U,19811114,ESP,,
206981,Chira,Niemela,U,19800831,FIN,,
206982,Eva,Trujillo,U,19810118,ESP,,
206983,Karen,Faus,U,19800817,ESP,,
206984,Tina,Hojnik,U,19810116,SLO,,
206985,Pilar,Andres,U,19790316,ESP,,
206986,Patricia,Perez De Vinaspre,U,19800416,ESP,,
206987,Renate,Wachtler,U,19691002,ESA,,
206988,Gabriela,Duarte,U,19810516,ESA,,
206989,Karla,Lehnoff,U,19630307,GUA,,
206990,Frances,Giron,U,19800807,ESA,,
206991,Marcela,Duarte,U,19791006,ESA,,
206992,Lorena,Sandoval,U,19650223,ESA,,
206993,Margarita,Mejia,U,19750927,ESA,,
206994,Frida,Flores,U,19770716,ESA,,
206995,Rosa Maria,Morazan,U,19790226,ESA,,
206996,Elena,Villatoro,U,19790226,ESA,,
206997,Annette,Falkenberg,U,19731205,ESA,,
206998,Kadija,Richards,U,19800116,JAM,,
206999,Erika,Villalobos Morsink,U,19821107,CRC,,
207000,Melissa,Mendieta,U,19810820,CRC,,
207001,Claudia,Argumedo,U,19830402,ESA,,
207002,Marcela Ivon,Rodezno Hernandez,U,19850108,ESA,,Q103376687
207003,Liz,Cruz,R,19850721,ESA,,Q27472818
207004,Miriam,Cruz,R,19850721,ESA,,
207005,Carolina,Sanabria,U,19781026,ESA,,
207006,Maria,Hernandez,U,19750809,COL,,
207007,Djamila,Khaldi,U,19820515,ALG,,
207008,Daria,Potapova,U,19830706,RUS,,
207009,Francesca,Savinelli,U,19840119,ITA,,
207010,Susan,Bowman,U,19741201,USA,,
207011,Jennifer,Sans,U,19781227,FRA,,
207012,Ines,Buermeyer,U,19760412,GER,,
207013,Anne Marie,Mikkers,U,19730513,NED,,Q67170655
207014,Anne Laure,Le Guennec,U,19781026,FRA,,
207015,Laura,Gotarredona,U,19780617,ESP,,
207016,Elisa,Penalvo,U,19760329,ESP,,
207017,Marta,Alastruez Ruiz,U,19710903,ESP,,
207018,Stephanie,Content Tardieu,U,19741112,FRA,,
207019,Ana,Serrot Geminelli,U,19800327,ESP,,
207020,Manuela,Costa,U,19761020,POR,,
207021,Gabriella,Molnaar,U,19720726,HUN,,
207022,Marina,Chaves Moledo,U,19850108,ESP,,
207023,Eva,Alves Comesana,U,19810318,ESP,,
207024,Begona,De Toro Sanz,U,19820507,ESP,,
207025,Beatriz,Aguilar,U,19780404,ESP,,
207026,Dominika,Gorecka,U,19740802,CZE,,
207027,Manuela,Borzi,U,19781221,ITA,,
207028,Laura,Garcia Pacual,U,19770508,ESP,,
207029,Aurea,Castella,U,19780115,ESP,,
207030,Gemma,Selga,U,19810101,ESP,,
207031,Rebeca,Llorente,U,19801216,ESP,,
207032,Laura,Figuerola Foix,U,19830819,ESP,,
207033,Marina,Novelli,U,19770102,ITA,,
207034,Anke,Roos,U,19760726,GER,,
207035,Dominique,Bovey,U,19750620,SUI,,
207036,Vanessa,Alonso Rodriguez,U,19830323,ESP,,
207037,Sonia,Lagos,U,19810724,ESP,,
207038,Cristina,Maiz,U,19810917,ESP,,
207039,Gemma,Gallo Gomez,U,19820304,ESP,,
207040,Belen,Berbel Soriano,U,19780418,ESP,,
207041,Irene,Macia,U,19770602,ESP,,
207042,Silvia,Torne Ortiz,U,19810422,ESP,,
207043,Eva,Arteche,U,19820424,ESP,,
207044,Sara,Martinez Martos,U,19811107,ESP,,
207045,Laura,Cebrian,U,19820130,ESP,,
207046,Marta,Peman,U,19771206,ESP,,
207047,Chen,Li,U,19840605,CHN,,
207048,Monica,Gonzalez Gordo,U,19810125,ESP,,
207049,Yolanda,Civit Canals,U,19770328,ESP,,
207050,Rachael,Mcardle,U,19761109,GBR,,
207051,Maria,Guijarro,U,19810820,ESP,,
207052,Blotza,Gutierrez,U,19800922,ESP,,
207053,Neus,Barbera Flores,U,19800424,ESP,,
207054,Maria,Gil,U,19820111,ESP,,
207055,Beatriz,Fraga,U,19811128,ESP,,
207056,Marcela,Ferrari,U,19810123,ESP,,
207057,Solma,Norovz Najeri,U,,ESP,,
207058,Patricia,Huelin Alvarez,U,19850613,ESP,,
207059,Pilar,Santibanez Gomez Ull,U,19691122,ESP,,
207060,Susana,De Andres Therond,U,19770115,ESP,,
207061,Vanessa,Manya Arranz,U,19790303,ESP,,
207062,Karina,Gamonal,U,19820520,ESP,,
207063,Carmela,Carro,U,19840614,ESP,,
207064,Katia,Rodrigues,R,19811130,POR,182,
207065,Rocio,Cupeiro,U,19820820,ESP,,
207066,Maria Teresa,Guell,U,19761102,ESP,,
207067,Magdalena,Gual Pascual,U,19550606,ESP,,
207068,Nuria,Rivas,U,19810127,ESP,,
207069,Maria,Rivas,U,19820521,ESP,,
207070,Mariana,Quintanilla,U,19820716,PER,,
207071,Sarah,Dinkelmann,U,19820902,SUI,,
207072,Maria,Castanera Rodriguez,U,19850330,ESP,,
207073,Julia,Romanova,U,19810812,RUS,,
207074,Silvia,Plasin Peral,U,19740402,ESP,,
207075,Sandra,Kvelstein,U,19820307,EST,,
207076,Julia,Matojan,R,19850810,EST,,
207077,Sanna,Miestamo,U,19710929,FIN,,
207078,Helina,Lill,U,19761027,EST,,
207079,Johanna,Pesola,U,19790812,FIN,,
207080,Piret,Ilves,U,19700619,EST,,Q31280454
207081,Marianna,Laasanen,U,19840115,FIN,,
207082,Denise,Doring,U,19781125,GER,,
207083,Tabitha,Blackburn,U,19790110,GBR,,
207084,Mia,Leino,U,19740109,FIN,,
207085,Karin,Asberg,U,19760616,SWE,,
207086,Miia,Kohtala,U,19760113,FIN,,
207087,Viktoria,Gimberg,U,19760209,SWE,,
207088,Laura,Nurminen,U,19751225,FIN,,
207089,Natalie,Frawley,U,19760510,AUS,,
207090,Suvikukka,Forsius,U,19760625,FIN,,
207091,Janine,Lanser,U,19800718,GER,,
207092,Alexandra,Charles,U,19780320,FRA,,
207093,Cornelia,Villemur,U,19820227,FRA,,
207094,Harmonie,Fiacchi,U,19820720,FRA,,
207095,Bridget,Merrick,U,19761018,USA,,
207096,Melinda,Malouli,U,19821123,FRA,,
207097,Camille,Gely,U,19820718,FRA,,
207098,Lesia,Bilak,U,19750616,UKR,,
207099,Dorothee,Buschhuter,U,19810704,GER,,
207100,Alexandra,Rentzoula,U,19750123,GRE,,
207101,Valerie,Feger,U,19751030,FRA,,
207102,Delphine,Costantini Benoit,U,19770119,FRA,,
207103,Magalie,Portel,U,19791128,FRA,,
207104,Anne,Meritel,U,19810629,FRA,,
207105,Julie,Salla,U,19830329,FRA,,
207106,Fabienne,Vielle Grosjean,U,19821125,FRA,,
207107,Maria,Gusheva,U,19770313,BUL,,
207108,Mikaele,Zaykine,U,19810911,FRA,,
207109,Marine,Piriou,U,19810421,FRA,,
207110,Amy,Dillingham,U,19690628,USA,,
207111,Audrey,Pierrich,U,19760709,FRA,,
207112,Fabienne,Clavel,R,19850815,FRA,,
207113,Joelie,Brousseaud,U,,FRA,,
207114,Claire,Maiolini,U,19800520,FRA,,
207115,Elodie,Navarro,U,19850829,FRA,,
207116,Virginia,Tournebise,U,19770623,FRA,,
207117,Stefania,Indemini,U,19730927,ITA,,
207118,Perrine,Pernin,U,19810410,FRA,,
207119,Axelle,Alquier,U,19790123,FRA,,
207120,Alessia,Baracchini,U,19790916,ITA,,
207121,Elissa,Burton,U,19730823,AUS,,
207122,Patricia,Mongauzi,U,19771206,FRA,,
207123,Anne,Degioanni,U,19710314,FRA,,
207124,Magali,Partyka,U,19771220,FRA,,
207125,Sandra,De Silva,U,19750116,USA,,
207126,Sabine,Oristil,U,19780803,FRA,,
207127,Romy,Hutchins,U,19800115,GBR,,
207128,Julie,Zanin,U,19800311,FRA,,
207129,Valentine,Vernaz,U,19780213,FRA,,
207130,Geraldine,Rimes,U,,FRA,,
207131,Charlotte,Sikorra,U,,FRA,,
207132,Ludivine,Nicolas,U,19780324,FRA,,
207133,Raluca,Ciulei,R,19800213,ROU,,
207134,Laurence,Poujoulat,U,19790422,SUI,,
207135,Aki,Fujii,U,19720407,AUS,,
207136,Jeannine,Kuratli,U,19800224,SUI,,
207137,Leyla,Ogan,U,19770913,GBR,,
207138,Jahnavi,Parekh,U,19781204,IND,,
207139,Frances,Hearn,U,19770207,GBR,,
207140,Eve,Langley,U,19781023,GBR,,
207141,Julie,White,U,19790310,GBR,,
207142,Sally,Turner,U,19791021,GBR,,
207143,Sara,Lydon,U,19800526,GBR,,
207144,Lucy,Wood,U,19810128,GBR,,
207145,Charlotte,Wallace,U,19820826,GBR,,
207146,Naomi,Callow,U,19791112,GBR,,
207147,Claire,Seal,U,19820321,GBR,,
207148,Ashleigh,Dolman,U,19790625,ZIM,,
207149,Sarah,Wright,U,19840619,GBR,,
207150,Leila,Salek,U,19841105,GBR,,
207151,Kirsty,Thomas,U,19810115,GBR,,
207152,Bree,Calderwood,U,19800502,AUS,,
207153,Helen,Broome,U,19840215,GBR,,
207154,Sarah,Stanley,U,19771227,AUS,,
207155,Hannah,Parker,U,19811124,GBR,,
207156,Julie,De Roo,U,19810426,FRA,,
207157,Kimberly,Buick,U,19830730,GBR,,
207158,Danielle,Hock,U,19820218,GBR,,
207159,Stephanie,Chu,U,19830125,GBR,,
207160,Anne Marie,Hogan,U,19810609,IRL,,
207161,Kim,Freebairn,U,19810831,AUS,,
207162,Nicole,Kenneally,U,19730316,AUS,,
207163,Julia,Boden,U,19721021,GBR,,
207164,Nina,Wenger,U,19780301,GER,,
207165,Siobhan,Munro,U,19770308,AUS,,
207166,Ismet Duygu,Aksit Oal,U,19711004,TUR,,Q17045589
207167,Tamar,Zedginidze,U,19830118,GEO,,
207168,Anna,Chachua,U,19830429,GEO,,
207169,Ksenia,Orehova,U,19820430,UKR,,
207170,Nato,Kachkachishvili,U,19810922,GEO,,
207171,Elena,Petrenko,U,19801102,MDA,,
207172,Nino,Chichinadze,U,19820320,GEO,,
207173,Irina,Kakoulia,U,19780812,GEO,,
207174,Nato,Dolitze,U,19830312,GEO,,
207175,Tinatin,Turmanidze,U,19821130,GEO,,
207176,Sona,Saringulyan,U,19781018,ARM,,
207177,Vera,Turkhaneli,U,19730615,GEO,,
207178,Alla,Goncharenko,U,19790516,UKR,,
207179,Victoria,Chavleishvili,U,19830802,GEO,,
207180,Silke,Martin,U,19810410,GER,,
207181,Dorothee,Kurz,U,19780228,GER,,
207182,Susanne,Losel,R,19800207,GER,,
207183,Marnie,Mahler,U,19850917,GER,,
207184,Natalie,Marz,U,19810717,GER,,
207185,Rita,Tarjan,U,19821104,GER,,
207186,Jenny,Kuhn,U,19830114,GER,,
207187,Katherina,Trumpf,U,19840615,GER,,
207188,Stefanie,Kolar,R,19760222,GER,,
207189,Stephanie,Barfeld,U,19750209,GER,,
207190,Esther,Rekasch,U,19730417,GER,,
207191,Eva Maria,Petschnig,U,19801018,GER,,
207192,Zuzana,Rakicka,U,19780119,SVK,,
207193,Virpi,John,U,19790327,GER,,
207194,Laura,Ganzer,U,19840615,GER,,
207195,Irini,Alevizopoulou,U,19830326,GRE,,
207196,Anna Maria,Hollo,U,19740721,HUN,,
207197,Argyro,Zika,U,19800608,GRE,,
207198,Eleftheria,Makromaridou,U,19840530,GRE,,
207199,Eugenia,Kranioti,U,19850110,GRE,,
207200,Silvia,Genisova,U,19850815,GRE,,
207201,Aspasia,Sotiriadou,U,19840507,GRE,,
207202,Irena,Mihailova,U,19771213,MKD,,
207203,Daniella,Kastamoniti,U,19810507,GRE,,
207204,Irene,Stavridou,U,19790323,GRE,,
207205,Fotini,Kapetanaki,U,19781031,GRE,,
207206,Ioanna,Petratou,U,19830415,GRE,,
207207,Federica,Maldini,U,19770703,ITA,,
207208,Sofia,Kalavria,U,19741021,GRE,,
207209,Theodora,Patsourakou,U,19810313,GRE,,
207210,Liana,Skordopoulou,U,19790515,GRE,,
207211,Anna,Aggelopoulou,U,19801203,GRE,,
207212,Georgia,Akrivopoulou,U,19830412,GRE,,
207213,Anastasia,Michail,U,19850917,GRE,,
207214,Christa,Magister,U,19841008,AUT,,
207215,Eudoxia,Karaproimou,U,19810101,GRE,,
207216,Despina,Toulgaridou,U,19820904,GRE,,
207217,Eudoxia,Delisavva,U,19830508,GRE,,
207218,Elena,Tsagalidou,U,19760313,GRE,,
207219,Maria,Vlachou,U,19831104,GRE,,
207220,Kiriaki,Karaproimou,U,19780726,GRE,,
207221,Elena,Toulgaridou,U,19840223,GRE,,
207222,Ekaterina,Chatzisavidou,U,19831102,GRE,,
207223,Anna,Andersson,U,19810515,SWE,,
207224,Khristen,Pietrucha,U,19750803,USA,,
207225,Agnes,Palvolgyi,U,19810301,HUN,,
207226,Tunde,Nemeth,U,19820610,HUN,,
207227,Lucy,Needham,U,19740204,GBR,,
207228,Kristina,Irwan,U,19781006,INA,,
207229,Naoko,Kurimata,U,19701215,JPN,,
207230,Manuela,Grosskopf,U,19751002,GER,,
207231,Sanny,Harsono,U,19820103,INA,,
207232,Frederika,Girsang,U,19810309,INA,,
207233,Mudarwati,Mudarwati,U,19821014,INA,,
207234,Novianti,Warsono,U,19841130,INA,,
207235,Asri Nursanti,Ebo,U,19790214,INA,,
207236,Laura,Mangunsong,U,19810706,INA,,
207237,Suci,Bungaran,U,19830325,INA,,
207238,Rachmawati,Siregar,U,19800702,INA,,
207239,Villa,Daniella,U,19850430,INA,,
207240,Michelle,Grobby,U,19830829,AUS,,
207241,Donna,Mcintyre,U,19810812,AUS,,
207242,Marjorie,Sindal,U,19840711,INA,,
207243,Rachel,Dean,U,19791024,AUS,,
207244,Dewi Monica,Siregar,U,19820617,INA,,
207245,Farida,Agustina,U,19840831,INA,,
207246,Lianasari,Batubara,U,19790806,INA,,
207247,Lan Lan,Tai,U,19820311,TPE,,
207248,Stella,Sondang,U,19850121,INA,,
207249,Margaretha,Novianti,U,19841113,INA,,
207250,Diana,Julianto,U,19840214,INA,160,Q5271198
207251,Pichaya,Laosirichon,R,19851001,THA,,
207252,Eliza,Rustandar,R,19871112,INA,,
207253,Sian Arie,Staria,U,19791227,INA,,
207254,Leonita,Girsang,U,19820705,INA,,
207255,Su Jin,Kim,R,19850303,KOR,,
207256,Ratih,Zanida,U,19810219,INA,,
207257,Devina,Saedi,U,19850618,INA,,
207258,Yulia,Fitri,U,19840705,INA,,
207259,Tara,Kanbargimath,U,19800204,IND,,
207260,Isha,Chopra,U,19820711,IND,,
207261,Karolina,Sadaj,U,19820207,POL,,
207262,Janaki,Krishnamoorthy,U,19730131,IND,,
207263,Nikita,Bhardwaj,U,19830807,IND,,
207264,Shalini,Thakar,U,19780218,IND,,
207265,Reetu,Sethi,U,19781130,IND,,
207266,Joy,Rodrigues,U,,IND,,
207267,Tarminder,Grover,U,19790715,IND,,
207268,Simmi,Rani,U,19811111,IND,,
207269,Stutti,Smit,U,19800924,IND,,
207270,Jasleen,Randhawa,U,19790715,IND,,
207271,Nona,Wagh,U,19820129,IND,,
207272,Vishnu Preetham,Mahalingam,U,19810515,IND,,
207273,Yamini,Thukkaiandi,U,19830524,IND,,
207274,Pallavi,Sharma,R,19850915,IND,,
207275,Tanya,Sharma,U,19851011,IND,,
207276,Sai Swapna,Ramakrishnan,U,19820222,IND,,
207277,Sricharanya,Thiagarajan,U,19820317,IND,,
207278,Rani Smita,Jain,U,19820121,IND,,
207279,Aparna,Singh,U,19820715,IND,,
207280,Pragya,Yadav,U,19820501,IND,,
207281,Olexandra,Verkhniatska,U,19860202,UKR,,
207282,Ridhina,Parekh,U,19831229,IND,,
207283,Nandita,Chandrasekar,R,19840109,IND,,
207284,Marutha,Devi,R,19850702,IND,,
207285,Radha,Devendrappa,U,19840104,IND,,
207286,Priyanka,Parekh,U,19850815,IND,,
207287,Subhra,Shukla,U,19760127,IND,,
207288,Kamini,Murugaboopathy,U,19850201,IND,,
207289,Mojca,Mileta,U,19840424,SLO,,
207290,Hrafuhildur,Hannesdotter,U,19771229,ISL,,
207291,Iris,Staub,U,19800926,ISL,,
207292,Caroline,Tidemand,U,19820429,NOR,,Q64005741
207293,Shiri,Zlotikamin,U,19800822,ISR,,
207294,Stefanie,Hershfield,U,19810322,USA,,
207295,Katerina,Teplizki,U,19850426,ISR,,
207296,Marina,Aniutin,U,19851010,ISR,,
207297,Ofra,Friedman,U,19820522,ISR,,
207298,Simona,Arghire,U,19830209,ROU,,
207299,Mireia,Gol Alamo,U,19840502,ESP,,
207300,Bernadette,Audra,U,19820416,INA,,
207301,Sasha,Edelstein,U,19810220,ISR,,
207302,Jihan,Patel,U,19820509,MRI,,
207303,Maria Carmen,Gaso,U,,ESP,,
207304,Estefania,Daubiol,U,19830622,ESP,,
207305,Maia,Ram,U,19850321,ISR,,
207306,Rotem,Tepperberg,U,19810318,ISR,,
207307,Sivan,Ozana,U,19820528,ISR,,
207308,Ana,Higer,U,19851024,ISR,,
207309,Anna,Spivakovski,U,19850619,ISR,,
207310,Nosrat,Zeidan,U,19851121,ISR,,
207311,Julia,Sack,U,19860807,ISR,,
207312,Gal Li,Kaplan,R,19850527,ISR,,
207313,Anouk,Sinnige,U,19801009,NED,,
207314,Elisa,Innocenti,U,19820508,ITA,,
207315,Ekaterina,Burduli,U,19850417,ISR,,
207316,Dvora,Marsha,U,19840207,ISR,,
207317,Michal,Bar,U,19860314,ISR,,
207318,Imogen,Wyatt,U,19750429,GBR,,
207319,Anat,Katz,U,19801021,ISR,,
207320,Sarit,Shalev,U,19660414,ISR,,
207321,Dikla,Dadon,U,19820520,ISR,,
207322,Mira,Rainshtein,U,19820502,ISR,,
207323,Yael,Beckman,U,19760514,ISR,,
207324,Rotem,Magnagni,U,19810408,ISR,,
207325,Giulia,Schivo,U,19810912,ITA,,
207326,Alessia,Biffi,U,19800421,ITA,,
207327,Sara,Grechi,U,19800513,ITA,,
207328,Natalie,Fracassi,U,19790212,ITA,,
207329,Ilaria,Pibiri,U,19841202,ITA,,
207330,Barbara,Galletto,U,19830318,ITA,,
207331,Giuliana,Atzori,U,19720220,ITA,,
207332,Roberta,Borrelli,U,19800411,ITA,,
207333,Maria Cristina,Bentivoglio,U,19800429,ITA,,
207334,Cinzia,Coppini,U,19711210,ITA,,
207335,Daniela,Dessolis,U,19820109,ITA,,
207336,Andrea,Riedlmajerova,U,19840423,SVK,,
207337,Claudia,Marsili,U,19760111,ITA,,
207338,Chiara,Dal Bon,U,19801123,ITA,,
207339,Raffaella,Coffa,U,19810523,ITA,,
207340,Wei,Ni,U,19780910,CHN,,
207341,Silvia,Tozzi,U,19800209,ITA,,
207342,Maria Letizia,Zavagli,U,19821206,ITA,,
207343,Veronica,Sartini,U,19810209,ITA,,
207344,Aleksandra,Radosavljevic,U,19790917,YUG,,
207345,Clementina,Rovere,U,19801114,ITA,,
207346,Carmela,Vitali,U,19650421,ITA,,
207347,Roberta,Lamagni,U,19790323,ITA,,
207348,Elena,Cordano,U,19810704,ITA,,
207349,Martina,Dettore,U,19830710,ITA,,
207350,Lilly,Raffa,R,19770929,ITA,,
207351,Manuela,Bargis,U,19720906,ITA,,
207352,Simona,Porchia,U,19760512,ITA,,
207353,Mabel,Roviti,U,19790701,ITA,,
207354,Monika,Kasianiuk,U,19770324,POL,,
207355,Claudia,Oliva,U,19820910,ITA,,
207356,Giorgia,Poggi,U,19810718,ITA,,
207357,Simona,Farenza,U,19800923,ITA,,
207358,Lorenza,Vaschetto,U,19830105,ITA,,
207359,Francesca,Calabrese,U,19810630,ITA,,
207360,Emilia,Desiderio,R,19800529,ITA,,
207361,Eliana,Della Vedova,U,19750627,ITA,,
207362,Stefania,Pacella,U,19810420,ITA,,
207363,Eleonora,Agnolozzi,U,19730120,ITA,,
207364,Valentina,Murgo,U,19760628,ITA,,
207365,Beatrice,Spiganti,U,19830214,ITA,,
207366,Simona,Dandrea,U,19690129,ITA,,
207367,Arianna,Di Gennaro,U,19810610,ITA,,
207368,Evelyn,Moser,U,19790301,ITA,,
207369,Francesca,Maggi,U,19781123,ESP,,
207370,Francesca,Tancredi,U,19820728,ITA,,
207371,Alessandra,Dellaversana,U,19781111,ITA,,
207372,Alina,Wyganowska,U,19770430,POL,,
207373,Zsofia,Csapo,U,19750218,HUN,,
207374,Margherita,Naso,U,19710502,ITA,,
207375,Valentina,Ronchi,U,19800327,ITA,,
207376,Claudia,Di Trapani,U,19810311,ITA,,
207377,Patrizia,Mirtillo,U,19730613,ITA,,
207378,Sara,Mueller,U,19810203,ITA,,
207379,Luisa,Fantola,U,19780228,ITA,,
207380,Angela,Ruchin,U,19800401,AUS,,
207381,Barbara,Oddone,U,19700405,ITA,,Q43130489
207382,Jelena,Ganic,U,19810522,ITA,,
207383,Adrianna,Gallo,U,19810405,ITA,,
207384,Simonetta,Bozzano,U,19610520,ITA,,
207385,Elisa,Scarpetta,U,19790423,ITA,,
207386,Lorenza,Romano,U,19720723,ITA,,
207387,Chiara,Gonnelli,U,19830705,ITA,,
207388,Francesca,Lorenzoni,U,19820110,ITA,,
207389,Marcella,Campana,U,19830801,ITA,,
207390,Francesca,Volonte,U,19790224,ITA,,
207391,Liliana,Avola,U,19790210,ITA,,
207392,Masayo,Hosokawa,U,19830725,JPN,,
207393,Ayako,Noda,U,19750109,JPN,,
207394,Sato,Fujigo,U,19820404,JPN,,
207395,Shizuka,Tokiwa,U,19740614,JPN,,
207396,Akemi,Hasegawa,U,19741225,JPN,,
207397,Mai,Tanii,U,19770129,JPN,,
207398,Ayano,Oishi,U,19790608,JPN,,
207399,Ryouko,Yamada,U,19750722,JPN,,
207400,Ayami,Akiyama,U,19750609,JPN,,
207401,Keiko,Fujiwara,U,19800301,JPN,155,
207402,Kaori,Oishi,U,19820122,JPN,,
207403,Tokiyo,Ikeda,U,19780629,JPN,,
207404,Al,Sasaki,U,19840929,JPN,,
207405,Yoriko,Kokubun,U,19751122,JPN,,
207406,Hikari,Abe,U,19730627,JPN,,
207407,Naoko,Kanai,U,19790410,JPN,,
207408,Akane,Yasui,U,19811231,JPN,,
207409,Naoko,Teramachi,U,19800423,JPN,,
207410,Rie,Saiki,U,19800504,JPN,,
207411,Hiromi,Okazaki,U,19780213,JPN,,
207412,Noriko,Miyamoto,U,19750613,JPN,,
207413,In Young,Chang,U,19820831,KOR,,
207414,Hiroko,Nishikawa,U,19800930,JPN,,
207415,Laura,Sham,U,19760419,RSA,,
207416,Ambreen,Rana,U,19780524,KEN,,
207417,Joo Young,Woo,U,19801110,KOR,,
207418,Kwon Hee,Kim,U,19790601,KOR,,
207419,Hye Young,Bae,U,19780413,KOR,,
207420,Kyung Won,Kim,U,19810802,KOR,,
207421,Ruta,Deduraite,U,19770128,LTU,,
207422,Marta,Rubina,U,19810520,LAT,,
207423,Tereza,Stenclava,U,19790617,LAT,,
207424,Yulia,Ikonnikova,U,19800201,UKR,,
207425,Daria,Ovsyannikova,U,19780122,RUS,,
207426,Anna,Sholuh,U,19810320,UKR,,
207427,Ilona,Jarkova,U,19820918,LTU,,
207428,Suzi,Becvinovska,U,19830114,MKD,,
207429,Ana,Buraku,U,19810424,MKD,,
207430,Mounia,Hassib,U,19820927,MAR,,
207431,Amina,Choqri,U,19811003,MAR,,
207432,Nadia,Choqri,U,19720808,MAR,,
207433,Salma,Ben Mahmoud,U,19820802,TUN,,
207434,Constanze,Steiner,U,19840622,AUT,,
207435,Hind,Tajeddine,U,19700408,MAR,,
207436,Ikram,El Aarej,U,19790402,MAR,,
207437,Ghita,Mhaoud,U,19831020,MAR,,
207438,Safae,Kchich,U,19820408,MAR,,
207439,Meryem,Tazi,U,19850706,MAR,,
207440,Lisa,Quiller,U,19820118,GBR,,
207441,Meriem,Addou,U,19821221,MAR,,
207442,Nezha,Saber,U,19770601,MAR,,
207443,Nadine,Van De Walle,U,19770130,NED,,
207444,Melinda,Glenister,U,19780404,GBR,,
207445,Majdouline,Idrissi,U,19790705,MAR,,
207446,Kaoutar,Yazghi,U,19780804,MAR,,
207447,Assmae,Jabri,U,19770722,MAR,,
207448,Sanaa,Ziadi,U,19770907,MAR,,
207449,Kirsten,Schenk,U,19770327,NED,,
207450,Adriana,Sandoval,U,19680209,MEX,,
207451,Paola,Arrangoiz,R,19790329,MEX,,
207452,Patricia,Aburto,U,19810406,MEX,,
207453,Sophie,Cortina,U,19750311,MEX,,Q3491044
207454,Barrie,Bernstein,U,19730724,USA,,
207455,Aline,Quintal,U,19830427,MEX,,
207456,Kate,Lutgert,U,19820415,USA,,
207457,Alejandra,Medrano,U,19790828,MEX,,
207458,Diana,Ramirez,U,19790929,MEX,,
207459,Amy,Chiminello,U,19731107,USA,,
207460,Isabela,Petrov,U,19730609,MEX,,Q61252266
207461,Kaisaran,Siewrattan,U,19740215,TTO,,
207462,Anita,Buggins,U,19760701,GBR,,
207463,Anne,Bannfy,U,19810403,AUS,,
207464,Sophie Anne,Cerbon,U,19840714,MEX,,
207465,Anne,Plessinger,U,19780520,USA,,
207466,Diana,Quevedo,U,19820610,MEX,,
207467,Pamela,Fogel,U,19840815,MEX,,
207468,Adriana,Rodriguez,U,19780801,MEX,,
207469,Margarita,Medina,U,19770118,MEX,,
207470,Paulina,Castillejos,U,19810112,MEX,,
207471,Lauren,Gavaris,U,19740830,USA,,
207472,Laurence,Neuville,U,19710331,FRA,,
207473,Alejandra,Hernandez Quiroz,U,19790122,MEX,,
207474,Sue,Rossano,U,19840414,MEX,,
207475,Brenda,Martinez,U,19800629,MEX,,
207476,Maria Jose,Paniagua,U,19650319,MEX,,
207477,Dewonder,Davis,U,19590127,USA,,
207478,Ana Lucia,Pereyra,U,19800121,MEX,,
207479,Jessie,Rochefort,R,19850207,CAN,,
207480,Kendra,Segura,U,19790828,USA,,
207481,Jamie,Macias,U,19801106,USA,,
207482,Gabriela,Delgado,U,,MEX,,
207483,Claudia,Calderon,U,19840706,MEX,,
207484,Bettina,Cremasco,U,19840607,MEX,,
207485,Jackeline,Jacome,U,19830307,MEX,,
207486,Chris,Martinez Hernandez,U,19830121,MEX,,
207487,Yolanda,Vallejo,U,19541221,MEX,,
207488,Gabriela,Salloum,U,19811210,MEX,,
207489,Oyuki,Cruz,U,19810909,MEX,,
207490,Alejandra,Ripoll,U,19850721,MEX,,
207491,Verenisse,Munguia,U,19790724,MEX,,
207492,Maria Teresa,Scott,U,19830918,MEX,,
207493,Zana,Zlebnik,U,19780816,SLO,,
207494,Laura Mirabela,Teodorescu,U,19770712,ROU,,
207495,Zdenka,Videnova,U,19810502,MKD,,
207496,Jasmina,Davidovic,U,19800510,YUG,,
207497,Biljana,Trpeska,U,19820328,MKD,,
207498,Daniela,Puplinkhuisen,U,19810314,NED,,
207499,Jitske,Frankenhuis,U,19831006,NED,,
207500,Manon,Van Den Beek,U,19811107,NED,,
207501,Dora,Djilianova,U,19760113,BUL,,Q12279035
207502,Renska,Hiemstra,U,19811107,NED,,
207503,Vanessa,Elmendorp,U,19810505,NED,,
207504,Inge,De Geest,R,19830301,NED,,
207505,Laurette,Van Den Knaap,U,19830321,NED,,
207506,Tanja,Markovic,U,19850606,NZL,,
207507,Victoria,Hooper,U,19801215,NZL,,
207508,Jil Lin,Leong,U,19800324,SGP,,
207509,Lucy,Francis,U,19820629,NZL,,
207510,Esther,Boyle,U,19791030,NZL,,
207511,Natasha,Watts,U,19801116,NZL,,
207512,Victoria,Beck,U,19820220,NZL,,
207513,Laura,Puch,U,19830510,NZL,,
207514,Celine,Parun,U,19830717,NZL,,
207515,Tania,Martin,U,19810416,NZL,,
207516,Fleur,Broughton,U,19800511,NZL,,
207517,Gorana,Marsic,U,19820301,NZL,,
207518,Marisue,Jacutin,R,19790514,PHI,152,
207519,Suzanne,Wright,U,19810419,NZL,,
207520,Kelly,Toa,U,19790122,NZL,,
207521,Jane,Legge,U,19740513,NZL,,
207522,Katrina,Mihaere,U,19800127,NZL,,
207523,Lauren,Martin,U,19791116,NZL,,
207524,Clare,Warner,U,19811106,NZL,,
207525,Jane,Ioaba,U,19830606,NZL,,
207526,Carolina,Ojeda,U,19830608,PAR,,
207527,Fabiana,Ferraro Arce,R,19860915,PAR,,
207528,Cristina,Meilicke,U,19810102,PAR,,
207529,Julia,Freitas,U,19790405,ARG,,
207530,Shirley,Bernal,U,19830205,PAR,,
207531,Deborah,Montero,U,19831211,PER,,
207532,Renata,Caceres,U,19831218,PAR,,
207533,Katherine,Boyanovich,U,19820309,PER,,
207534,Lizette,Roncagliolo,U,19720526,PER,,
207535,Lorena,Rodriguez Di Laura,U,19700130,PER,,
207536,Carla,Rodriguez,U,19720529,PER,,
207537,Sussy,Boyanovich,U,19730710,PER,,
207538,Vanessa,Gutierrez,U,19860515,PHI,,
207539,Jennifer,Fiers,U,19750823,USA,,
207540,Arianne,Gajasan,U,19840916,PHI,,
207541,Ziarla,Battad,U,19830903,PHI,,
207542,Kristel Ann,Samala,U,19860127,PHI,,
207543,Jennifer,Saret,U,19741212,PHI,170,Q68630268
207544,Deena Rose,Cruz,U,19830312,PHI,,
207545,Geminesse,Co,U,19810525,PHI,,
207546,Madoka,Suzuki,U,19810522,JPN,,
207547,Josephine,Paguyo,U,19670602,PHI,,
207548,Audrey,Banada,U,19850430,USA,,
207549,Hye Jeong,Kim,U,19720625,KOR,,
207550,Chotika,Wannachinda,U,19781208,THA,,
207551,Anna Patricia,Santos,U,19800106,PHI,,
207552,Pamela,Floro,U,19790818,PHI,160,
207553,Maria Lovella,Catalan,U,19750720,ITA,,
207554,Cristina,Bengzon,U,19780217,PHI,,
207555,Sommer,Bisagas,U,19790526,PHI,,
207556,Yi Ying,Lai,U,19810501,TPE,,
207557,Charise,Godoy,U,19840316,PHI,,
207558,Divina,Escala,U,19760518,PHI,,
207559,Julie Ann,Cadiente,U,19840701,PHI,,
207560,Prariyawan,Ratanakrong,U,19840103,THA,,
207561,Stephanie,Kimura,U,19811122,PHI,,
207562,Fleida Jan,Pila,U,19820113,PHI,,
207563,Katarzyna,Walukiewicz,U,19830130,POL,,
207564,Joanna,Zyndzo,U,19830701,POL,,
207565,Nicole,Oomens,U,19770902,AUS,,
207566,Dorota,Glowacka,U,19770608,POL,,
207567,Agata,Odachowska,U,19780218,POL,,
207568,Monika,Brzuskiewicz,U,19790706,POL,,
207569,Marta,Jedrzejak,U,19800516,POL,,
207570,Malgorzata,Kanabus,U,19830325,POL,,
207571,Anna,Yenyk,U,19821222,UKR,,
207572,Agata,Werblinska,U,19721009,POL,,
207573,Magdalena,Mrozek,U,19810916,POL,,
207574,Milena,Kornil,U,19760517,UKR,,
207575,Karolina,Zmyslowska,U,19791211,POL,,
207576,Monika,Gieczys,U,19810201,POL,,
207577,Magdalena,Kurzacz,U,19800707,POL,,
207578,Johanna,Engstrom,U,19791010,SWE,,
207579,Rute,Almeida,U,19771013,POR,,
207580,Pia,De Robertis,U,19810905,ESP,,
207581,Viviana,Mracnova Burgess,U,19790401,SVK,,
207582,Silvana,Reis,U,19801027,POR,,
207583,Katrina,Bandere,U,19841010,LAT,,
207584,Gisela,Quental,U,19691220,POR,,
207585,Raquel,Rodrigues,U,19800409,POR,,
207586,Andreia,Pires,U,19790929,POR,,
207587,Isabel,Santos,U,19780903,POR,,
207588,Cristina,Sampaio,U,19830929,POR,,
207589,Denise,Ferreira,U,19830517,POR,,
207590,Magda,Leal,U,19760617,POR,,
207591,Bruna,Gelbecke,U,19840531,BRA,,
207592,Michaela,Beck,U,19840407,GER,,
207593,Stephanie,Balzert,U,19820108,GER,,
207594,Elena,De Mendoza,U,19810503,ESP,,
207595,Marjorie,Gantman,U,19750503,USA,,
207596,Kornelia,Varro,U,19790705,HUN,,
207597,Mirja,Cuntz,U,19820416,GER,,
207598,Henrike,Voigt,U,19820322,GER,,
207599,Lucia,Halty,U,19821007,ESP,,
207600,Vanessa,Rebelo,U,19810402,POR,,
207601,Lorena,Barbero,U,19821130,ESP,,
207602,Alexandra,Orasanu,U,19860216,ROU,,
207603,Bianca,Dulgheru,U,19850705,ROU,,
207604,Alexandra,Zotta,U,19821002,ROU,,
207605,Alina,Stroiu,U,19780914,ROU,,
207606,Mihaela,Ghica,U,19751112,ROU,,
207607,Maria,Popescu,U,19741205,ROU,,
207608,Gabriela,Radu,U,19750603,ROU,,
207609,Sorana,Mastan,U,19790713,ROU,,
207610,Silvana,Barna,U,19790316,ROU,,
207611,Daniela,Ivana,U,19691010,ROU,,
207612,Simona,Graniceru,U,19810127,ROU,,
207613,Alina,Bileca,U,19820508,ROU,,
207614,Ivona,Sereja,U,19810910,ROU,,
207615,Adriana,Mingireanu,U,19770403,ROU,,
207616,Diana,Vuchinger,U,19821025,GER,,
207617,Tarryn,Rudman,R,19850614,RSA,,
207618,Katrien,Scott,U,19830428,RSA,,
207619,Amanda,Weinhold,U,19750326,RSA,,
207620,Karen,Losch,U,19700912,RSA,,
207621,Delene,Ackron,U,19740917,RSA,,
207622,Karin,Coetzee,U,19830928,RSA,,
207623,Jessica,Hubbard,U,19850124,RSA,,
207624,Mia,Van Rooyen,U,19840206,RSA,,
207625,Aina,Rafolomanantsiatosika,U,19810427,MAD,,
207626,Marise,Botha,U,19850125,RSA,,
207627,Yolandi,Beukes,U,19820319,RSA,,
207628,Claire,Adamini,U,19730418,RSA,,
207629,Carien,Venter,U,19810422,RSA,,
207630,Joanna,Carlson,U,19831212,RSA,,
207631,Matilda,David,U,19780713,RSA,,
207632,Nicola,Koopman,U,19801218,RSA,,
207633,Lucinda,Gibbs,R,19760102,RSA,,Q107126725
207634,Hayley,Rudman,U,19840712,RSA,,
207635,Christi,Wagenaar,U,19800528,RSA,,
207636,Inge,Weirich,U,19820125,RSA,,
207637,Julie,Mansour,U,19760815,RSA,,
207638,Theresa,Swart,U,19730512,RSA,,
207639,Yolandi,Rogers,U,19820213,RSA,,
207640,Laura,White,R,19800702,RSA,,
207641,Paula,Wakefield,U,19801127,RSA,,
207642,Karen,Bacon,U,19720619,RSA,,
207643,Brenda,Thomas,U,19720403,RSA,,
207644,Martie,De Villiers,U,19731110,RSA,,
207645,Igna,De Villiers,U,19810324,RSA,,
207646,Leoni,Weirich,U,19800704,RSA,,
207647,Tamara,Day,R,19840809,RSA,,
207648,Elena,Silina,U,19840410,RUS,,
207649,Ekaterina,Koubinina,U,19851030,RUS,,
207650,Anastasia,Belova,U,19850917,RUS,,
207651,Ajda,Klevisar,U,19770914,SLO,,
207652,Nina,Joksovic,U,19830119,SLO,,
207653,Mateja,Ogrizek,U,19790904,SLO,,
207654,Barbara,Keller,U,19790116,SUI,,
207655,Barbara,Privrel,U,19790320,SUI,,
207656,Christelle,Antille,U,19830314,SUI,,
207657,Davina,Duronio,U,19830226,ITA,,
207658,Ginette,Kaempf,U,19621222,SUI,,
207659,Elisabetta,Gianella,U,19850329,ITA,,
207660,Yvonne,Stratmann,U,19790506,GER,,
207661,Lenka,Vlachynska,U,19791025,CZE,,
207662,Alena,Bencova,U,19810331,SVK,,
207663,Kristina,Jarkenstedt,U,19830205,SWE,,
207664,Anja,Tragardh,U,19780421,SWE,,
207665,Mia,Paavilainen,U,19821026,FIN,,
207666,Linn,Ronnberg,U,19820307,SWE,,
207667,Suzana,Maksovic,U,19830812,SWE,,
207668,Michaela,Larsson,U,19820702,SWE,,
207669,Klara,Petersson,U,19831117,SWE,,
207670,Joneca,Meurling,U,19840602,SWE,,
207671,Beatrice,Banila,U,19830124,SWE,,
207672,Andrea,Munch Hermansen,U,19810909,DEN,,
207673,Sunthree,Arphanukul,U,19850608,THA,,
207674,Rattiya,Hiranrat,U,19831108,THA,,
207675,Bo Ra,Choi,U,19810203,KOR,,
207676,Kanistha,Sritawan,U,19841215,THA,,
207677,Daowadueng,Phonkan,U,19861018,THA,,
207678,Karamontree,Siriluethaiwattana,U,19841215,THA,,
207679,Cattaleeya,Wisesrat,U,19820829,THA,,
207680,Phornsarin,Tovisitchai,U,19800105,THA,,
207681,Busrin,Boontemleaw,U,19800512,THA,,
207682,Lucy,Altman,U,19780110,AUS,,
207683,Napanant,Montkhongtham,U,19810620,THA,,
207684,Jetpisit,Lertsirisumpan,U,19810707,THA,,
207685,Patamika,Phongsuramas,U,19750904,THA,,
207686,Sareewan,Wattanadechachan,U,19810923,THA,,
207687,Natyanee,Tanawsri,U,19780226,THA,,
207688,Sasiwan,Pimonrat,U,19820615,THA,,
207689,Chie,Kudo,U,19741002,JPN,,
207690,Chutima,Toma,U,19801017,THA,,
207691,Pornrampha,Pramualsuk,U,19840510,THA,,
207692,Wan Ching,Tuan,R,19820504,TPE,,
207693,Lobena,Cherif,U,19770702,TUN,,
207694,Monia,Belghith,U,19790514,TUN,,
207695,Issem,Essaies,U,19720823,TUN,,
207696,Imen,Ben Larbi,U,19771217,TUN,,
207697,Ines,Mzoughi,U,19820104,TUN,,
207698,Aicha,Ferjani,U,19740203,TUN,,
207699,Merve,Asimgil,U,19840311,TUR,,
207700,Seden,Ozlu,U,19790306,TUR,,
207701,Nikoleta,Pritargova,U,19780904,BUL,,
207702,Stela,Penciu,R,19700501,TUR,,
207703,Deniz,Emre,U,19811102,TUR,,
207704,Serra,Olgac,U,19830830,TUR,,
207705,Asli,Kocaoemer,U,19760310,TUR,,
207706,Nazan,Arsal,U,19810720,TUR,,
207707,Zeynep,Gurkaynak,U,19810504,TUR,,
207708,Merve,Koksal,U,19840209,TUR,,
207709,Ruya,Inalpulat,U,19860102,TUR,,
207710,Gulshah,Esen,U,19850108,TUR,,
207711,Sanem,Irem,U,19841122,TUR,,
207712,Andreea Mihaela,Matei,U,19831107,ROU,,
207713,Yasemin,Elgi,U,19851022,TUR,,
207714,Sirma Aysen,Bingeli,U,19850920,TUR,,
207715,Tijana,Stojkovic,U,19830718,YUG,,
207716,Zeynep Melis,Altinay,U,19850312,TUR,,
207717,Tanja,Schugt,U,19810920,GER,,
207718,Antonia,Steinmetz,U,19830101,GER,,
207719,Ekaterina,Ostapenko,R,19831126,RUS,,
207720,Olga,Pasichnichenko,L,19850305,UKR,,
207721,Katerina,Romanenko,U,19820824,UKR,,
207722,Olena,Tsutskova,R,19850830,UKR,,
207723,Anna,Komarova,U,19810115,UKR,,
207724,Elena,Jirnova,U,19810328,UKR,,
207725,Victoria,Broyak,U,19810908,UKR,,
207726,Diana,Tchkouasselli,U,19810104,UKR,,
207727,Agustina,Arechavaleta,R,19841101,URU,,
207728,Irene,Gutierrez,U,19830129,URU,,
207729,Maria Carolina,Torres,U,19790402,URU,,
207730,Maria Teresa,Ruiz,U,19711106,URU,,
207731,Jimena,Fernandez,U,19820128,URU,,
207732,Katie,Mcglennen,U,19770527,USA,,
207733,Aimee,Smith,U,19820110,USA,,
207734,Megan,Yeats,U,19810519,USA,,
207735,April,Gabler,U,19781129,USA,,
207736,Maren,Haus,U,19791106,USA,,
207737,Sarah,Scaringe,U,19780514,USA,,
207738,Marie Ange,Koami,U,19780114,USA,,
207739,Dina,Basil,U,19680406,USA,,
207740,Margaret,Schnakenburg,U,19760707,USA,,
207741,Mary Beth,Maggart,U,19760329,USA,,
207742,Milica,Stamenic,U,19820415,CAN,,
207743,Patricia,Chang,U,19841020,USA,,
207744,Ashley,Robards,U,19821229,USA,,
207745,Kathryn,Sell,U,19790225,USA,,
207746,Leslie,Harvey,U,19810718,USA,,
207747,Becky,Brown,U,19640801,USA,,
207748,Julie,Rotondi,U,19811223,USA,,
207749,Danielle,Lund,U,19781110,USA,,
207750,Marina,Bernshtein,R,19841003,ISR,,
207751,Terri,Gaskill,U,19650402,USA,,
207752,Sonja,Vidas,U,19820128,RSA,,
207753,Amy,Alcini,U,19681215,USA,,
207754,Douglas,Wink,U,19840522,USA,,
207755,Sara,Anundsen,U,19850621,USA,168,
207756,Karla,Porter,U,19770318,USA,,
207757,Kristin,Cargill,U,19841130,USA,,
207758,Caroline,Neves,U,19840204,BRA,,
207759,Kristin,Lam,U,19810705,USA,,
207760,Bonnie,Baird,U,19850503,USA,,
207761,Lolita,Frangulyan,U,19860404,UZB,,
207762,Arthi,Venkatesan,U,19770302,IND,,
207763,Marta,Simic,U,19830909,SRB,,
207764,Vanja,Mikovic,R,19841208,SRB,,
207765,Malvina,De La Canal,U,19860504,ARG,,
207766,Andreea,Fusea,U,19830112,ROU,,
207767,Natalie,Mikolich,U,19830401,USA,,
207768,Jennifer,Langer,U,19830702,USA,,
207769,Claire,Sessions Bailey,U,19700527,USA,,
207770,Caroline,Hora,U,19750313,CAN,,
207771,Lauren,Rose,U,19780316,USA,,
207772,Alison,Ojeda,U,19791129,USA,,
207773,Laura,Ritchey,R,19710624,USA,,
207774,Katia,Bogomolova,U,19810816,USA,,
207775,Maria Florica,Pandele,U,19780210,ROU,,
207776,Kara,Warkentin,U,19771202,USA,,
207777,Violette,Ahn,U,19790927,USA,,
207778,Lisa,Pugliese,U,19740221,USA,,
207779,Evonne,Allerkamp,U,19740923,USA,,
207780,Andrea,Ho,U,19790618,AUS,,
207781,Mandy,Carvalho,U,19790312,USA,,
207782,Diana,Laksono,U,19811020,INA,,
207783,Jessica,Balbuena,U,19800415,USA,,
207784,Rui Jing,Wong,U,19820422,SGP,,
207785,Emily,Jacobs,U,19811119,USA,,
207786,Callie,Creighton,U,19770711,USA,,
207787,Maggie,Harris,U,19750529,USA,,
207788,Elina,Bairos,U,19820521,USA,,
207789,Terry Ann,Zawacki,U,19740428,USA,,
207790,Kimberly,Gates,R,19790725,USA,,
207791,Bettina,Roberts,U,19820718,USA,,
207792,Lindsay,Blau,U,19800519,USA,,
207793,Johanna,Sones,U,19750518,USA,,
207794,Amy,Newman,U,19790124,USA,,
207795,Cassandra,Godfrey,U,19800929,AUS,,
207796,Jiang,Yu,U,19770501,CHN,,
207797,Meiling,Parks,U,19791112,USA,,
207798,Jennifer,De Spain,U,19781020,USA,,
207799,Vania,Apodaca,U,19810428,USA,,
207800,Megan,Racette,U,19831014,USA,,
207801,Lindsey,Stead,U,19800201,USA,,
207802,Angela,Arean,U,19821122,VEN,,
207803,Avel Romaly,Coronado,L,19850626,VEN,,
207804,Anabella,Duque,U,19830827,VEN,,
207805,Jessica,Simosa,U,19840228,VEN,,
207806,Mariana,Melo,U,19840512,VEN,,
207807,Viviana,Yrureta,U,19850923,VEN,,
207808,Alexandra,Nieto,U,19830927,VEN,,
207809,Layla,Tohme,U,19801125,VEN,,
207810,Maria Elizabeth,Lopez,L,19830106,VEN,,
207811,Maria Karina,Lomena,U,19810829,VEN,,
207812,Eleonora,Vegliante,U,19730721,VEN,,Q103022071
207813,Marianne,Sibille,U,19790920,VEN,,
207814,Megan,Marton,U,19820411,USA,,
207815,Alejandra,Lopez,U,19800827,VEN,,
207816,Diana,Martin,U,19821021,VEN,,
207817,Claudia,Nieto,U,19801201,VEN,,
207818,Lia,Fabiano,U,19810531,ITA,,
207819,Mindy,Salas,U,19800228,VEN,,
207820,Vanessa,Nieto,U,19840130,VEN,,
207821,Zuzana,Melicherova,U,19840125,SVK,,
207822,Carolina,Aristimuno,U,19810125,VEN,,
207823,Emily,Leonardi,U,19740526,VEN,,
207824,Aleksandra,Jecmenica,U,19850818,YUG,,
207825,Sanja,Jukic,U,19820911,YUG,,
207826,Milica,Jeremic,U,19830805,YUG,,
207827,Elizabeth,Schranz,U,19810823,AUT,,
207828,Paula,Iversen,R,19700217,ZIM,,Q42956556
207829,Angela,Piedrahita,R,19840329,USA,,
207830,Maria,Serra,U,19841130,ARG,,
207831,Sandra,Leborgne,U,19820116,BEL,,
207832,Pilar,Escandell Planells,U,19841012,ESP,,
207833,Mirte,Ros,U,19810510,NED,,
207834,Asami,Suzuki,U,19851107,JPN,,
207835,Cecile,Leclere,U,19800515,FRA,,
207836,Jennie,Loow,U,19830222,SWE,,
207837,Cristina,Cabello Gonzalez,U,19840410,ESP,,
207838,Tereza,Szafnerova,U,19820930,CZE,,
207839,Viola,Wacker,U,19840728,GER,,
207840,Luiza,Borges,U,19861110,POR,,
207841,Annabel,Youthed,U,19840917,GBR,,
207842,Roseta,Navarro Pons,R,19861223,ESP,,
207843,Viktoria,Bucalic,U,19800916,SWE,,
207844,Megan,Emmett,U,19840229,GBR,,
207845,Dong Bo,Lei,U,19830305,CHN,,
207846,Yang,Liu,U,19820522,CHN,,
207847,Sunna Kristina,Barthel,U,19840418,GER,,
207848,Anne Laure,Brochard,U,19800416,FRA,,
207849,Medhini,Sharma,U,19841017,IND,,
207850,Krisel,Sverko,U,19830616,CRO,,
207851,Yasmin,Ulrich,U,19850712,GER,,
207852,Barbara,Orlai,U,19820804,HUN,,
207853,Elli,Kokoliou,U,19850602,GRE,,
207854,Eleni,Karakeke,U,19850109,GRE,,
207855,Susanne,Aigner,U,19831215,AUT,,
207856,Nichala,Reddy Boda,U,19830921,IND,,
207857,Radhika,Mandke,U,19810220,IND,,
207858,Harriet,Piercy,R,19830221,GBR,,
207859,Larissa,Deschamps,U,19851210,BRA,,
207860,Luiza,Barcaui,U,19871226,BRA,,
207861,Frances,Hendry,U,19851105,GBR,,
207862,Vincerzo,Napolio,U,19421022,ITA,,
207863,Maria Paz,Jimenez Barquero,U,19841208,ESP,,
207864,Aleksandra,Kujawska,U,19821220,POL,,
207865,Nadzeya,Lysak,U,19840724,BLR,,
207866,Wioletta,Kaczmarek,U,19830205,POL,,
207867,Megan,Schmulbach,U,19840920,USA,,
207868,Nicolette,Mechem,U,19831108,USA,,
207869,Nancy,Loeffler Caro,L,19611011,CAN,,
207870,Anita,Ivancevic,U,19860219,USA,,
207871,Alessandra,Jordan,U,19870112,USA,,
207872,Aradhana,Sarohia,U,19820709,USA,,
207873,Tiffany,Smith,U,19831228,USA,,
207874,Petra,Vojtaskova,U,19830423,CZE,,
207875,Barbora,Strnadova,U,19840602,CZE,,
207876,Hana,Kraftova,U,19830206,CZE,,
207877,Anita,Csendes,U,19811002,HUN,,
207878,Macey,Breece,U,19830224,USA,,
207879,Gaelle,Adda,R,19771115,FRA,,
207880,Donna,Calvert,U,19810222,AUS,,
207881,Kelcy,Tefft,U,19861225,USA,,
207882,Caylan,Leslie,U,19820701,USA,,
207883,Stephanie,Price,U,19820923,USA,,
207884,Jan,Bardot,U,19580317,USA,,
207885,Caroline,Korsawe,U,19840606,GER,,
207886,Serena,Bergomi,R,19850503,SUI,,
207887,Carine,Vermeulen,U,19840607,RSA,,
207888,Candice,Meyer,U,19821224,RSA,,
207889,Ruxandra,Marin,U,19830901,ROU,,
207890,Nadia,Solomon,R,19861225,RSA,,
207891,Megan,Sandwith,U,19860318,RSA,,
207892,Maretha,Van Niekerk,U,19840326,RSA,,
207893,Cigdem,Duru,U,19860507,TUR,,
207894,Selen,Surel,U,19860624,TUR,,
207895,Ana,Cetnik,U,19830113,SRB,,
207896,Alexa,De Bont,U,19800129,NED,,
207897,Sylwia,Ziolkowska,U,19840725,POL,,
207898,Tarryn,Terblanche,R,19860322,RSA,,
207899,Hayley,St Leger,U,19850530,RSA,,
207900,Gertruda,Nagtzaam,U,19811230,NED,,
207901,Kate,Boomershine,U,19830530,USA,,
207902,Karen,Fodera,U,19671205,USA,,
207903,Sarah Jane,Connelly,U,19820802,USA,,
207904,Catrina,Thompson,U,19840913,USA,,
207905,Eveline,Rusdianto,U,19831023,INA,,
207906,Bethany,Griffin,U,19821129,USA,,
207907,Csilla,Dobo,U,19760315,HUN,,
207908,Cecile,Baijot,L,19851030,BEL,,
207909,Luisa,Cowper,U,19831219,GBR,,
207910,Lindsay,Ferrell,U,19820811,USA,,
207911,Kathleen,Blaszak,U,19820917,USA,,
207912,Rocio,Amadio,R,19840803,ARG,,
207913,Claudia,Strauss,U,19850711,VEN,,
207914,Paola,Iovino,R,19860325,VEN,,
207915,Emma,Zuleta,U,19850823,ECU,,
207916,Zobaida,Mottola,U,19850625,VEN,,
207917,Helen,Wisnienski,U,19870609,VEN,,
207918,Rachel,Halligan,R,19840103,IRL,,
207919,Celine,Francois,U,19820812,LUX,,
207920,Amy,Burson,U,19810415,USA,,
207921,Emilia,Anderson,U,19820204,USA,,
207922,Colleen,Cheng,U,19790212,USA,,
207923,Ashlee,Davis,R,19850522,USA,,
207924,Saras,Arasu,R,19830726,USA,,
207925,Brittany,Brown,U,19850420,USA,,
207926,Constanza,Politi,U,19860626,ITA,,
207927,Rossella,Sartore,U,19840216,ITA,,
207928,Paola,Gamboa,U,19850827,ECU,,
207929,Fatima Zohra,Benboubker,U,19850130,MAR,,
207930,Nisrine,Hajbane,U,19840404,MAR,,
207931,Mouna,Sabri,U,19840202,MAR,,Q101728544
207932,Hanae,Rhazi,U,19820610,MAR,,
207933,Sana,Ben Salah,R,19831217,ALG,,
207934,Meryem,Lahlou,U,19840528,MAR,,
207935,Milena,Schulz Gartner,U,19830131,GER,,
207936,Laura Ramona,Husaru,U,19841102,ROU,,
207937,Catherine,Grotz,L,19861210,BEL,,
207938,Diana,Muller,U,19820311,GER,,
207939,Laurence,Pont,U,19790117,FRA,,
207940,Laurence,Jayet,U,19810429,FRA,,
207941,Christelle,Gerin,U,19840430,FRA,,
207942,Alexandra,Mayrat,U,19821129,FRA,,
207943,Monica,Hoz De Vila,U,19850622,BOL,,
207944,Cecilia,Ampuero,U,19740901,BOL,,
207945,Kristyna,Horakova,U,19850510,CZE,,
207946,Katerina,Kocibova,R,19850604,CZE,,
207947,Yamile,Fors Guerra,U,19770511,CUB,,Q27495841
207948,Laila,Shetty,U,19810805,USA,,
207949,Victoria,Zabala,U,19850126,MEX,,
207950,Estefania,Martinez,U,19811219,MEX,,
207951,Alejandra,Guerra,U,19870213,MEX,,
207952,Wendy,Galan Dominguez,U,19821009,CUB,,
207953,Catalina,Angeleri,U,19850126,ARG,,
207954,Debbie,Carr,U,19750429,AUS,,
207955,Nasheli,Martinez,U,19840508,MEX,,
207956,Yanet,Nunez Mojarena,U,19810702,CUB,,Q27495842
207957,Cinthia,Saucedo,U,19850329,MEX,,
207958,Mariana,Lopez Terribile,R,19830429,ARG,,
207959,Hanne,Camassa,U,19850709,BEL,,
207960,Katherine,Laidler,U,19820712,GBR,,
207961,Tiziana,Iezza,U,19820419,ITA,,
207962,Debora,Carmassi,U,19830803,ITA,,
207963,Rijana,Puljic,U,19841107,CRO,,
207964,Nina,Suvak,U,19840725,SLO,,
207965,Mija,Kresic,U,19841008,BIH,,
207966,Mariana,Cutuk,R,19850418,CRO,,
207967,Stephanie,Krappl,U,19841017,SUI,,
207968,Jelena,Bukulin,U,19841004,CRO,,
207969,Patricia,Almudever Folch,U,19810526,ESP,,
207970,Patricia,Munoz Santana,U,19840306,ESP,,
207971,Maria,Perez Garcia,U,19840418,ESP,,
207972,Natalia,Tsitouras,U,19830703,GRE,,
207973,Saranya,Pattabhi,U,19860722,IND,,
207974,Shubha,Srinivasan,U,19790727,IND,,
207975,Alice,Joy,U,19840123,IND,,
207976,Catherine,Hortala,U,19820913,FRA,,
207977,Jana,Deylova,U,19840801,CZE,,
207978,Tania,Miro Garcia Pozuelo,U,19861112,ESP,,
207979,Naina,Karsolia,U,19860712,IND,,
207980,Deepanwita,Chakrabarty,U,19850924,IND,,
207981,Mamiko,Kawaguchi,U,19830721,JPN,,
207982,Haruka,Nakamura,U,19840310,JPN,,
207983,Miglana,Nenova,U,19851007,BUL,,
207984,Jovana,Stankovic,U,19860110,SRB,,
207985,Maria Angela,Ferreira,R,19841228,PAR,,
207986,Madelaine,Madelaire,U,19860102,PAR,,
207987,Natalia,Sanchez,U,19860715,COL,,
207988,Natalie,Beck,U,19851103,USA,,
207989,Celena,Mccoury,U,19790130,USA,,
207990,Marine,Nizri Spiegel,L,19780929,USA,,
207991,Amanda,Parson Siegel,U,19731223,DEN,,
207992,Cara,Robinette,U,19730424,USA,,
207993,Loni,Worsley,U,19810928,USA,,
207994,Anna,Jaen Seire,U,19851028,ESP,,
207995,Kirsty,Mcrae,U,19840619,GBR,,
207996,Belen,Pandre,U,19830713,ARG,,
207997,Julieta,Calabrese,U,19780825,ARG,,
207998,Lucia,Garcia,U,19851216,URU,,
207999,Amina,El Sahn,L,19860918,EGY,,
208000,Marina,Tishkova,U,19840711,RUS,,
208001,Azzurra,Fonsmorti,U,19840808,ITA,,
208002,Francesca,Cicciu,U,19821006,ITA,,
208003,Maria,Kravcenko,U,19830210,LAT,,
208004,Vanessa,Pallucci,U,19820611,ITA,,
208005,Daniela,Caljkusic,R,19841207,CRO,,
208006,Anya,Villanueva,U,19870508,MEX,,
208007,Marissa,Espinoza,U,19861004,MEX,,
208008,Christyn,Lucas,U,19850210,USA,,
208009,Anne Linn,Perez,U,19850101,THA,,
208010,Giorgia,Brunetti,U,19830501,ITA,,
208011,Maria Del Mar,Ceron,U,19861207,MEX,,
208012,Tania,Hernandez,U,19861207,MEX,,
208013,Nanci,Lemuz,U,19810831,MEX,,
208014,Beatriz,Fernandez,U,19860306,MEX,,
208015,Elena,Petrucciano,L,19860518,ITA,,
208016,Marzia,Carchesio,U,19840311,ITA,,
208017,Melanie,Gerbasi,U,19830610,ITA,,
208018,Natalia,Yakimovich,U,19860308,BLR,,
208019,Yulia,Stupak,U,19860910,UKR,,
208020,Irina,Smislova,R,19851023,LAT,,
208021,Claire,Ilcinkas,U,19861219,FRA,,
208022,Clemence,Castel,U,19841001,FRA,,
208023,Alyssa Ann,Labay,U,19860620,PHI,,
208024,Ana Gloria,Osorio Pena,U,19870412,ESA,,Q103503109
208025,Iris,Elias,U,19861014,ESA,,
208026,Maria,Zivcicova,R,19850515,SVK,,
208027,Dominika,Nemcovicova,U,19821007,SVK,,
208028,Daniella,Cohen,U,19870521,ISR,,
208029,Nel,Ben Ami,U,19861029,ISR,,
208030,Roni,Gilboa,U,19860919,ISR,,
208031,Alexandra,Glushenko,U,19860826,ISR,,
208032,Etti,Gans,U,19870628,ISR,,
208033,Mareike,Molchin,U,19860613,GER,,
208034,Alexandra,Kichoutkin,R,19871119,ISR,,
208035,Angela,Garcia Mosquera,U,19860705,COL,,
208036,Ana Milena,Ramirez,U,19840314,COL,,
208037,Milena,Chisaca,U,19850825,COL,,
208038,Vanessa,Guerrero,U,19850302,COL,,
208039,Carolina,Escamilla,L,19870309,COL,,
208040,Paula,Arevalo,U,19860208,COL,,
208041,Catalina,Cruz Gomez,U,19860518,COL,,
208042,Lucia,Lazo,U,19830721,COL,,
208043,Catalina,Villegas Garcia,U,19860808,COL,,
208044,Susana,Hernandez,R,19861110,COL,,
208045,Lucy,Johnson,U,19841209,NZL,,
208046,Natalie,Orourke,U,19860829,NZL,,
208047,Natalie,Dean,U,19850530,NZL,,
208048,Carmel,Meachen,U,19850811,NZL,,
208049,Ana,Corbett,U,19851222,NZL,,
208050,Julie,Scott,U,19690201,NZL,,
208051,Angela,Ahtemenciuc,U,19840911,MDA,,
208052,Katie,Taylor,U,19851220,GBR,165,
208053,Hsin Chieh,Chang,U,19830915,TPE,,
208054,Milica,Veselinovic,U,19850217,SCG,,
208055,Natasa,Sijakovic,U,19840514,SCG,,
208056,Petra,Bajerovska,U,19840822,SVK,,
208057,Barbara,Hoflinger,U,19830522,AUT,,
208058,Sanja,Todorovic,U,19840509,SRB,,
208059,Sevia,Gonca,U,19840104,TUR,,
208060,Sihem,Ben Youcef,U,19791206,ALG,,
208061,Saida,Hared,U,19770922,ALG,,
208062,Akila,Bouchabou,U,19800715,ALG,,
208063,Mia,Zecevic,U,19830414,YUG,,
208064,Claudia,Jorda Fernandez,U,19860726,ESP,,
208065,Imane,Bachi,U,19831206,ALG,,
208066,Nabila,Bouchabou,U,19731208,ALG,,
208067,Assia,Halo,U,19840214,ALG,,
208068,Mariana,Macia,U,19800502,BRA,,
208069,Tatiana,Tamburini,U,19840408,BRA,,
208070,Dayane,Silva,U,19851012,BRA,,
208071,Marie Pier,Pouliot,R,19840131,CAN,,
208072,Marie France,Lord Andrade,U,19840112,CAN,,
208073,Melanie,Roy,U,19840331,CAN,,
208074,Jessica,Mckeown,U,19830626,CAN,,
208075,Nai Yu,Wang,R,19850706,TPE,,
208076,Ting Wen,Wang,U,19850830,TPE,,
208077,Shu Jin,Xie,U,19840302,CHN,,
208078,Ling,Yan,U,19840820,CHN,,
208079,Miria,Bartels,U,19850313,GER,,
208080,Marie,Combemorel,U,19820719,FRA,,
208081,Laura,Bolet,U,19820506,ESP,,
208082,Nelly,Iglesias Vazquez,U,19840430,SUI,,
208083,Ana Maria,Mora,U,19831028,PER,,
208084,Adriana,Bedoya,U,19850102,PER,,
208085,Roxana Ianula,Dragan,U,19860401,ROU,,
208086,Meritxell,Gol Alamo,U,19861218,ESP,,
208087,Inga,Prodinger,U,19840425,GER,,
208088,Bettina,Gabbe,U,19850628,GER,,
208089,Jessica,Lopez Lopez,U,19851209,ESP,,
208090,Montserrat,Ferrer,U,19840820,ESP,,
208091,Celia,Sutton,U,19810502,MEX,,
208092,Graciela,Ailloud,U,19850621,MEX,,
208093,Chandra,Capozzi,R,19870327,DOM,,
208094,Laura,Fernandez,U,19850210,DOM,,
208095,Michelle,Aybar,U,19860614,DOM,,
208096,Rocio,Lopez Pimentel,U,19830430,DOM,,
208097,Danielle,Plant,U,19830709,GBR,,
208098,Vanessa,Masalles,U,19860610,DOM,,
208099,Yadira,Geara,U,19860201,DOM,,Q8046565
208100,Jelena,Jovic,U,19850715,SCG,,
208101,Bruna,Discordia,U,19840110,CRO,,
208102,Mayu,Araki,U,19840326,JPN,,
208103,Daniela,Murselovic,U,19830830,SCG,,
208104,Cassy,Fabiani,U,19850802,USA,,
208105,Katherine,Wittgruber,U,19860708,CZE,,
208106,Francesca,Flavell,R,19861030,GBR,,
208107,Karin,Kues,U,19830317,BEL,,
208108,Carolina,Seixas,U,19860103,POR,,
208109,Anna,Vines Milian,U,19871017,ESP,,
208110,Breda,Kovac,U,19850412,SLO,,
208111,Vana,Mrazovic,R,19840226,SRB,,
208112,Christina,Zgera,U,19860423,GRE,,
208113,Barbara,Krzesinska,U,19861103,POL,,
208114,Karolina,Rejniak,U,19860611,POL,,
208115,Adriana,Solarova,U,19851205,SVK,,
208116,Barbora,Machovska,U,19800606,CZE,,
208117,Veronika,Jakimicova,U,19780806,CZE,,
208118,Kristina,Bezakova,U,19841021,SVK,,
208119,Manisha,Patel,U,19770513,USA,,
208120,Ji Young,Yoo,U,19771013,KOR,,
208121,Hye Jeong,Yoo,U,19810716,KOR,,
208122,Jennifer,Mcgaffigan,U,19811121,USA,,
208123,Min Hee,Lee,U,19790603,KOR,,
208124,Jae Eun,Kim,U,19830630,KOR,,
208125,Bit Na,Lee,L,19840206,KOR,,
208126,Karen,Rombouts,R,19850515,NED,,
208127,Pasquale,Jansma,R,19860715,NED,,
208128,Kika,Hogendoorn,U,19800312,NED,,
208129,Michelle,Colaninni,U,19801002,USA,,
208130,Brook,Connelly,U,19851231,USA,,
208131,Samantha,Hammond,U,19840807,USA,,
208132,Alice,Botto,U,19850916,ITA,,
208133,Stephanie,Kusano,U,19870411,USA,,
208134,Catherine,Gunn,R,19830819,GBR,,
208135,Rachael,Porsz,R,19850330,GBR,,
208136,Mhari,Neish,U,19850504,GBR,,
208137,Courtney,Bergman,U,19820502,USA,,
208138,Mariko,Fritz Krockow,U,19821129,JPN,,
208139,Lara,Alexander,U,19861010,GBR,,
208140,Daniela,Kocetkova,U,19840701,LAT,,
208141,Anna,White,U,19780523,GBR,,
208142,Alessandra,Esposito,U,19831112,ITA,,
208143,Jennifer,Radman,U,19800507,CAN,,
208144,Melissa,Schaub,U,19840112,USA,,
208145,Carla,Zabaleta,L,19850808,ARG,,
208146,Sofia,Canarte,U,19860429,ECU,,
208147,Pamela,Duran Vinueza,U,19870217,ECU,,
208148,Juliana,Cordero,R,19860707,ARG,,
208149,Pascale,Schnitzer,U,19850917,CHI,,
208150,Renata,Del Barco Matto,U,19830428,BRA,,
208151,Mabel,Rodriguez,U,19860729,CHI,,
208152,Liliana,Aguilera,U,19841101,COL,,
208153,Sofia,Ayala,R,19870427,ECU,,
208154,Zineb,El Ouazzani,U,19871129,MAR,,
208155,Corinne Marie,Demey Bousm,U,19700228,BEL,,
208156,Antonia,Aposteanu,R,19850516,ROU,,
208157,Kristin,Koenig,R,19790227,USA,,
208158,Karine,Gallet,U,19770329,FRA,,
208159,Ludivine,Cassagne,U,19840210,FRA,,
208160,Dyane,Aixendri,U,19740301,FRA,,
208161,Marinela,Antonic,U,19820512,AUS,,
208162,Olivia,Beltrame,U,19850513,FRA,,
208163,Melissa,Gibb,U,19860127,GBR,,
208164,Dorottya,Magas,R,19840816,HUN,,
208165,Zsuzsanna,Fodor,U,19831209,HUN,,
208166,Helene,Tribolet,U,19870628,SUI,,
208167,Liu Ling,Wang,U,19851101,CHN,,
208168,Dan,Xiong,R,19830123,CHN,,
208169,Violetta,Rankic,U,19800531,GER,,
208170,Elena,Uzunova,U,19840705,BUL,,
208171,Kristel,Van Den Tillaart,U,19830401,NED,,
208172,Mio,Kinjo,U,19840216,JPN,,
208173,Maren,Kassens,U,19870222,GER,,
208174,Ela,Kaludjer,U,19860410,CRO,,
208175,Tajna,Lukas,U,19850927,CRO,,
208176,Kristina,Kormuthova,R,19850424,SVK,,
208177,Alesa,Bagola,R,19851202,SLO,,
208178,Rita,Vukov,R,19871221,GER,,
208179,Adriana,Garuolis,U,19780902,USA,,
208180,Juana,Miras Navarro,U,19850403,ESP,,
208181,Beatriz,Pena Lueza,U,19860421,ESP,,
208182,Joanne,Mayne,R,19850429,GBR,,
208183,Simona,Morici,U,19810224,ITA,,
208184,Moira,Torrisi,U,19880201,ITA,,
208185,Kristina,Ufimtseva,U,19880909,RUS,,
208186,Vilma,Macheda,R,19860620,ITA,,
208187,Natalia,Rudnouskaya,U,19880525,BLR,,
208188,Milana,Yusupov,R,19870312,ISR,,
208189,Rotem,Goldstein,U,19870627,ISR,,
208190,Cora,Vasilescu,R,19861105,SWE,,
208191,Maria Paz,Orero,U,19830821,GUA,,
208192,Cecilia,Lainez,U,19880807,ESA,,
208193,Elena,Volobueva,U,19850305,RUS,,
208194,Julia,Roca Valverde,U,19840207,CRC,,
208195,Andrea,Bonilla,U,19870731,ESA,,
208196,Hagar,Caro,U,19860218,ISR,,
208197,Maria,Gugel,U,19880704,ISR,,
208198,Nicoleta,Ratiu,R,19840520,ROU,,
208199,Makere,Bradnam,U,19870109,NZL,,
208200,Hadas,Zabusky,U,19831215,AUS,,
208201,Julianne,Welford,R,19870716,AUS,,
208202,Jennifer,Poskitt,U,19860421,NZL,,
208203,Angie,Wilkinson,U,19800625,NZL,,
208204,Eleonora,Fornai,U,19850701,ITA,,
208205,Jovana,Jakouliev,U,19851022,YUG,,
208206,Iulia,Dogarescu,U,19840624,ROU,,
208207,Ina,Sartz,U,19810918,NOR,,
208208,Karima,Ait Ali Yahia,R,19860929,ALG,,
208209,Daiany,Luchi,U,19851012,BRA,,
208210,Mariana,Weschenfelder,R,19860618,BRA,,
208211,Sonia,Eguizabal Saracho,U,19861008,ESP,,
208212,Cayetana,Barbed Isusi,U,19850702,ESP,,
208213,Christine,Stastny,U,19831216,USA,,
208214,Sylwia,Domanska,U,19840117,POL,,
208215,Ann Kathrin,Gerk,U,19870204,GER,,
208216,Camille,Dubois,U,19840222,FRA,,
208217,Anete,Bandere,R,19870412,LAT,,
208218,Cynthia,Perez Gil,U,19800702,ESP,,
208219,Zora,Mark,U,19860306,SUI,,
208220,Irena,Noc,U,19821120,SLO,,
208221,Ivana,Gelo,U,19861127,CRO,,
208222,Lucia,Obysovska,U,19830803,SVK,,
208223,Mia,Kurek,U,19840529,CRO,,
208224,Margaryta,Dolzhenko,U,19860301,UKR,,
208225,Irina,Tkachenko,U,19860613,UKR,,
208226,Evgenia,Stupak,U,19871216,UKR,,
208227,Ganna,Butkevych,R,19850227,UKR,,
208228,Klaudia,Wlodarczyk,U,19841207,POL,,
208229,Alina,Orcholska,U,19880521,POL,,
208230,Samira,Takourabet,U,19770715,ALG,,
208231,Ilham,Zouaoui,U,19871226,ALG,,
208232,Imane,Maloufi,U,19880213,ALG,,
208233,Nabila,Yasri,U,19810529,ALG,,
208234,Anna,Novo,U,19870328,VEN,,
208235,Ping,Jia,U,19860608,CHN,,
208236,Jia Bao,Yin,U,19870205,CHN,,
208237,Shuang,Wu,R,19880123,CHN,,
208238,Dan Feng,Liu,U,19840922,CHN,,
208239,Dan,Li,U,19850206,CHN,,
208240,Yang Guang,Zhao,U,19860129,CHN,,
208241,Xi,Jin,U,19850504,CHN,,
208242,Cheng Jie,Lu,U,19840216,CHN,,
208243,Katrin,Glatz,U,19860307,AUT,,
208244,Celina,Grissi,U,19871028,BOL,,
208245,Maria Irene,Squillaci Sandoval,U,19870925,BOL,,
208246,Sanne,Van Den Biggelaar,R,19850220,NED,,
208247,Paola,Ravano,U,19850108,ITA,,
208248,Christine,Alford,U,19830817,AUS,,
208249,Sandra,Bernal,U,19691231,ARG,,
208250,Ariela,Perez,L,19860203,ARG,,
208251,Maria Rossana,Vega Saguier,R,19860704,PAR,,
208252,Arancha,Recio Linares,U,19870104,ESP,,
208253,Elvira,Serrot Geminelli,U,19870130,ESP,,
208254,Renata,De Sanctis,U,19860113,ITA,,
208255,Zuzana,Valicekova,R,19850813,SVK,,
208256,Julie,Smekodub,U,19840521,USA,,
208257,Jana,Simurkova,R,19841016,SVK,,
208258,Kunigunda,Dorn,U,19870213,HUN,,
208259,Amelie,Detriviere,U,19790628,FRA,,
208260,Dijana,Stojic,R,19880716,BIH,,Q105983575
208261,Richele,Le Saldo,U,19830114,BAR,,
208262,Femi,Odeyemi Musa,U,19821202,NGR,,
208263,Anuli,Okafor,U,19830213,NGR,,
208264,Totinkoa,Djanguenane,U,19871209,TOG,,
208265,Susan,Okocha,U,19800314,NGR,,
208266,Jumoke,Ajulo,U,19770518,NGR,,
208267,Sarah,Gbadamosi,U,19860325,NGR,,
208268,Tekeme,Ekios,U,19820628,NGR,,
208269,Aminat,Taiwo,U,19840302,NGR,,
208270,Uju,Ben,U,19750208,NGR,,
208271,Funke,Adekola,U,19820408,NGR,,
208272,Elsa,Serrano Eduards,U,19860223,CUB,,
208273,Fernanda,Oliveira Da Silva,L,19830621,BRA,,
208274,Alejandra,Obregon,L,19860130,MEX,,
208275,Alena,Dvornikova,R,19830727,RUS,,
208276,Holly,Mckee,U,19840219,AUS,,
208277,Lumay,Diaz Hernandez,U,19860508,CUB,,
208278,Nuria,Hernandez,U,19850101,MEX,,
208279,Maria Isabel,Camberos,U,19880120,MEX,,
208280,Mar,Gonzalez Perez,U,19860126,ESP,,
208281,Arantxa,Garcia Millan,U,19860125,ESP,,
208282,Kumiko,Anzai,U,19850905,JPN,,
208283,Rati,Kumar,U,19831207,IND,,
208284,Pooja,Kommireddi,U,19870610,IND,,
208285,Kartiki Vijay,Bhat,U,19870205,IND,,
208286,Miray,Eshak,R,19860507,EGY,,
208287,Nihal,Tarek Saleh,R,19870802,EGY,,
208288,Katia,Alarcon,U,19870825,MEX,,
208289,Daniela,Lopez,U,19840425,MEX,,
208290,Marina,Capin,U,19790710,MEX,,
208291,Victoria,Quintero,U,19871108,MEX,,
208292,Diana,Escalante,U,19771215,MEX,,
208293,Roxana,Martinez,U,19860731,MEX,,
208294,Alicia,Serrano,U,19850518,MEX,,
208295,Kristel,Izquierdo,U,19830505,DOM,,
208296,Raquel,Castro,U,19880728,DOM,,
208297,Natalia,Baez,U,19870424,DOM,,
208298,Nathalie,Garcia Jaminet,U,19840806,ESP,,
208299,Iza,Ferreira,U,19840910,BRA,,
208300,Milena,Araujo,U,19860810,BRA,,
208301,Margarita,Karnaukhova,R,19850111,RUS,,
208302,Lynsey,Davison,U,19800520,GBR,,
208303,Audrey,Laib,U,19880830,FRA,,
208304,Sarah,Andrews,U,19850117,AUS,,
208305,Jana,Cabak,U,19840301,AUS,,
208306,Lisa,Wilkinson,U,19880820,NZL,,
208307,Clelia,Deltour,U,19860616,FRA,,
208308,Caroline,Courmont,U,19880820,FRA,,
208309,Karina,Grigorian,U,19850217,RUS,,
208310,Ilham,Nadir,U,19850730,MAR,,
208311,Covadonga,Garcia Calvo,U,19850405,ESP,,
208312,Sara,Jamil,U,19881206,MAR,,
208313,Hanane,Toumi,U,19860916,MAR,,
208314,Arijana,Begovic,U,19880109,BIH,,
208315,Sasha,Abraham,U,19850527,IND,,
208316,Tereza,Svicova,U,19850615,CZE,,
208317,Christina,Obermoser,U,19840328,AUT,,
208318,Melanie,Wolkersberger,U,19860812,AUT,,
208319,Carina,Hirsch,R,19861127,AUT,,
208320,Sofia,Brun,R,19830505,SWE,,
208321,Olakunbi,Abass,U,19851224,NGR,,
208322,Natalie,Ayton,U,19801101,GBR,,
208323,Anett,Kaasik,U,19860605,EST,,
208324,Sofia,Avakova,R,19860512,RUS,,
208325,Seika,Takahara,U,19870109,JPN,,
208326,Yukako,Kato,U,19860902,JPN,,
208327,Rebecca,Turner,R,19791024,AUS,,
208328,Gina,Fahaiyena,U,19871015,INA,,
208329,Aleta,Sungkono,U,19841218,INA,,
208330,Seul Ki,Chin,L,19871114,KOR,,
208331,Nina,Septrita,U,19880918,INA,,
208332,Irawati,Moerid,U,19691030,INA,,Q6068348
208333,Ester,Lasheras Varade,U,19830324,ESP,,
208334,Cristina,Visico,R,19860826,USA,,
208335,Nadia,Pope,U,19850209,USA,,
208336,Katarina,Anic,U,19881009,CRO,,
208337,Lucy,Ikic,U,19820719,AUS,,
208338,Elsa,Trigueros Sanchez,U,19850509,ESP,,
208339,Yukiyo,Hara,U,19840115,JPN,,
208340,Jana,Votrubcova,U,19870420,CZE,,
208341,Cagla,Urcu,L,19880713,TUR,,
208342,Ji Young,Lee,U,19840907,KOR,,
208343,Hyun Sook,Bae,U,19820430,KOR,,
208344,Yeon,Kim,U,19810911,KOR,,
208345,Anzhelika,Balyuk,R,19860122,RUS,,
208346,Caroline,Carpentier,U,19860710,CAN,,
208347,Anne Marie,Brodeur Fontaine,U,19860323,CAN,,
208348,Sophie,Cremers,U,19801210,FRA,,
208349,Martina,Sedivec,U,19850621,CAN,,
208350,Vicky,Michaud,U,19870425,CAN,,
208351,Audrey,Robert Bordeleau,U,19861205,CAN,,
208352,Melissa,Dakkak,U,19850718,CAN,,
208353,Sandra,Zmak,U,19870325,CRO,,
208354,Anjuri,Nagalia,U,19870425,IND,,
208355,Summer,Bhullar,U,19830525,IND,,
208356,Sheena,Jain,U,19881226,IND,,
208357,Katie,Miles,U,19801008,GBR,,
208358,Katarina,Panakova,U,19851228,SVK,,
208359,Despina,Matsaridou,U,19870806,GRE,,
208360,Sabrina,Wist,R,19860313,GER,,
208361,Anna,Amato,U,19870322,ITA,,
208362,Klara,Jagosova,R,19850315,CZE,,
208363,Amanda,Mang,U,19821020,USA,,
208364,I Hui,Chang,R,19860420,TPE,,
208365,Kehinde,Amusan,U,19881021,NGR,,
208366,Abiodun,Bamigbade,U,19840621,NGR,,
208367,Hendrike Lea,Heitmann,L,19860920,GER,,
208368,Iyabo,Ogunwole,U,19840919,NGR,,
208369,Camelia,Todorova,R,19860406,USA,,
208370,Stephanie,De Laet,R,19860425,BEL,,
208371,Katy,Scarisbrook,U,19861012,GBR,,
208372,Naia,Lartategui Uriarte,U,19850616,ESP,,
208373,Verena,Amesbauer,U,19850228,AUT,,
208374,Sanne,Holtkamp,U,19860420,NED,,
208375,Vivien,Weber,U,19830128,GER,,
208376,Magdalena,Von Geyr,U,19840328,GER,,
208377,Thiyumi,Abeysinghe,R,19880405,SRI,,
208378,Sobhini,De Silva,U,19651029,SRI,,
208379,Mahesha,Seneviratne,U,19860713,SRI,,
208380,Thavindra,Ekanayake,R,19890227,SRI,,
208381,Shanki,Dandeniya,U,19890617,SRI,,
208382,Navodi,De Zoysa,U,19890411,SRI,,
208383,Orobosa,Amadin,U,19830921,NGR,,
208384,Nimota,Kadiri,U,19721107,NGR,,
208385,Jennifer,Carati Del Nogal,U,19870424,VEN,,
208386,Virginia,Donda,R,19860429,ARG,,
208387,Alice,Hall,U,19880728,FRA,,
208388,Diane,Cheymol,U,19880620,FRA,,
208389,Lema,Ateba,R,19880716,FRA,,
208390,Noemie,Ruffin,U,19830406,FRA,,
208391,Caroline,Bailly,R,19861120,BEL,,
208392,Anne,Dickhardt,R,19860702,GER,,
208393,Maria Sol,Rotondo,U,19851128,ARG,,
208394,Sabrina,Echavarria,U,19840526,ARG,,
208395,Ana Cristina,Reyes,U,19880202,BOL,,
208396,Emily,Mowery,U,19850201,USA,,
208397,Danielle,Wiggins,U,19840717,USA,,
208398,Martina,Agarici,U,19890210,SMR,,
208399,Valentina,Bontempi,U,19861026,ITA,,
208400,Ilaria,Ziche,U,19850120,ITA,,
208401,Imke,Kusgen,U,19811015,GER,,
208402,Rebekka,Haenle,R,19861128,GER,,
208403,Michaela,Vogel,R,19880614,GER,,
208404,Maryori,Franco,R,19851001,COL,,
208405,Sofia,Dinis,U,19870410,POR,,
208406,Nelly,Maillard,U,19840320,FRA,,
208407,Jenny,Broughall,U,19860624,GBR,,
208408,Eveline,Widiger,U,19871204,GER,,
208409,Elisa,Salis,U,19870214,ITA,,
208410,Rochelle,Goldthreate,U,19800627,USA,,
208411,Elisa,Belleri,R,19820913,ITA,,
208412,Zeynep Asli,Naibi,U,19870122,TUR,,
208413,Petra,Teller,R,19850726,HUN,,
208414,Raquel,Seijo Rodriguez,U,19880214,ESP,,
208415,Belen,Perez De Juan Glez,U,19880404,ESP,,
208416,Valerie,Meise,R,19860325,GER,,
208417,Clodagh,Mcmorrow,R,19840214,IRL,,
208418,Katie,Muller,R,19851016,RSA,,
208419,Valeria,Macloughlin,U,19821013,ARG,,
208420,Bianca,Salame,U,19861007,ECU,,
208421,Maria Teresa,Salame,U,19870920,ECU,,
208422,Anna,Sydorska,U,19870602,UKR,,
208423,Lena,Keothavong,R,19851120,GBR,,
208424,Sohvi,Sundqvist,U,19830630,FIN,,
208425,Cristina,Mecho Ruiz,U,19840820,ESP,,
208426,Carina,Bjornstrom,U,19850923,FIN,,
208427,Amanda,Melgarejo,U,19870330,PAR,,
208428,Alba,Berdala Grive,U,19861105,ESP,,
208429,Lucila,Di Carlo,U,19830825,ARG,,
208430,Viktoria,Lytovchenko,R,19860607,UKR,,
208431,Hirono,Yoshikawa,U,19871102,JPN,,
208432,Noriko,Miyazaki,U,19760928,JPN,,
208433,Aiko,Suzuki,U,19750122,JPN,,
208434,Yoshimi,Kakuta,U,19861230,JPN,,
208435,Irina,Lykina,U,19840926,RUS,,
208436,Natalia,Gordeeva,U,19851011,RUS,,
208437,Maria,Krasnova,R,19860430,RUS,,
208438,Andrea,Pera,U,19860722,CRO,,
208439,Tamara,Bunic,R,19861017,CRO,,
208440,Simona,Kralikova,U,19870826,SVK,,
208441,Claudia,Smolders,R,19870122,BEL,,
208442,Xenia,Roman,U,19850710,MEX,,
208443,Maria Paulina,Gamboa,U,19871115,MEX,,
208444,Ana Cecilia,Olivos,R,19860428,MEX,,
208445,Alicia,Espinoza,U,19850708,MEX,,
208446,Lilian,Asuaje,U,19860829,MEX,,
208447,Patricia,Manzur,U,19850614,MEX,,
208448,Tania,Martinez Jimenez,U,19850625,ESP,,
208449,Blanca,Martinez Perez,U,19850614,ESP,,
208450,Yevgenia,Nudga,U,19880416,UKR,,
208451,Anna,Vitosinskaya,U,19850316,RUS,,
208452,Kseniia,Tokarieva,R,19880122,UKR,,
208453,Angelina,Minova,U,19840626,UKR,,
208454,Natalia,Bubien,U,19870224,POL,,
208455,Julia,Pugach,U,19860623,UKR,,
208456,Natalia,Niemiec,U,19880802,POL,,
208457,Tamar,Kvaratskhelia,U,19860919,GEO,,
208458,Carmen Raluca,Tibuleac,U,19840101,ROU,,
208459,Tanya,Ridzevskaya,R,19860701,RUS,,
208460,Dominika,Zuzulova,R,19860304,SVK,,
208461,Michaela,Babicova,R,19860730,SVK,,
208462,Jana,Bielikova,R,19860802,SVK,,
208463,Elenora,Pedonese,U,19870201,ITA,,
208464,Maria Lavinia,Piva,U,19880416,ITA,,
208465,Ragini,Vimal,U,19840415,IND,,
208466,Varsha,Shivashankar,R,19870209,IND,,
208467,Gangothri,Sandri,U,19880529,IND,,
208468,Sandra,Sasidharan,L,19850416,IND,,
208469,Alexandra Iulia,Iacob,U,19870130,ROU,,
208470,Hadjira,Slimani,U,19820604,ALG,,
208471,Marina,Viliamovskaia,R,19860111,RUS,,
208472,Houda,Yasri,U,19850807,ALG,,
208473,Andra,Stanculescu,R,19850525,ROU,,
208474,Neha,Rana,U,19890326,IND,,
208475,Kuburat,Akintunde,U,19851021,NGR,,
208476,Ayoola,Shelle,U,19700526,NGR,,
208477,Khanita,Sritawan,R,19850509,THA,,
208478,Maja,Petrovic,R,19870413,AUT,,
208479,Camilla,Lundberg,U,19870523,SWE,,
208480,Asami,Saeki,U,19851007,JPN,,
208481,Tamami,Kamiyama,U,19780818,JPN,,
208482,Natsumi,Tsubo,R,19850911,JPN,,
208483,Akiko,Kato,R,19870331,JPN,,
208484,Ha Yang,Choi,U,19880210,KOR,,
208485,Ophelie,Vergnes,U,19880821,FRA,,
208486,Hsiao Wen,Chao,U,19850716,TPE,,
208487,Yu Lin,Dai,U,19870606,TPE,,
208488,Kai Feng,Yi,U,19850404,TPE,,
208489,Nian Ze,Liu,U,19851205,TPE,,
208490,Aya,Oasa,R,19851210,JPN,,
208491,Romina,Manas Rodriguez,U,19860107,ESP,,
208492,Irina,Tsymbal,U,19870613,UKR,,
208493,Patrizia,Cacciaguerra,U,19840717,ITA,,
208494,Sonia,Sandano,R,19880228,ITA,,
208495,Diana,Salas,U,19860110,MEX,,
208496,Maria Elena,Badillo,U,19890513,MEX,,
208497,Guillermina,Torre,U,19870912,MEX,,
208498,Paulina,Vargas,U,19880101,MEX,,
208499,Andrea,Martinez,U,19841110,MEX,,
208500,Maria Fernanda,Hernandez,U,19880517,MEX,,
208501,Silvana Lorena,Celorio,U,19700429,MEX,,
208502,Ana Lilia,Salas,U,19860116,MEX,,
208503,Maria Josefina,Rojo,U,19661004,MEX,,
208504,Nina,Beljajevova,U,19871216,SVK,,
208505,Jessica,Iniguez,U,19841106,MEX,,
208506,Laura,Hernandez,U,19860818,MEX,,
208507,Monia,Pederzoli,U,19870411,ITA,,
208508,Nicola,Manley,U,19810605,GBR,,
208509,Laura,Manfredonia,U,19890202,ITA,,
208510,Sara,Amo Flores,U,19870504,ESP,,
208511,Shraddha,Lodha,L,19860819,IND,,
208512,Nidhi,Shah,R,19860618,IND,,
208513,Karin,Lems,R,19840312,NED,,
208514,Golda,Rubina,R,19880711,INA,,
208515,Ingeborg,Kerkhoven,U,19831224,NED,,
208516,Mega,Sukmawati,U,19870810,INA,,
208517,Febri,Joana,U,19880203,INA,,
208518,Ana Paula,Saviole,U,19860430,BRA,,
208519,Joyce,Ardies,U,19851031,FRA,,
208520,Adriana,Fernandez,U,19870729,GUA,,
208521,Karen,Saravia,U,19850626,GUA,,
208522,Violette,Percy,U,19471117,FRA,,
208523,Anabel,Luna De Infante,U,19550930,ESA,,
208524,Alcira,Acevedo,U,19530803,ESA,,
208525,Maria Gabriela,Linares,U,19881025,ESA,,
208526,Gabriela,Vergara,U,19890225,ESA,,
208527,Cristina,Martinez,U,19880324,GUA,,
208528,Graciela,Peraza,U,19590910,VEN,,
208529,Maria Elena,Ruiz,U,19620825,ESA,,
208530,Andrea,Portillo,U,19871102,ESA,,
208531,Kirsten Andrea,Weedon,U,19890218,GUA,,Q33190431
208532,Ana Luisa,Torres,U,19811203,GUA,,
208533,Gisel,Brito,U,19851029,CHI,,
208534,Shu Hwei,Huang,U,19860126,DOM,,
208535,Annelise,Fernandez,U,19871003,DOM,,
208536,Chloe,Gambey,R,19850325,FRA,,
208537,Andrea,Herrera,U,19871114,MEX,,
208538,Tania,Aguirre,U,19840812,MEX,,
208539,Veronica,Castro,U,19780812,MEX,,
208540,Ana,Jerman,U,19861110,SLO,,
208541,Maribel,Ramirez,U,19801106,MEX,,
208542,Gabriela,Amezaga,U,19840726,MEX,,
208543,Dalia Primaver,Garza,U,19870321,MEX,,
208544,Silvia,Tiscareno,U,19840211,MEX,,
208545,Yana,Sadovskaya,U,19870316,LAT,,
208546,Kristin,Schuler,R,19850923,GER,,
208547,Aya,El Akkad,L,19860403,EGY,,
208548,Marina,Khomenko,R,19850816,UKR,,
208549,Aliaa,Fakhry,R,19880109,EGY,,
208550,Marcela,Montanha,R,19850731,BRA,,
208551,Teresa,Oberti,R,19870710,ARG,,
208552,Liege,Vieira,L,19880714,BRA,,
208553,Carla,Caetano,R,19881128,POR,,
208554,Brianna,Williams,U,19851215,USA,,
208555,Melissa,Silva,U,19860807,IND,,
208556,Dima,Al Saadi,U,19860105,SYR,,
208557,Sara,Abutovic,U,19860929,SLO,,
208558,Oormila,Ram,U,19870413,IND,,
208559,Meghana,Paritala,U,19870415,IND,,
208560,Khushcher,Italia,R,19810427,IND,,
208561,Macarena,Rodriguez Capilla,U,19890605,ESP,,
208562,Marta,Ruiz Fernandez De Castro,U,19891202,ESP,,
208563,Lourdes,Gaona Gonzalez,U,19821106,ESP,,
208564,Elizaveta,Avdeeva,U,19840617,RUS,,
208565,Lisa,Haegele,U,19870827,GER,,
208566,Zena,Williams,R,19880717,USA,,
208567,Safa,Safar,U,19821024,BRN,,
208568,Sedigheh,Hassani,U,19590624,IRI,,
208569,Seheno,Razafindramaso,L,19860725,MAD,,Q88445983
208570,Samantha,Cowan,U,19870729,GBR,,
208571,Eleonora,Taddei,U,19860112,ITA,,
208572,Martina,Stigliano,U,19851112,ITA,,
208573,Caroline,Martin,R,19851103,FRA,,
208574,Olga,Koutseridi,U,19880726,GRE,,
208575,Katharina,Siller,R,19880223,AUT,,
208576,Grace,Hutson,U,19880226,GBR,,
208577,Joanna,Carswell,R,19880708,NZL,,Q23059655
208578,Miina,Luebbe,U,19851202,GER,,
208579,Ewa,Losinski,R,19870316,AUS,,
208580,Laura,Harkness,U,19840911,AUS,,
208581,Natalie,Solevski,U,19860530,AUS,,
208582,Erin,Boast,U,19880527,AUS,,
208583,Inna,Tchepournaya,U,19880323,RUS,,
208584,Iginia,Tilocca,R,19860607,ITA,,
208585,Vanja,Corovic,U,19860710,SRB,,
208586,Jelena,Rajic,U,19870914,SRB,,
208587,Petra,Baksa,U,19840129,CRO,,
208588,Mireia,Cano Guirao,U,19871022,ESP,,
208589,Lara,Pujol Rotger,U,19900319,ESP,,
208590,Caterina,Marusic,U,19880108,ITA,,
208591,Silvia,Fassione,U,19870807,ITA,,
208592,Ilge,Alpay,U,19820304,GBR,,
208593,Zineb,Hilali,U,19880517,MAR,,
208594,Julia,Hodes,U,19860503,GER,,
208595,Gloria,Perfetti,U,19840106,ITA,,
208596,Aimi,Koga,U,19870619,JPN,,
208597,Adina,Neustein,U,19870619,USA,,
208598,Lauren,Lui,L,19880204,USA,,
208599,Lauren,Imre,U,19870928,USA,,
208600,Meg,Fanjoy,U,19870811,USA,,
208601,Ana Maria,Moura,U,19780629,BRA,,
208602,Ristine,Olson,U,19850116,USA,,
208603,Amira,Benaissa,U,19891219,ALG,,Q55314940
208604,Dora,Kiss,R,19860522,HUN,,
208605,Malika,Bouakel,U,19850109,ALG,,
208606,Ghizlene,Douballah,U,19900110,ALG,,
208607,Lucie,Dvorakova,U,19771107,CZE,,
208608,Jennifer,Chay,U,19841115,USA,,
208609,Lindsey,Pereira,U,19860101,USA,,
208610,Lindsay,Jones,U,19880524,USA,,
208611,Gloriann,Lopez,U,19840228,USA,,
208612,Patricia,Zerdan,U,19740119,USA,,
208613,Kelly,Schmandt,U,19820223,USA,,
208614,Amanda,Avedissian,R,19870813,USA,,
208615,Merve,Gultekinler,U,19880101,TUR,,
208616,Natalia,Zamolotskikh,U,19870510,RUS,,
208617,Blanca,Guallart Lain,U,19880118,ESP,,
208618,Clara,Schuhmacher Terron,U,19870703,ESP,,
208619,Emily,Arnott,U,19840208,AUS,,
208620,Aleksandra,Zdeb,U,19870126,POL,,
208621,Ewa,Kopczynska,U,19890106,POL,,
208622,Irina,Strigalova,U,19871119,LAT,,
208623,Sylwia,Niedbalo,U,19860319,POL,,
208624,Marta,Torbarina,U,19880331,CRO,,
208625,Pavlina,Glosova,R,19870113,CZE,,
208626,Laura,Vignoni,U,19840327,ITA,,
208627,Romina,Raonic,U,19870420,SLO,,
208628,Petra,Putnik,U,19890301,CRO,,
208629,Maja,Vuzem,U,19870404,CRO,,
208630,Anna,Mydlowska,R,19890821,POL,,
208631,Dagmara,Siara,U,19880217,POL,,
208632,Maria,Spenceley,R,19880829,GBR,,
208633,Marcela,Vojtiskova,L,19871016,CZE,,
208634,Vendula,Plechata,U,19860528,CZE,,
208635,Eva,Brozova,U,19870719,CZE,,
208636,Jitka,Kleisnerova,L,19870303,CZE,,
208637,Daria,Neretina,U,19800118,RUS,,
208638,Diane,Filip,R,19861129,DEN,,
208639,Michaela,Bjornstrom,U,19840315,FIN,,
208640,Filipa,Ribeiro,U,19881018,POR,,
208641,Daria,Holodnik,U,19861126,POL,,
208642,Aneta,Turaj,U,19850917,POL,,
208643,Ivana,Belancic,U,19770331,SRB,,
208644,Olena,Leonchuk,R,19870505,UKR,,
208645,Anastasia,Ulikhina,U,19891210,RUS,,
208646,Ekaterina,Krylova,U,19890515,RUS,,
208647,Anastasia,Revzina,R,19890620,RUS,,
208648,Nina,Maglatyuk,U,19860112,RUS,,
208649,Alexandra,Aleksieva,U,19871109,BUL,,
208650,Hristiana,Gocheva,U,19851130,BUL,,
208651,Emilie,Van Boekel,U,19880502,NED,,
208652,Sofia,Thomaidou,U,19880722,GRE,,
208653,Ira,Aleksova,U,19870415,MKD,,
208654,Victoria,Valls Comamala,U,19870817,ESP,,
208655,Laura,Moares,R,19851008,ARG,,
208656,Claire,Lablans,U,19870508,NED,,
208657,Angelina,Ledovskaya,U,19870208,RUS,,
208658,Alexandra,Kazanova,L,19860403,RUS,,
208659,Ana Cristina,Moreno,U,19860409,MEX,,
208660,Natalie,Castro,U,19850304,MEX,,
208661,Marisol,Aguilar,U,19880309,MEX,,
208662,Andrea,Espinosa,U,19880125,MEX,,
208663,Jovana,Miletic,U,19870805,SRB,,
208664,Michaela,Bressan,U,19870116,ITA,,
208665,Ana,Gonzalez Herreros,U,19870726,ESP,,
208666,Margarita,Spicin,U,19890120,ISR,,
208667,Andreea Patricia,Braica,R,19861119,ROU,,
208668,Andra Iulia,Savu,U,19870711,ROU,,
208669,Lavinia,Toader,U,19830813,ROU,,
208670,Cristina Mirela,Prodanel,U,19880726,ROU,,
208671,Anisoara,Popescu,U,19821121,ROU,,
208672,Anca,Dumitru,U,19860808,ROU,,
208673,Laura,Popescu,U,19860208,ROU,,
208674,Laura,Barbu,U,19871014,ROU,,
208675,Raluca,Nedelea,U,19880323,ROU,,
208676,Iva,Velkovska,U,19880417,MKD,,
208677,Adina Maria,Gabor,U,19890523,ROU,,
208678,Alice Maria,Tunaru,U,19871024,ROU,,
208679,Delia,Damaschin,U,19890411,ROU,,
208680,Julija,Sabanov,U,19870802,SRB,,
208681,Dunja,Antunovic,L,19861011,HUN,,
208682,Maria,Seppi,U,19870626,ITA,,
208683,Afreen,Jahan,R,19870828,IND,,
208684,Sagarika,Phadke,R,19870203,IND,,
208685,Ceylan,Engin,U,19880707,TUR,,
208686,Sanja,Racic,R,19880330,BIH,,
208687,Ana,Tomasevic,U,19860710,SCG,,
208688,Bojana,Minic,U,19840515,SCG,,
208689,Ivana,Milutinovic,U,19900313,SRB,,
208690,Jovana,Rasovic,U,19870301,SCG,,
208691,Bernadetta,Birkas,U,19880429,SRB,,
208692,Dian,Mayasari,U,19880508,INA,,
208693,Widhi,Setyorini,U,19881030,INA,,
208694,Ida,Sutedja,U,19820106,INA,,
208695,Elizabeth,Dolan,R,19860128,USA,,
208696,Erika,Perez,R,19890811,CAN,,
208697,Maria,Milic,U,19870707,CAN,,
208698,Charlotte,Douwma,U,19871207,FRA,,
208699,Fleur,Van Haasteren,U,19850513,NED,,
208700,Gala,Gasset Pinon,U,19851219,ESP,,
208701,Carola,Gonzalez King Garibo,U,19870410,ESP,,
208702,Udanthi,Narahenpitage,R,19850327,SRI,,
208703,Dinali,De Silva,U,19900314,SRI,,
208704,Kamonthip,Saovana,R,19880511,THA,,
208705,Melissa,Percy,U,19870520,GBR,,
208706,Jeong Eun,Park,U,19840707,KOR,,
208707,Milena,Tona,U,19890627,ITA,,
208708,Alessia,La Monaca,U,19860607,ITA,,
208709,Carla,Genovese,R,19850318,ITA,,
208710,Urska,Klemenc,U,19880428,SLO,,
208711,Martine,Poos,U,19810626,LUX,,
208712,Stefanie,Alfery,R,19870408,GER,,
208713,Laura,Sadria,L,19890731,GER,,
208714,Martina,Bartosova,R,19851220,SVK,,
208715,Ornella,Gentile,L,19880909,BEL,,
208716,Natasa,Vuckovic,R,19860514,SRB,,
208717,Stanca,Muresan,R,19870527,ROU,,
208718,Whitney,Robards,U,19851225,USA,,
208719,Laura,Mcgaffigan,U,19850506,USA,,
208720,Jessica,Mezo,R,19860828,SUI,,
208721,Hana,Vaculinova,R,19870509,CZE,,
208722,Irina,Cybina,R,19870407,LTU,,
208723,Agata,Komorowska,U,19850905,POL,,
208724,Joanie,Macken,U,19860215,IRL,,
208725,Alexandra,Kiesl,R,19880104,GER,,
208726,Belfin,Sumbul,U,19880210,TUR,,
208727,Dina,Senkina,R,19870326,RUS,,
208728,Ezgi,Albayrak,U,19890511,TUR,,
208729,Dilara,Naibi,U,19890416,TUR,,
208730,Mitsumi,Kawasaki,R,19830909,JPN,,
208731,Maria,Temez Fernandez,U,19870925,ESP,,
208732,Marjorie,Muller,U,19790416,RSA,,
208733,Magdalena,Ekert,R,19880430,POL,,
208734,Barbara,Lado,U,19770728,HUN,,
208735,Anica,Wuensche,U,19850524,GER,,
208736,Marlena,Metzinger,R,19870228,AUT,,
208737,Jana,Mackova,U,19870310,SVK,,
208738,Lenka,Broosova,R,19870723,SVK,,
208739,Paulina,Jorquera,L,19880605,CHI,,
208740,Mariela,Cornejo,U,19761106,CHI,,
208741,Maria Ignacia,Gioria,U,19860308,ARG,,
208742,Soledad,Podlipnik,R,19880109,CHI,,
208743,Kaja,Smole,U,19860710,SLO,,
208744,Jessica,Homberg,U,19870117,GER,,
208745,Nathalie,Du Vigneaud,U,19801105,BEL,,
208746,Geraldine,Roma,L,19860329,SWE,,
208747,Annabel,Bann,R,19890913,GBR,,
208748,Naoko,Ueshima,U,19871031,JPN,,
208749,Julia,Chergova,U,19860915,BUL,,
208750,Vasiliki,Simouli,U,19851003,GRE,,
208751,Komang Sri,Maryati,U,19890326,INA,,
208752,Penporn,Chantawannop,R,19890210,THA,,
208753,Astri,Purnawati,U,19870930,INA,,
208754,Nancy,Metriya,R,19880126,INA,,
208755,Fiona,Gracia Tjipto,U,19900428,INA,,
208756,Rosidah,Kusuma Dewi,U,19860425,INA,,
208757,Noriko,Uehara,U,19890124,JPN,,
208758,Emi,Sakurai,R,19770926,JPN,,
208759,Saori,Oda,U,19900108,JPN,,
208760,Sae,Kato,U,19830131,JPN,,
208761,Irina,Adetu,U,19880919,ROU,,
208762,Matulanda,Lumanauw,U,19840221,INA,,
208763,Maria,Rakhmanina,U,19851008,RUS,,
208764,Nina,Makarova,U,19880508,GEO,,
208765,Hadjer,Bouali,U,19880610,ALG,,
208766,Birgit,Riederer,U,19771124,AUT,,
208767,Sylvia,Koning,U,19560128,ESA,,
208768,Guadalupe,Padilla,U,19850715,ARG,,
208769,Marcia,Secondo,U,19850126,ARG,,
208770,Masha,Bayser,R,19840211,USA,,
208771,Karla,Portillo,U,19860120,ESA,,
208772,Suzana,Kuffner,R,19870109,BRA,,
208773,Emilia,Bindi,U,19880905,ARG,,
208774,Paola,Doldan Gonzalez,R,19860907,PAR,,
208775,Briggitt,Marcovich,R,19891213,VEN,,
208776,Jessica,Palma,U,19890118,VEN,,
208777,Anna,Karavayeva,R,19851024,UKR,,
208778,Dariana,Kozmina,R,19871009,UKR,,
208779,Karina,Porushkevich,L,19880811,USA,,
208780,Anastasiya,Slyusarchyk,R,19880312,UKR,,
208781,Irina,Matiychyk,R,19880729,UKR,,
208782,Luisa,Cantu,U,19880530,MEX,,
208783,Dragana,Jakovljevic,R,19860302,AUS,,
208784,Alexandra,Valarezo,U,19870208,ECU,,
208785,Maraike,Biglmaier,R,19870727,GER,,
208786,Karina,Tomaszewska,U,19861109,POL,,
208787,Ericka,Penaranda,U,19900531,BOL,,
208788,Lisa,Nystrom Skold,U,19860117,SWE,,
208789,Mona,Mansour,U,19890331,SWE,,
208790,Socorro,Trumpeta,U,19640603,PHI,,
208791,Ivy Kristel,De Castro,U,19880205,PHI,,
208792,Ana Regina,Buenviaje,U,19890925,PHI,,
208793,Conchita Corazon,Zoleta,R,19890322,PHI,,
208794,Lourdes,Manulat,U,19660524,PHI,,
208795,Edilyn,Balanga Margate,U,19880421,PHI,,
208796,Aileen,Rogan,U,19810929,PHI,,
208797,Denise,Dy,R,19890516,PHI,,Q26870902
208798,Trudy Gine,Amoranto,U,19900708,PHI,,
208799,Suncica,Strkic,U,19890727,BIH,,
208800,Vanja,Radunovic,U,19890605,MNE,,
208801,Mariana,Majic,U,19870830,CRO,,
208802,Maja,Sujica,R,19890807,CRO,,
208803,Miljana,Jocic,U,19880524,SRB,,
208804,Tijana,Koprivica,U,19870225,SRB,,
208805,Alja,Zec Peskiric,U,19890209,SLO,,
208806,Ina,Hadziselimovic,R,19880129,BIH,,
208807,Nikolina,Renic,U,19880528,GER,,
208808,Marija,Olujic,U,19880201,CRO,,
208809,Ana Rosa,Cabeza Candela,U,19881223,ESP,,
208810,Michelle,Pang,U,19880510,PHI,,
208811,Anthea,Murfet,U,19890704,PHI,,
208812,Maria Shirley,Valler,U,19780812,PHI,,
208813,Martina,Fratini,U,19890610,ITA,,
208814,Valentina,Rossi,U,19820626,ITA,,
208815,Marta,Arnes Cacho,U,19890620,ESP,,
208816,Sayaka,Yoshino,U,19830623,JPN,,
208817,Tzu Chen,Hsu,U,19891219,TPE,,
208818,Wen Ling,Wang,U,19880728,TPE,,
208819,Yu Ting,Lin,R,19870329,TPE,,
208820,Wei Fang,Kung,U,19871029,TPE,,
208821,Moe,Tsubuku,U,19850124,JPN,,
208822,Juliana,Franco,U,19880614,COL,,
208823,Adriana,Herran Giraldo,U,19831205,COL,,
208824,Marcela,Vanegas Bello,U,19851231,COL,,
208825,Karen Natalia,Martinez Bernal,U,19880303,COL,,
208826,Carolina,Gutierrez,U,19871014,COL,,
208827,Juliana,Alzate,U,19890526,COL,,
208828,Andrea,Giraldo,U,19880119,COL,,
208829,Angelica,Torres,U,19890928,COL,,
208830,Juanita,Munoz,U,19880505,COL,,
208831,Diana,Torres,U,19880330,COL,,
208832,Natalia,Garay,U,19881220,COL,,
208833,Daniela,Castillo,U,19881125,COL,,
208834,Tsippy,Waterman,R,19850329,NED,,
208835,Orian,Ben Haim,U,19900620,ISR,,
208836,Hila,Elster,U,19890102,ISR,,
208837,Shani,Arnon,U,19890703,ISR,,
208838,Fadzai,Mawisire,U,19880213,ZIM,,
208839,Ghizela,Schutte,R,19870107,RSA,,
208840,Abigail,Olivier,U,19891022,RSA,,
208841,Anna,De Bruyn,R,19810414,RSA,,
208842,Justine,Sutherland,U,19880816,RSA,,
208843,Jenna May,Osborne,R,19880926,RSA,,
208844,Elze,Potgieter,R,19880315,RSA,,
208845,Claudia,Sanua,U,19880101,RSA,,
208846,Fadzai,Masiyazi,U,19870526,ZIM,,
208847,Joanne,Schickerling,R,19851114,RSA,,
208848,Vandana,Murali,R,19880126,IND,,
208849,Tatiany,Tangerino,U,19880720,BRA,,
208850,Myrella,De Paula,U,19870403,BRA,,
208851,Fernanda,Martins,U,19860713,BRA,175,
208852,Maria,Miziouk,U,19880630,RUS,,
208853,Lorena,Piedras,U,19900725,MEX,,
208854,Aline,Berkenbrock,R,19890325,BRA,,
208855,Stephanie,Vieira,U,19870913,BRA,,
208856,Fernanda,Zacouteguy,U,19880704,BRA,,
208857,Natasha,Vieira,R,19880620,VEN,,
208858,Uthumporn,Pudtra,R,19891112,THA,,
208859,Ratchaya,Chaichanachaicharn,R,19891024,THA,,
208860,Maria Jose,Vallasciani,R,19870628,ARG,,
208861,Manuela,Esposito,U,19880517,ARG,,
208862,Camila,Deluchi,U,19880226,ARG,,
208863,Maria Dolores,Pazo,R,19870602,ARG,,
208864,Shilpa,Goel,U,19860725,IND,,
208865,Samia,Jalali,R,19850903,IND,,
208866,Amy,Robinson,U,19861208,GBR,,
208867,Simone,Stohr,U,19821025,GER,,
208868,Anum,Saeed,U,19880820,PAK,,
208869,Charlotte,Soubrie,U,19890307,FRA,,
208870,Erin,Heeder,U,19850113,USA,,
208871,Daria,Petrovic,R,19881024,SRB,,
208872,Maria,Guerreiro,U,19890927,POR,,
208873,Liliana,Pereira,U,19860714,POR,,
208874,Sarah,Benad,U,19860221,AUS,,
208875,Jenny,Frisell,R,19880708,SWE,,
208876,Sonia,Corominas Plaja,U,19870418,ESP,,
208877,Barbora,Bozkova,L,19880314,CZE,,
208878,Chiara,Petrazzuolo,U,19871005,ITA,,
208879,Therese,Tisseverasinghe,R,19880105,AUS,,
208880,Rebecca,Alessi,R,19890223,ITA,,
208881,Manon,Garcia,U,19880710,FRA,,
208882,Liene,Linina,R,19880912,LAT,,
208883,Federica,Suess,U,19871027,GER,,
208884,Alexandra,Martin Sanchez,U,19900406,ESP,,
208885,Svenja,Haymann,U,19851205,GER,,
208886,Rana,El Derwy,R,19880714,EGY,,
208887,Rana,Zafer,R,19890614,EGY,,
208888,Viktoriya,Agryutenkova,U,19880115,RUS,,
208889,Yasmin,Hamza,U,19890309,EGY,,
208890,Jenny,Saarnilina,U,19880916,FIN,,
208891,Ana,Milosavljevic,R,19861207,RSA,,
208892,Julie,Uwague,U,19881119,NGR,,
208893,Sayaka,Yoshimoto,U,19840705,JPN,,
208894,Ebelechukwu,Chukwuweteli,U,19890501,NGR,,
208895,Sabrina,Allaut,R,19880217,GER,,
208896,Elisa,Sarmiento Aranda,R,19891205,CUB,,
208897,Paola,Dominguez,U,19841022,MEX,,
208898,Caroline,Nothnagel,R,19880122,GER,,
208899,Michaela,Kopacin,U,19890114,AUT,,
208900,Nerea,Irisarri Duran,U,19880619,ESP,,
208901,Vita,Moskaliova,U,19870509,BLR,,
208902,Lilian,Ighodaro,U,19771101,NGR,,
208903,Temitope,Bamidele,U,19850411,NGR,,
208904,Yue,Yu,U,19860120,CHN,,
208905,Yuan Yuan,Shi,U,19880701,CHN,,
208906,Yuka,Izumi,U,19851027,JPN,,
208907,Di,Hu,U,19880630,CHN,,
208908,Jing,Zhou,U,19870512,CHN,,
208909,Wen,Zhao,U,19870429,CHN,,
208910,Nadia,Lee,R,19880905,GBR,,
208911,Catarina,Muller,U,19890417,POR,,
208912,Carly,Petit,U,19860623,FRA,,
208913,Barbara,Kvelstein,U,19880514,EST,,
208914,Ana Laura,Ochoa Magana,R,19880220,MEX,,
208915,Judith,Collado,U,19900310,MEX,,
208916,Gracia,Fuentes,U,19890225,MEX,,
208917,Maria Ines,Leal,U,19661222,MEX,,
208918,Mihaela Alina,Stanila,U,19861108,ROU,,
208919,Danira,Fabijanovic,R,19881122,CRO,,
208920,Emily,Quin,L,19830509,GBR,,
208921,Georgina,Hingley,U,19860219,GBR,,
208922,Erika,Venere,L,19810609,ITA,,
208923,Jessica,Weeks,U,19880612,GBR,,
208924,Catherine,Fall,U,19881113,GBR,,
208925,Katarina,Milinkovic,R,19880701,SRB,,
208926,Zorica,Petrov,U,19880608,SRB,,
208927,Majdouline,Akrate,L,19890730,MAR,,
208928,Hind,Belkarmouss,U,19870205,MAR,,
208929,Rita,Bengelloun Touimy,U,19890528,MAR,,
208930,Tania,Varela Alvarado,R,19870701,ECU,,
208931,Caitlin,Steel,U,19900624,GBR,,
208932,Daniela,Gudelj,U,19880303,CRO,,
208933,Anna Marie,Atelj,R,19870201,AUS,,
208934,Mateja,Horvat,R,19880131,CRO,,
208935,Marcia,Almada,U,19860917,MEX,,
208936,Valentina,Fauviau,R,19900614,FRA,,
208937,Malin,Grimshorn,R,19850705,SWE,,
208938,Sandra,Hribar,U,19870727,SWE,,
208939,Marina,Yudanov,U,19891018,SWE,,Q61983739
208940,Sabina,Gunnarsson,R,19880212,SWE,,
208941,Sandra,Wikstrom,R,19881116,SWE,,
208942,Gluay,Kampookaew,R,19880416,DEN,,
208943,Ann Marie,Modric,U,19860425,SWE,,
208944,Silvia Elena,Irimescu,U,19880808,ROU,,
208945,Katharina,Scholtisek,R,19820519,GER,,
208946,Grace,Hannah,U,19890416,IND,,
208947,Esha,Sanghvi,U,19870718,IND,,
208948,Sarah,Schulze,U,19860106,GER,,
208949,Anahita,Jagtiani,U,19890608,IND,,
208950,Preethi,Shravan,R,19870316,IND,,
208951,Martina,Andornino,U,19880718,ARG,,
208952,Jolien,Kroese,U,19860905,NED,,
208953,Anna,Niemiec,R,19860322,POL,,
208954,Hanna,Albowicz,U,19910204,POL,,
208955,Lenka,Danielova,R,19880425,CZE,,
208956,Tereza,Sykorova,U,19810206,CZE,,
208957,Hitomi,Konno,U,19831219,JPN,,
208958,Nana,Tsuchiya,U,19850725,JPN,,
208959,Ayako,Isogai,U,19860719,JPN,,
208960,Nozomi,Aiba,U,19861109,JPN,,
208961,Antia,Ghiorghiu,U,19880307,ROU,,
208962,Justina,Derungs,R,19900301,SUI,,
208963,Randi,Schuler,U,19870211,USA,,
208964,Kewa,Nichols,U,19860701,USA,,
208965,Hala,Sufi,U,19850809,USA,,
208966,Dasha,Cherkasova,U,19870606,USA,,
208967,Biljana,Gajic,U,19861028,SWE,,
208968,Berveine,Mohammed,R,19831206,AUS,,
208969,Anastasia,Cherkashin,U,19861022,ISR,,
208970,Natasha,Karolyi,R,19880205,AUT,,
208971,Sofi,Papadopoulou,U,19890321,SWE,,
208972,Seema,Maybud,R,19870807,NED,,
208973,Ioana Alexandra,Oprea,L,19891212,ROU,,
208974,Kim,Van Der Horst,U,19890728,NED,,
208975,Suzanna,Mansour,U,19861013,USA,,
208976,Franziska,Goetz,R,19881125,GER,,
208977,Petra,Vogel,L,19890728,SUI,,
208978,Annette,Aksdal,U,19861009,NOR,,Q63996374
208979,Idunn,Hertzberg,R,19880215,NOR,,Q64253999
208980,Ines,Moura,U,19810614,POR,,
208981,Patricia,Lopez Illan,R,19860817,ESP,,
208982,Sevil,Aliyeva,R,19910323,AZE,,
208983,Larikah,Russell,R,19850227,BAH,,
208984,Colleen,Rielley,U,19880209,USA,,
208985,Alexandra,Poorta,R,19880902,NED,,
208986,Elitsa,Mileva,U,19900112,BUL,,
208987,Blair,Di Sesa,U,19830904,USA,,
208988,Jelena,Durisic,U,19890412,SLO,,
208989,Simone,Templeton,U,19881010,USA,,
208990,Jessica,Williams,R,19870304,USA,,
208991,Inga,Beermann,U,19880623,GER,,
208992,Andreea Laura,Niculescu,U,19860604,CAN,,
208993,Austin,Smith,U,19860601,USA,,Q27922293
208994,Emma,Kidd,U,19800402,AUS,,
208995,Preethi,Mukundan,R,19850629,USA,,
208996,Christala,Andrews,U,19890709,USA,,
208997,Krista,Damico,U,19900423,USA,,
208998,Branka,Savic,U,19830305,AUS,,
208999,Marie,Matrka,U,19830721,USA,,
209000,Ashley,Joelson,U,19861113,USA,,
209001,Arthi,Duraisamy,U,19881126,IND,,
209002,Harpreet,Gill,R,19860304,IND,,
209003,Laia,Santamaria Colomer,U,19880504,ESP,,
209004,Julia,Doci,U,19870308,ROU,,
209005,Anna,Boada Plade Llorens,U,19881202,ESP,,
209006,Anastasia,Solomko,U,19880623,KAZ,,
209007,Ortansa Nicoleta,Danciu,U,19871002,ROU,,
209008,Teodora Lavinia,Cazan,R,19861125,ROU,,
209009,Abbie,Probert,R,19890217,GBR,,
209010,Emma,Tomlinson,U,19850720,GBR,,
209011,Rosanna,Hatch,R,19870724,GBR,,
209012,Kerstin,Kreis,U,19900425,GER,,
209013,Irina,Carrillo Marti,U,19901225,ESP,,
209014,Ana,Ruiz Fernandez,U,19890503,ESP,,
209015,Mireia,Gonzalez Bosch,U,19880717,ESP,,
209016,Diana,Toma,U,19880515,AUT,,
209017,Veronica,Garcia Herrera,U,19900714,ESP,,
209018,Kinga,Kozlowska,U,19860820,POL,,
209019,Joanna,Dobrowolska,U,19880723,POL,,
209020,Latrell,Reed,U,19891212,USA,,
209021,Martha,Montano,U,19790908,MEX,,
209022,Astrid,Thomsen,U,19900126,MEX,,
209023,Michelle,Suarez,U,19900413,MEX,,
209024,Paulina,Zuniga,U,19860909,MEX,,
209025,Vanja,Tomic,U,19900814,BIH,,
209026,Selma,Babic,U,19880721,BIH,,
209027,Petra,Viskovic,U,19880906,CRO,,
209028,Maja,Tadic,U,19880713,BIH,,
209029,Selma,Salkovic,U,19880826,CRO,,
209030,Ivana,Gala,U,19870508,CRO,,
209031,Beate,Knauber,U,19670107,GER,,
209032,Sheryl,Gershon,U,19850920,USA,,
209033,Paulina,Schippers,U,19910402,GUA,165,Q15217085
209034,Klaartje,Van Baarle,R,19640913,BEL,,
209035,Yvanna,Kurlak,U,19901004,GBR,,
209036,Michaela,Ince,R,19890506,GBR,,
209037,Elena,Jetcheva,R,19890711,BUL,,
209038,Kristyna,Sramkova,U,19881230,CZE,,
209039,Mi Hee,Jung,U,19840313,KOR,,
209040,Busra,Demirtas,U,19900305,TUR,,
209041,Deniz,Atas,U,19860804,TUR,,
209042,Ute,Schnoy,R,19870719,GER,,
209043,Amanda,Fish,U,19850319,USA,,
209044,Blakeley,Griffith,U,19841114,USA,,
209045,Desiree,Alesiani,U,19880206,ITA,,
209046,Katharina,Jacob,R,19840610,GER,,
209047,Angela,Werschel,U,19880731,GER,,
209048,Mariella,Greschik,U,19890320,GER,,
209049,Ashley,Spicer,R,19870917,USA,,
209050,Whitney,Wilson,U,19890109,USA,,
209051,Linsey,Jacks,U,19850613,GBR,,
209052,Ainsley,Fairhead,R,19861128,AUS,,
209053,Thaddea,Lock,R,19870323,GBR,,
209054,Leigh,Walsh,U,19870506,IRL,,
209055,Laura,Milner,U,19890315,IRL,,
209056,Caroline,Larsson,U,19870323,SWE,,
209057,Mariana,Levova,R,19900326,BUL,,
209058,Andra,Gavril,U,19880327,ROU,,
209059,Chie,Hayasaka,U,19870621,JPN,,
209060,Joanna,Craven,U,19881223,GBR,,
209061,Patricia,Vollmeier,R,19881108,SLO,,
209062,Caroline,Stevens,U,19900102,BEL,,
209063,Florence,De Vrye,R,19890127,BEL,,
209064,Ariane,Masschelein,R,19890505,BEL,,
209065,Julie,Wijnakker,U,19870616,BEL,,
209066,Marlene,Ryan,U,19880329,USA,,
209067,Joanna,Zwirbulis,U,19890915,POL,,
209068,Olesia,Nazarova,U,19870828,RUS,,
209069,Irina,Malashok,U,19860803,UKR,,
209070,Sandra,Podolak,R,19900330,POL,,
209071,Paula,Dinuta,U,19890716,ROU,,
209072,Roxanne,Sammel,R,19880705,GBR,,
209073,Melissa,Ryan,U,19860801,USA,,
209074,Natasha,Hillyer,R,19880919,GBR,,
209075,Katy,Shaw,R,19851210,GBR,,
209076,Martina,Sebastiani,U,19881029,ITA,,
209077,Veronica,Del Piano,U,19850208,ITA,,
209078,Tatsiana,Teterina,R,19890511,BLR,,
209079,Dominika,Kocwin,U,19881228,POL,,
209080,Francesca,Kinsella,R,19870904,GBR,,
209081,Ly Huong,Dinh,R,19841129,NED,,
209082,Alisee,Hirt,U,19860615,SUI,,
209083,Ramona,Erb,U,19881010,SUI,,
209084,Ingrid,Cseh,U,19870730,ROU,,
209085,Mihaela Florina,Bunea,R,19891002,ROU,,
209086,Kanako,Kozawa,U,19830607,JPN,,
209087,Aika,Osawa,U,19900920,JPN,,
209088,Erina,Kikuchi,U,19890712,JPN,,
209089,Darya,Nakidaylo,R,19891230,UKR,,
209090,Teona,Tsertsvadze,R,19900115,GEO,,
209091,Miyoko,Takahashi,R,19860628,JPN,,
209092,Alex,Graebe,U,19870117,USA,,
209093,Ayaka,Ito,U,19890217,JPN,,
209094,Misato,Tashiro,U,19870215,JPN,,
209095,Marsela,Gunawan,U,19900527,INA,,
209096,Sasirin,Borwornchokchai,R,19900223,THA,,
209097,Valentina,Tizzano,L,19850409,ITA,,
209098,Maria,Sinigaglia,U,19890513,ARG,,
209099,Yamila,Halle,R,19880610,ARG,,
209100,Malena,Gordo,R,19900331,ARG,,
209101,Agustina,Llaver,U,19870818,ARG,,
209102,Parichart,Charoensukployphol,R,19901221,THA,,
209103,Yana,Kireeva,R,19900129,RUS,,
209104,Daria,Razarenova,R,19890407,RUS,,
209105,Anastasia,Petukhova,R,19890404,RUS,,
209106,Tanya,Klenkoski,R,19860614,AUS,,
209107,Alessandra,Ferrazzi,R,19881119,ITA,,
209108,Claudia,Pontoglio,U,19880205,ITA,,
209109,Antonia,Kolovou,U,19900119,GRE,,
209110,Tanja,Kovacevic,R,19870203,AUS,,
209111,Alexandra,Sakalaridi,U,19890320,GRE,,
209112,Stella,Papaspyrou,L,19900425,GRE,,
209113,Tatiana,Cutrona,U,19870430,BEL,,
209114,Maria,Komissarova,U,19891222,RUS,,
209115,Julia,Spiridonova,U,19900512,RUS,,
209116,Marcela,Rivero,R,19900115,BOL,,
209117,Lorena,Aviles,U,19910120,ECU,,
209118,Claudia,Hidalgo,U,19900602,ECU,,
209119,Claudine,Paulson,U,19900310,ECU,,
209120,Rocio,Galan,U,19881014,COL,,
209121,Karina,Kedzo,U,19891114,VEN,,
209122,Andrea,Ferrari,U,19890102,VEN,,
209123,Roxana,Alexandru,R,19880407,CAN,,
209124,Sarah,Aulombard,R,19871025,FRA,,
209125,Martha Carolina,Bello Urbina,U,19870427,COL,,
209126,Jessica,Ferguson,U,19811223,USA,,
209127,Megan,Garcia,U,19890204,USA,,
209128,Mariana,Gonzalez,U,19881111,MEX,,
209129,Rosa Maria,Mendoza,U,19900806,PER,,
209130,Denise,Giler,U,19871222,ECU,,
209131,Jacqueline,Bohannon,R,19830608,USA,,
209132,Mai,Fujii,R,19840713,JPN,174,
209133,Ximena,Aguilar,U,19890616,MEX,,
209134,Natalia,Lifshitz,U,19830620,MEX,,
209135,Valentina,Ramirez,U,19890813,MEX,,
209136,Melody,Paschal,R,19830708,USA,,
209137,Sarah,Serrano,U,19910314,USA,,
209138,Virginia,Bigliardi,R,19860110,ARG,,
209139,Denise,Kirbijikian,R,19890802,ARG,,
209140,Sara,Di Paolo,R,19870823,ITA,,
209141,Aleksa,Costa,U,19870220,BRA,,
209142,Gabriela,Rangel,R,19891001,BRA,,
209143,Isabela,Kulaif,U,19870108,BRA,,
209144,Ksenia,Sidorova,U,19881030,RUS,,
209145,Antonia,Fohse,U,19890927,GER,,
209146,Anna,Bentzer,U,19821025,SWE,,
209147,Amoolya,Raghunath,U,19881207,IND,,
209148,Lizeth,King,U,19870606,AUS,,
209149,Megan,Sporndli,U,19880809,RSA,,
209150,Natasha,Swanepoel,U,19890525,RSA,,
209151,Jade,Pondicas,R,19910411,RSA,,
209152,Veronique,Luksich,R,19910712,RSA,,
209153,Hedda,Wolmarans,U,19890319,RSA,,
209154,Nantenaina,Ramalalaharivololona,L,19870710,MAD,,Q17580407
209155,Marne,Roos,U,19890311,RSA,,
209156,Nicole,Smith,U,19890903,RSA,,
209157,Amparo,Botella Boix,R,19891213,ESP,,
209158,Sandra,Fornes Marques,U,19890906,ESP,,
209159,Ara,Micayabas,U,19870323,PHI,,
209160,Marie,Zalameda,U,19910614,USA,,
209161,Yeon Ju,Kim,U,19860913,KOR,,
209162,Rachael,Hall,U,19880912,GBR,,
209163,Melissa Rose,Orteza,U,19890609,PHI,,
209164,Julia,Chernyaeva,R,19900318,RUS,,
209165,Anna,Savitskaya,R,19800123,RUS,,
209166,Claudia,Wasilewski,U,19881129,FRA,,
209167,Perrine,Gauthier,R,19870414,FRA,,
209168,Sophie,Kobuch,U,19880329,FRA,,
209169,Camila,Belassi,L,19880315,URU,,
209170,Micaela,Moroni,R,19871003,ITA,,
209171,Giada,Calabretta,R,19860206,ITA,,
209172,Veronika,Adami,U,19880215,ITA,,
209173,Carlotta,Campus,U,19840107,ITA,,
209174,Adriana,Pereira,R,19900515,PAR,176,
209175,Jessica Marie,Agra,R,19911110,PHI,,
209176,Nanis,El Essaily,R,19870306,EGY,,
209177,Cristina,Greco Naccarato,L,19880627,ITA,,
209178,Jae Hee,Joung,R,19860113,KOR,,
209179,Chinatsu,Ito,R,19740522,JPN,,
209180,Simonetta,Miori,L,19890326,ITA,,
209181,Enrica,Ditta,U,19821114,ITA,,
209182,Romy,Lion,U,19850530,FRA,,
209183,Amy,Anstey,U,19890214,RSA,,
209184,Bianca,Swanepoel,R,19910107,RSA,,
209185,Andrea,Oates,R,19891124,RSA,,
209186,Rana,Tharwat Hafez,L,19880210,EGY,,
209187,Injie,Fawzy,U,19881117,EGY,,
209188,Melanie,Gomila Bengtsson,U,19881223,ESP,,
209189,Doris,Kuselj,U,19890602,CRO,,
209190,Dorotea,Kraljevic,R,19890519,CRO,,
209191,Yenisleydis,Calana Rodriguez,U,19850429,CUB,,
209192,Misleydis,Diaz Gonzalez,U,19880823,CUB,,Q27505545
209193,Sandra,Mente Ladanai,R,19881122,SWE,,
209194,Maibel,Quintana,U,19890120,CUB,,
209195,Yanet,Blanco Puentes,U,19890207,CUB,,
209196,Yaimaris,Paterson Crespo,U,19900711,CUB,,
209197,Daron,Moore,U,19851128,USA,,
209198,Sampada,Kanede,U,19880303,IND,,
209199,Deepa,Engade,U,19761023,IND,,
209200,Daksha,Mulay,U,19890530,IND,,
209201,Natalie,Fehse,R,19891205,GER,,
209202,Nikki,Prosser,U,19891223,GBR,,
209203,Laura,Slater,U,19911221,GBR,,
209204,Natalia,Semenenko,U,19890910,RUS,,
209205,Emma,Hayman,R,19880224,NZL,,Q5372834
209206,Lucie,Makrlikova,R,19880830,CZE,,
209207,Isabel,Mas Breto,R,19891109,ESP,,
209208,Valentina,Novelo,U,19900125,MEX,,
209209,Tania,Salas,U,19871114,MEX,,
209210,He Wen Fei,Li,U,19870113,CHN,,
209211,Bianca,Eichkorn,U,19880330,GER,,
209212,Sona,Novakova,R,19890218,CZE,,
209213,Priscila,Martinez,U,19891017,MEX,,
209214,Amy,Wachenheim,R,19790324,USA,,
209215,Dina,Bajramovic,R,19871014,USA,,
209216,Mia,Fiocca,U,19910312,USA,,
209217,Fernanda,Aranda,U,19901010,MEX,,
209218,Chu,Chu,U,19890721,CHN,,
209219,Beatriz,Salazar Ruiz,U,19880127,ESP,,
209220,Benedicte,Vliegen,U,19880428,BEL,,
209221,Galina,Semenova,R,19890923,BLR,,
209222,Paula,Jaime Agramon,R,19900221,ESP,,
209223,Chika,Terasawa,U,19890730,JPN,,
209224,Sarah,Andrew,U,19881228,NGR,,
209225,Ieva,Irbe,R,19880119,LAT,,
209226,Rachael,Irelewuyi,U,19821228,NGR,,
209227,Bridget,Chidi,U,19820925,NGR,,
209228,Tina,Akaegbusi,U,19880420,NGR,,
209229,Stephanie,Herz,R,19900130,NED,,
209230,Lisa,Sutton,R,19890904,GBR,,
209231,Sara,Pujals Perez,U,19880531,ESP,,
209232,Linda,Agazzi,R,19850620,ITA,,
209233,Eleonora,Sidjemileva,U,19880922,UZB,,
209234,Manar,Al Jazzaf,R,19880219,KUW,,
209235,Maha,Berty,U,19880612,EGY,,
209236,Maria Clara,Fernandez Bruera,U,19850529,ARG,,
209237,Viktoria,Viduka,U,19910829,CRO,,
209238,Tamara,Novoselac,U,19861225,CRO,,
209239,Mia,Drobnjak,R,19890926,CRO,,
209240,Katarina,Mlcochova,R,19890329,SVK,,
209241,Karla,Bonacic,U,19901101,CRO,,
209242,Karolina,Soor,L,19860730,SWE,,
209243,Ginte,Pociute,R,19860511,LTU,,
209244,Rebecka,Persson,R,19890731,SWE,,
209245,Josefine,Strom,U,19900922,SWE,,
209246,Alina,Petras,R,19900107,BUL,,
209247,Doina Nicoleta,Lovin,R,19880411,ROU,,
209248,Nicoleta Ana Maria,Bara,R,19881207,ROU,,
209249,Kateryna,Nezhura,U,19890730,UKR,,
209250,Valerie,Chin,U,19851231,USA,,
209251,Hui Chi,Huang,U,19890708,TPE,,
209252,Chiao Fang,Lo,U,19900205,TPE,,
209253,Mu Ying,Chen,U,19900207,TPE,,
209254,Yi Ju,Chen,U,19900105,TPE,,
209255,Chia Li,Chen,U,19861024,TPE,,
209256,Ye Ji,Seo,U,19880121,KOR,,
209257,Ju Hee,You,U,19870419,KOR,,
209258,Ji Hyun,Kim,R,19881203,KOR,,
209259,Daria,Bykodarova,R,19870717,RUS,,
209260,Andra Elena,Voinea,U,19881208,ROU,,
209261,Anne Christine,Voicu,R,19900807,CAN,,
209262,Alisa,Kagukina,R,19880904,UKR,,
209263,Mariya,Ryzhova,U,19900225,UKR,,
209264,Yuliya,Trubachova,U,19881204,UKR,,
209265,Amanda,Craddock,U,19880523,USA,,
209266,Olga,Fischer,R,19910219,GER,,
209267,Viktoria,Konstantinova,R,19850805,BUL,,
209268,Alisa,Buslayeva,R,19900703,UKR,,
209269,Kristina,Nedelcheva,R,19860930,BUL,,
209270,Maria,Stepanova,R,19870103,RUS,,
209271,Zora,Vlckova,L,19890420,CZE,,
209272,Maria,Biryukova,U,19920223,RUS,,
209273,Michaela,Kucharova,U,19891028,CZE,,
209274,Lucie,Pazderova,R,19880826,CZE,,
209275,Barbora,Bachmanova,U,19880803,CZE,,
209276,Alla,Aleksandrova,U,19900619,RUS,,
209277,Nikolina,Dominikovic,R,19900404,CRO,,
209278,Marina,Jozipovic,U,19910516,CRO,,
209279,Connor,Vogel,U,19870922,USA,,
209280,Jennifer,Smith,U,19910715,GBR,,
209281,Daria,Babushkina,R,19881106,RUS,,
209282,Margarita,Vasileva,U,19891221,BUL,,
209283,Slavina,Kaplanska,U,19881025,BUL,,
209284,Zlatka,Petrova,R,19890904,BUL,,
209285,Federica,Van Adrichem,U,19861008,NED,,
209286,Elizabeth,Begley,U,19920114,USA,,
209287,Mari,Yamauchi,U,19880302,JPN,,
209288,Atsumi,Koga,U,19850621,JPN,,
209289,Yu Xin,Miao,U,19890210,CHN,,
209290,Kana,Okawa,U,19840523,JPN,,
209291,Sina,Ladage,R,19871016,GER,,
209292,Sarah,Schneider,R,19870324,GER,,
209293,Carmen,Lopez Sanchez,U,19890130,ESP,,
209294,Marta,Oliva Lopez,R,19870618,ESP,,
209295,Bianca,Brasoveanu,R,19920401,ROU,,
209296,Elena Stela,Latea,R,19880705,ROU,,
209297,Alina Silvana,Moise,U,19920217,ROU,,
209298,Bianca,Dumitrascu,U,19900401,ROU,,
209299,Elena,Kazakova,U,19890615,RUS,,
209300,Cynthia,Tornil Marclay,R,19870525,ESP,,
209301,Babs,Van Kampen,R,19901125,NED,,
209302,Laura,Van De Stroet,U,19881102,NED,,
209303,Ekaterina,Abaeva,L,19910214,RUS,,
209304,Andrea,Konjuh,R,19920122,CRO,,
209305,Samantha,Galinier,R,19850116,FRA,,
209306,Mutsuko,Hirose,U,19801203,JPN,,
209307,Florence,Fleury,R,19890328,FRA,,
209308,Margot,Carter,R,19841128,GBR,,
209309,Pauline,Bisset,U,19880218,FRA,,
209310,Evelyn,Ploner,U,19890415,ITA,,
209311,Karolina,Zamiela,R,19910608,POL,,
209312,Anastasia,Ivanina,U,19880719,BLR,,
209313,Lucia,Sariscanova,R,19890209,SVK,,
209314,Urszula,Kolodziejczak,U,19910917,POL,,
209315,Magdalena,Smejova,R,19900605,CZE,,
209316,Kateryna,Malakhova,U,19880126,UKR,,
209317,Vroni,Hinterseer,U,19810918,GER,,
209318,Antonela,Marincic,U,19900612,CRO,,
209319,Brina,Spegel,R,19880103,SLO,,
209320,Daniela,Vukadinovic,R,19881130,SRB,,
209321,Sanda,Omerovic,R,19900805,AUS,,
209322,Natasha,Marks,R,19891224,GBR,,
209323,Amy,Sargeant,R,19891210,GBR,,
209324,Sarah,Stallard,U,19811008,GBR,,
209325,Madalina,Lupu,R,19900420,ROU,,
209326,Maria,Martinez Romero,U,19901129,ESP,,
209327,Sophia,Bouganga,R,19911211,MAR,,
209328,Lina,Benkirane,U,19870207,MAR,,
209329,Aurelie,Caffa,U,19870918,FRA,,
209330,Marta,Smiechowska,R,19871230,POL,,
209331,Julia,Helbet,R,19880531,MDA,,Q47006562
209332,Cristina Bianca,Danaila,L,19911029,ROU,,
209333,Nicoleta Mihaela,Negru,U,19880421,ROU,,
209334,Diana Madalina,Zainea,U,19900414,ROU,,
209335,Mi Seon,Lee,U,19870918,KOR,,
209336,Bo Ra,Kwak,U,19880920,KOR,,
209337,Eugenia,Vertesheva,U,19900315,RUS,,
209338,Veronika,Ciganikova,U,19900612,SVK,,
209339,Beatriz,Vall Cava De Llan,R,19880702,ESP,,
209340,Daniela,Leyria Moreno,U,19880225,ARG,,
209341,Valeria,Petrovich,R,19891208,UKR,,
209342,Charlotte,Pires,R,19910330,POR,,
209343,Brittany,Baldy,U,19870208,USA,,
209344,Paulina,Velarde Magana,U,19890423,MEX,,
209345,Clarisse,Baca,U,19891110,MEX,,
209346,Paulina,Hinojosa,U,19910921,MEX,,
209347,Adrienn,Hidvegi,U,19871213,HUN,,
209348,Ivana,Karolyiova,R,19870515,SVK,,
209349,Vivien,Laszloffy,R,19900528,HUN,,
209350,Edit Katalin,Suhajda,U,19880530,HUN,,
209351,Akshitha,Basavaraju,R,19890529,IND,,
209352,Janaki,Gunuganti,R,19911205,IND,,
209353,Sanjana,Kapur,U,19890304,IND,,
209354,Renuka,Keswani,U,19900728,IND,,
209355,Shilpi,Jaiswal,U,19891206,IND,,
209356,Thalia,Diaz Barriga,U,19871005,MEX,,
209357,Tamara,Jugo,R,19861129,ARG,,
209358,Lucia,Huber,U,19890831,ARG,,
209359,Guillermina,Zukerman,R,19881120,ARG,,
209360,Aleksandra,Djokic,U,19900423,SRB,,
209361,Andjela,Nemcevic,R,19910816,SRB,,
209362,Martina,Gregoric,R,19890815,CRO,,
209363,Ljubica,Stojanovic,U,19910715,SRB,,
209364,Aleksandra,Tucakov,R,19901218,SRB,,
209365,Milica,Milosavljevic,U,19910711,SRB,,
209366,Lyubov,Slovtsova,U,19871107,UKR,,
209367,Olga,Makhova,U,19910824,RUS,,
209368,Ekaterina,Zapadalova,R,19900216,RUS,,
209369,Emma Sofia,Helisten,R,19890511,FIN,170,Q15233688
209370,Ekaterina,Jeritsheva,U,19890127,EST,,
209371,Maria,Fagerstrom,U,19910404,FIN,,
209372,Jennifer,Holmberg,U,19881219,FIN,,
209373,Ina,Kauppila,R,19890606,FIN,,
209374,Annette,Pohjalainen,R,19860314,FIN,,
209375,Tina,Pieger,R,19890314,GER,,
209376,Oriana,Escalante,U,19900317,VEN,,
209377,Yolanda,Nieto,R,19900615,VEN,,
209378,Dahilmar,Saez,U,19900912,VEN,,
209379,Ayram,Edery,U,19901126,VEN,,
209380,Romina,Palmisano,U,19890226,VEN,,
209381,Jolanta,Twarowska,U,19860320,POL,,
209382,Elisa,Peth,R,19891214,GER,,
209383,Tina,Trautmann,U,19860722,GER,,
209384,Andrea,Morgado,U,19860521,VEN,,
209385,Andrea,Rebrova,R,19890718,SVK,,
209386,Arianna,Magagnoli,R,19890819,ITA,,
209387,Xenia,Samoilova,L,19890924,RUS,,
209388,Veronika,Ovcacikova,R,19881003,CZE,,
209389,Barbara,Maciocha,U,19870418,POL,,
209390,Florella,Moggia,U,19890303,ECU,,
209391,Gisella,Pere,R,19910909,ECU,,
209392,Maria Gracia,Ycaza,U,19900806,ECU,,
209393,Federica,Denti,R,19900913,ITA,,
209394,Stefania,Imolesi,U,19890609,ITA,,
209395,Juliet,Bocklet,R,19891122,GER,,
209396,Freya,Younes,R,19881013,BEL,,
209397,Eva,De Block,U,19850414,BEL,,
209398,Zaruhi,Harutyunyan,R,19900611,ARM,,
209399,Aleksandra,Malovic,U,19880320,NED,,
209400,Julia,Wais,U,19900505,GER,,
209401,Jasmin,Heckel,U,19880415,GER,,
209402,Vanessa,Heute,U,19860518,GER,,
209403,Katharina,Rath,R,19850923,GER,,
209404,Melinda,Akerbrant Bengtsson,R,19891230,SWE,,
209405,Anne,Gylling,U,19870325,DEN,,
209406,Katrine,Christensen,U,19870214,DEN,,
209407,Yessica,Medina,U,19911120,COL,,
209408,Carolina,Abello,U,19920314,COL,,
209409,Lynn,Blau,R,19890816,LUX,,
209410,Adeline,Chiang,U,19910215,FRA,,
209411,Neus,Rodriguez Menendez,R,19890211,ESP,,
209412,Stefania,Postorino,U,19910415,ITA,,
209413,Oana,Archip,U,19890430,ROU,,
209414,Patricia,La Rovere,U,19881025,VEN,,
209415,Marcella,Jones,R,19910516,NZL,,
209416,Vanessa,Kretsch,R,19880131,GER,,
209417,Iuliia,Kiriienko,U,19910604,UKR,,
209418,Diana,Popescu,U,19880620,ROU,,
209419,Tatiana,Illova,U,19890629,SVK,,
209420,Mirella,Ramic,U,19861204,BIH,,
209421,Alexandra,Levianska,U,19891003,BUL,,
209422,Anna,Larkina,R,19890924,UKR,,
209423,Julia,Livotova,U,19891217,RUS,,
209424,Jessica,Mcclintock,U,19880810,AUS,,
209425,Prudence,Teitzel,R,19890417,AUS,,
209426,Chloe,West,R,19881004,AUS,,
209427,Phillipa,Reakes,U,19881228,GBR,,
209428,Sophie,Proctor,R,19900312,GBR,,
209429,Khunpak,Issara,R,19910519,THA,,
209430,Natchanok,Saenyaukhot,R,19911021,THA,,
209431,Kristen A,Bleakley,R,19880325,USA,,
209432,Julie,Chao,U,19880331,USA,,
209433,Madina,Rakhim,R,19850509,KAZ,175,Q66095795
209434,Raquel,Guede Estevez,R,19881120,ESP,,
209435,Sandra Mihaela,Sida,U,19910503,ROU,,
209436,Jenny,Lunde,U,19911008,NOR,,
209437,Kjersti,Lund,U,19901130,NOR,,
209438,Anine Cornelius,Lovdal,U,19881006,NOR,,
209439,Gajane,Vage,R,19870502,EST,,
209440,Alexandra,Kudryavtseva,R,19880824,RUS,,
209441,Sarah,Huah,U,19880129,USA,,
209442,Jade,Schoelink,U,19900909,NED,,
209443,Myrte,Molenveld,U,19890905,NED,,
209444,Melissa,Ravestein,U,19890315,NED,,
209445,Desiree,Schelenz,U,19880905,GER,,
209446,Lisa,Brinkmann,R,19900327,GER,,
209447,Jasmin,Mertens,U,19881016,GER,,
209448,Kveta,Hajkova,R,19850421,SVK,,
209449,Insa,Villnow,U,19881028,GER,,
209450,April,Albertini,U,19890318,AUS,,
209451,Helen,Parsons,U,19760714,AUS,,
209452,Kelly,Blake,U,19910429,AUS,,
209453,Lusine,Davtyan,U,19870811,ARM,,
209454,Gvantsa,Robakidze,U,19920620,GEO,,
209455,Mariami,Samkanashvili,U,19920101,GEO,,
209456,Tereza,Belblova,R,19891121,CZE,,
209457,Veronika,Sepp,R,19891109,AUT,,
209458,Erika,Miyamoto,U,19840212,JPN,,
209459,Sayuri,Takeshima,U,19840518,JPN,,
209460,Yuki,Kusunose,U,19890216,JPN,,
209461,Nino,Mebuke,U,19920906,GEO,,
209462,Maria,Barboutova,U,19890909,BUL,,
209463,Evelin,Barboutova,U,19910223,BUL,,
209464,Rafaela,Efstathiou,U,19910514,GRE,,
209465,Eirini,Vasileiadou,U,19880815,GRE,,
209466,Charlotte,Martin,U,19880623,GBR,,
209467,Sasarin,Borwornchokchai,R,19910319,THA,,
209468,Emily,Fraser,R,19890724,USA,,
209469,Christine,Wilson,R,19871225,USA,,
209470,Amanda,Hellberg,U,19850511,USA,,
209471,Nicole,Kantor,U,19880620,USA,,
209472,Laurianne,Henry,R,19881018,USA,,
209473,Jenna,Webster,R,19880922,GBR,,
209474,Kristina,Bogacheva,U,19900117,RUS,,
209475,Dania,Musina,U,19890721,RUS,,
209476,Bhavani,Tirumurti,U,19890916,IND,,
209477,Kamolnadda,Thumrongluck,U,19900321,THA,,
209478,Caroline,Hitimana,R,19901210,BEL,,
209479,Maria Alexandra,Maldonado,U,19891027,ECU,,
209480,Alejandra,Saavedra,U,19870617,BOL,,
209481,Andrea,Pazmino,U,19850128,ECU,,
209482,Gabriela,Cazares,U,19860621,ECU,,
209483,Diana,Viteri,U,19900702,ECU,,
209484,Giorgia,Sampietro,R,19900702,ITA,,
209485,Judit,Nagy,U,19891207,HUN,,
209486,Katalin,Szekely,U,19890919,HUN,,
209487,Gabriela,Roux,L,19890328,CHI,,
209488,Micaela,Acosta,L,19861023,ARG,,
209489,Estefiana,Greco,U,19890525,VEN,,
209490,Candelaria,Rizzuto,U,19870527,ARG,,
209491,Tatiana,Varela,U,19891007,COL,,
209492,Catalina,Maya,U,19910331,COL,,
209493,Elena,Baranova,R,19840629,RUS,,
209494,Sayyara,Mammadova,U,19880119,AZE,,
209495,Salome,Aladashvili,U,19880402,GEO,,
209496,Michelle,Russ,L,19881202,AUS,,
209497,Jazmin,Hernandez,U,19880622,MEX,,
209498,Johana,Hernandez,U,19920314,MEX,,
209499,Mariana,Diaz De Leon,U,19900123,MEX,,
209500,Shatel,Tavita,U,19880414,SAM,,
209501,Pamela,Salas,U,19901124,USA,,
209502,Carla,Murguia,U,19901023,MEX,,
209503,Miya,Solic,U,19871114,USA,,
209504,Ana,Quevedo,U,19910122,MEX,,
209505,Rachel,Crismond,R,19830708,USA,,
209506,Joanna,Mather,R,19891009,USA,,
209507,Trina,Slapeka,R,19880520,LAT,,Q14920334
209508,Julia,Klackenberg,R,19900609,SWE,,
209509,Linda,Aqvist,U,19891201,SWE,,
209510,Ana,Puerto Jaimez,U,19911018,ESP,,
209511,Sara,Nilsson,U,19890202,SWE,,
209512,Louise,Grangette,U,19900403,FRA,,
209513,Nerea,Piquer Albisu,R,19920701,ESP,,
209514,Kelly,Couturier,R,19900227,FRA,,
209515,Alexandra,Gwizdowski,U,19880519,FRA,,
209516,Joana,Santiago,U,19881109,POR,,
209517,Ellen,Yeung,U,19880509,HKG,,
209518,Rita,Gouveia,L,19880424,POR,,
209519,Maria Emma,Quiroz,U,19861005,ARG,,
209520,Astrid,Quintero,U,19900712,VEN,,
209521,Alessandra,Pennesi,R,19890508,VEN,,
209522,Monica,Canevaro,R,19811024,ARG,,
209523,Ginet,Pinero,U,19901220,VEN,,
209524,Andrea,Quintana,U,19900606,VEN,,
209525,Maria Andreina,Varela,R,19911217,VEN,,
209526,Raquel,Diaz,U,19920827,VEN,,
209527,Verena,Piccolo,U,19881126,BRA,,
209528,Sarai,Torres,U,19890410,VEN,,
209529,Alessia,Carrozzo,R,19920408,ITA,,
209530,Ana,Perlain,U,19891229,CRO,,
209531,Carolina,Delgado,R,19900119,CHI,,
209532,Maria Paula,Aguirre,R,19870128,ARG,,
209533,Nadina,Secerbegovic,U,19890928,BIH,,
209534,Isaura,Enrique Aguilar,R,19920326,PAR,,
209535,Alexa,Geldenhuys,U,19840925,RSA,,
209536,Lynn,Novack,U,19791216,USA,,
209537,Sakina,Nshimirimana,U,19910915,BDI,,
209538,Aziza,Butoyi,U,19900712,BDI,,
209539,Natalie,Handler,U,19880613,ISR,,
209540,Engela,Olivier,R,19890407,RSA,,
209541,Martina,Vitulli,U,19900725,KEN,,
209542,Christine,Masite,U,19910211,RSA,,
209543,Bronwyn,Davidson,R,19900917,RSA,,
209544,Anastacia,Simons,R,19911226,RSA,,
209545,Marine,Sorg,U,19910820,FRA,,
209546,Anastasia,Nebojanko,R,19900909,GBR,,
209547,Olivia,Howlett,U,19900604,GBR,,
209548,Michelle,Schroeder,U,19900306,GER,,
209549,Nikki Camille,Zoleta,R,19920309,PHI,,
209550,Nivea,Bezich Cavinta,U,19890918,ESP,,
209551,Olga,Blank,U,19910418,ISR,,
209552,Angelika,Aliev,R,19910814,ISR,,
209553,Anushree,Thammanna,U,19880124,IND,,
209554,Puja,Patel,U,19910501,IND,,
209555,Rasika,Sankpal,U,19900808,IND,,
209556,Ana Luiza,Ferreira,U,19890203,BRA,,
209557,Jessica,Green,U,19911005,CUB,,
209558,Raiza,Verdecia,U,19910211,CUB,,
209559,Yanisleidis,Fernandez,U,19900111,CUB,,
209560,Lilien,Pacheco,U,19920611,CUB,,
209561,Anabel,Pollan,U,19900329,CUB,,
209562,Daleidis,Borrego,U,19900807,CUB,,
209563,Arletis,Fernandez,U,19900307,CUB,,
209564,Natalia,Guevara,U,19890221,PUR,,
209565,Lillian,Aviles,U,19900404,CUB,,
209566,Lais,Souza,R,19890102,BRA,,
209567,Odalis,Sardinas,U,19900918,CUB,,
209568,Ashley,Silva,U,19890415,VEN,,
209569,Sara,Meghoufel,R,19880312,ALG,,
209570,Aliaa,Kamal,U,19900307,EGY,,
209571,Valeria,Faccinetti,U,19880220,ARG,,
209572,Alina,Shazhko,U,19910303,UKR,,
209573,Fatima Zorah,Bouabdallah,R,19900427,ALG,,
209574,Sena,Bensafi,R,19920823,ALG,,
209575,Yasmine,Alkema,U,19910115,ALG,,
209576,Barbora,Matusova,R,19900417,CZE,,
209577,Perrine,Fouche,R,19910405,FRA,,
209578,Samara,Amour,R,19920201,ALG,,
209579,Amelia,Harris,U,19900903,NZL,,
209580,Abigail,Guthrie,R,19900622,NZL,170,Q16212090
209581,Megan,Price,R,19890509,AUS,,
209582,Karola,Diaconescu,R,19900529,ROU,,
209583,Giulia,Gardani,R,19890319,ITA,,
209584,Claire,Soper,U,19871108,USA,,
209585,Stefana,Lakicevic,U,19901109,MNE,,
209586,Mirna,Cicak,R,19890616,CRO,,
209587,Paola,Orozco,U,19890904,MEX,,
209588,Jessica,Obi,R,19850218,NGR,,
209589,Julie,Bigot,U,19910531,BEL,,
209590,Bibiana,Almeida,R,19900417,POR,,
209591,Selina,Guns,R,19890318,BEL,,
209592,Esther,Jimoh,U,19800323,NGR,,
209593,Vivian,Cassimer,U,19891207,NGR,,
209594,Ayushi,Sinha,R,19890105,IND,,
209595,Nathalie,Elgales,U,19900622,GER,,
209596,Alexandra,Vukota,U,19900831,SUI,,
209597,Zana,Gospodnetic,U,19900910,CRO,,
209598,Alessandra,Caprara,L,19890813,ITA,,
209599,Karyn,Emeralda,R,19920518,INA,,
209600,Mireia,Recasens Horta,R,19900126,ESP,,
209601,Ana,Miguel Ivern,U,19880501,ESP,,
209602,Adla,Mahic,R,19890602,SWE,,
209603,Zorana,Anastasijevic,U,19890323,SRB,,
209604,Plamena,Kurteva,U,19900608,BUL,,
209605,Hui,Li,U,19911021,CHN,,
209606,Yi Run,Han,U,19900618,CHN,,
209607,Maria Sole,Barbieri,R,19880629,ITA,,
209608,Doris,Graus,R,19870108,ITA,,
209609,Juan Rosalia,Tejoprayitno,U,19900406,INA,,
209610,Alexandra,Tufa,U,19890728,ROU,,
209611,Victoria Corina,Mirea,R,19910707,ROU,,
209612,Daniela Alexandra,Ilcu,R,19900528,ROU,,
209613,Martina,Kostalova,U,19901024,SVK,,
209614,Katarina,Poljakova,U,19900524,SVK,,
209615,Petra,Niedermayerova,U,19901128,CZE,,
209616,Kristyna,Kucianova,U,19910618,SVK,,
209617,Magdalena,Osterle,U,19910701,AUT,,
209618,Paola,Cos,R,19920827,USA,,
209619,Lauren,Jones,L,19890512,USA,170,
209620,Eun Jung,Kim,U,19880320,KOR,,
209621,Montserrat,Blasco Fernandez,R,19900402,ESP,,
209622,Erin Carol,Stephens,R,19930506,USA,,
209623,So Yeon,Kim,R,19910921,KOR,,
209624,Silvia,Cevoli,U,19900610,BEL,,
209625,Tracy,Castillo,R,19890929,GER,,
209626,Madeleine,Dax,R,19900126,GER,,
209627,Cameron,Ellis,U,19881224,USA,,
209628,Daniela,Cociorba,R,19900201,MDA,,
209629,Lenka,Jaloviecova,R,19860623,CZE,,
209630,Virginia,Ugrcyc,U,19901121,SUI,,
209631,Carolin,Weikard,U,19890727,GER,,
209632,Clemence,Terol,U,19901027,FRA,,
209633,Anais,Dallara,U,19900916,FRA,,
209634,Laura,Burns,U,19880105,GBR,,
209635,Veronika,Sigutova,U,19900621,CZE,,
209636,Alessa,Waibel,U,19900531,SUI,,
209637,Simona,Demont,U,19880307,SUI,,
209638,Tanja,Rebholz,U,19920411,GER,,
209639,Karen,Nijssen,U,19880627,NED,,
209640,Mirte,De Bakker,U,19890629,NED,,
209641,Nina,Mujezinovic,L,19900412,BIH,,
209642,Hannah,Toro,U,19911121,GBR,,
209643,Ines,Martins,U,19930407,POR,,
209644,Julie,Vo,U,19870627,USA,,
209645,Marina,Stanimirov,U,19831001,NOR,,
209646,Julia,Goloborodko,R,19921124,UKR,,
209647,Marina,Gallo,R,19900615,POR,,
209648,Valentina,Vasilieva,U,19870228,RUS,,
209649,Jordana,Lujan,R,19901117,ARG,,
209650,Maria,Christensen,R,19890831,DEN,,
209651,Jennifer,Woyke,R,19870603,GER,,
209652,Louise,Harbo Schmidt,U,19920929,DEN,,
209653,Victoria,Rode Bager,U,19910205,DEN,,
209654,Sofie,Kofoed Thomsen,U,19880302,DEN,,
209655,Kristina,Schleich,U,19900824,GER,,
209656,Francisca,Salas,R,19880223,CHI,,
209657,Jesica,Escobar,U,19880809,ARG,,
209658,Andrea,Hernandez,U,19891108,MEX,,
209659,Anezka,Makovickova,R,19920131,CZE,,
209660,Michaela,Bezdickova,U,19910510,CZE,,
209661,Amel,Ouahab,U,19920401,ALG,,
209662,Lina,Fettah,U,19870215,ALG,,
209663,Jelena,Trailovic,R,19900911,SRB,,
209664,Marcela,Rosales,U,19920611,MEX,,
209665,Stefanie,Nunic,R,19890130,USA,,
209666,Karla,Miranda,U,19891218,MEX,,
209667,Helene,Lindstrand,R,19860310,SWE,,
209668,Rebeca,Molina,R,19861103,MEX,,
209669,Achiraya,Sriprome,U,19900531,THA,,
209670,Nutwadee,Suthiprapha,U,19920103,THA,,
209671,Francesca,Campigotto,L,19911017,ITA,,
209672,Catalina,Ucros,U,19910331,COL,,
209673,Hannah,Berner,R,19910812,USA,,
209674,Anamaria,Candanoza,R,19930220,COL,,
209675,Silvia,Carvajal,U,19901227,COL,,
209676,Daniela Lucia,Sierra Jurado,U,19920424,COL,,
209677,Maria,Nivia,U,19901209,COL,,
209678,Katherine,Laporta,R,19860305,USA,,
209679,Melissa,Bolivar,U,19911123,COL,,
209680,Ondine,Trompette,U,19890720,FRA,,
209681,Katharina,Braeutigam,R,19910215,GER,,
209682,Anna,Egorova,U,19861212,RUS,,
209683,Alexandra,Stuparu,U,19910220,ROU,,
209684,Kari,Wig,U,19890903,CAN,,
209685,Kirsten,Scott,U,19930319,CAN,,
209686,Olivia,Marshall,R,19880423,USA,,
209687,Catriona,Stewart,U,19870223,GBR,,
209688,Jelena,Tomasovic,U,19910503,CAN,,
209689,Viktorya,Gorodetsky,R,19871205,CAN,,
209690,Kirsten,Magi,U,19900324,CAN,,
209691,Elly,Strother,R,19880420,CAN,,
209692,Marie Christine,Chartier,U,19910806,CAN,,
209693,Tuule,Tani,U,19880212,EST,,
209694,Janine,Weinreich,U,19900114,GER,,
209695,Vivian,Hansen,R,19910116,GER,,
209696,Laura,Gilbert,U,19900104,GBR,,
209697,Olivia,Smith,U,19900201,GBR,,
209698,Christina,Amo,U,19880426,USA,,
209699,Christina,Liles,U,19881212,USA,,
209700,Cierra,Gaytan Leach,U,19910927,USA,,
209701,Janine,Tiszolczy,R,19910824,GER,,
209702,Elisa,Tassotti,U,19911129,ITA,,
209703,Olga,Ippolitova,U,19890112,KAZ,,
209704,Regina,Shtyagina,U,19901014,RUS,,
209705,Leonie,Athanasiadis,R,19910701,GER,,
209706,Lea Katharina,Jacob,R,19890105,GER,,
209707,Nadja,Teufel,U,19920305,GER,,
209708,Veronica,Popovici,R,19900921,ROU,,
209709,Ioana Alexandra,Bara,U,19891214,ROU,,
209710,Linfeifei,Fan,U,19890323,CHN,,
209711,Stina,Kailaheimo,U,19910711,FIN,,
209712,Elaine,Genovese,R,19910111,MLT,,Q52063108
209713,Daniela,Amelunge,U,19890722,BOL,,
209714,Nathaly,Miranda,R,19911006,BOL,,
209715,Patricia,Van Worcum,U,19830714,NED,,
209716,Zina,Monteiro,U,19900510,NED,,
209717,Maike,Zeppernick,R,19910217,GER,,
209718,Ana Maria,Nedelcu,U,19920201,ROU,,
209719,Loredana,Serbu,U,19890517,ROU,,
209720,Madalina Daniela,Gugila,U,19910610,ROU,,
209721,Nikola,Matovicova,R,19890228,SVK,,
209722,Lucia,Gatti,U,19890508,ITA,,
209723,Cristina,Vasco,U,19891219,ITA,,
209724,Aleksandra,Markovic,R,19890215,SRB,,
209725,Elisa,Brentino,U,19911216,ITA,,
209726,Francesca,Franco,U,19920720,ITA,,
209727,Florence,Na,U,19890716,NED,,
209728,Stefanie,Leushuis,R,19860114,NED,,
209729,Dora,Somossy,U,19880422,HUN,,
209730,Aleksandra,Ludvig,R,19910811,SRB,,
209731,Gorana,Stevanovic,R,19921001,SRB,,
209732,Klara,Vyskocilova,R,19900804,CZE,,
209733,Rie,Koganei,U,19890409,JPN,,
209734,Alexandra,Kovacs,U,19890828,HUN,,
209735,Lavinia,Sereteanu,R,19900204,ROU,,
209736,Ivana,Belejova,L,19890726,SVK,,
209737,Milena,Kachar,U,19850506,USA,,
209738,Jelena,Savic,U,19890603,BIH,,
209739,Hanna,Malakhovich,R,19891011,BLR,,
209740,Daria,Shilina,R,19901227,RUS,,
209741,Ksenia,Mikhaylova,U,19910408,RUS,,
209742,Regina,Husak,U,19900118,NED,,
209743,Sanne,Lemmers,R,19920402,NED,,
209744,Joany,Pontjodikromo,U,19900619,NED,,
209745,Ying,Qian,U,19880528,CHN,,
209746,Marcela,Henriques Brandao,R,19910509,BRA,,
209747,Andrea,Strasakova,R,19891018,CZE,,
209748,Anne,Blawatt,U,19901107,GER,,
209749,Simona,Synkova,U,19900426,SVK,,
209750,Isabella,Reibmayr,U,19910819,AUT,,
209751,Valeria,Lapis,U,19810402,ITA,,
209752,Sara,Guglielminotti,R,19900810,ITA,,
209753,Ecaterina,Vasenina,U,19920626,MDA,,
209754,Liya,Tsanava,U,19910321,RUS,,
209755,Marilia,Camara,R,19920101,BRA,,
209756,Fernanda,Dias,U,19900608,BRA,,
209757,Maria Florencia,Novillo,R,19910403,ARG,,
209758,Fanny,Fracassi,U,19901127,FRA,,
209759,Juliette,Coupez,U,19900311,FRA,,
209760,Gabriela,Eufrasio,U,19920510,BRA,,
209761,Aurelie,Bejar,U,19840627,FRA,,
209762,Julie,Verdy,U,19900126,FRA,,
209763,Maria Anna,Koutaniti,U,19890727,GRE,,
209764,Pamela,Amon,U,19901020,AUT,,
209765,Risa,Hasegawa,U,19900123,JPN,,
209766,Alejandra,Garcia,U,19900206,VEN,,
209767,Tejashwi,Narayana,U,19881207,IND,,
209768,Omlata Rai,Kumari,U,19900703,IND,,
209769,Andrea Fernanda,Flores,R,19900212,MEX,,
209770,Christin J,Thompson,R,19870731,USA,,
209771,Stephanie,Kent,U,19900327,USA,,
209772,Kaysara,Mandry,U,19910623,USA,,
209773,Nina,Vulovich,U,19900115,USA,,
209774,Maria Daniela,Yanez,R,19890401,MEX,,
209775,Deirdre,Cienki,U,19901205,USA,,
209776,Marina,Novak,R,19910530,LIE,,Q27049381
209777,Laura,Apaolaza Miradevilla,U,19910508,ESP,,
209778,Rocio,Galarza,U,19901025,ARG,,
209779,Kiki,Filippou,R,19921027,GRE,,
209780,Chrisdula,Kagga,U,19820214,GRE,,
209781,Kalliopi,Katsoupi,U,19880320,GRE,,
209782,Ana Izabela,Oliveira,U,19920312,BRA,,
209783,Katharina,Jobst,R,19910202,GER,,
209784,Santa,Sushinska,R,19870721,LAT,,
209785,Laura,Collins,R,19910520,GBR,,
209786,Menanteau,Moolman,U,19910108,RSA,,
209787,Janine,Erasmus,R,19930318,RSA,,
209788,Estelle,Mehta,U,19920424,IND,,
209789,Rieke,Honiball,U,19900601,NAM,,
209790,Este,Potgieter,R,19920603,RSA,,
209791,Ekaterina,Strogonova,R,19911011,RUS,,
209792,Serena,Frazzitta,U,19910212,ITA,,
209793,Giorgia,Pozzan,R,19890604,ITA,,
209794,Leticia,Demichelli,U,19890530,URU,,
209795,Rumi,Abe,U,19870801,JPN,,
209796,Manami,Miura,U,19880119,JPN,,
209797,Ajla,Behram,U,19890811,SWE,,
209798,Josefin,Hjertquist,U,19890425,SWE,,
209799,Andrea Natalia,Martin,R,19921212,COL,,
209800,Deisy,Bolivar Espinosa,R,19900214,COL,,
209801,Maria Paola,Aranguren,U,19830909,COL,,
209802,Karen Johana,Martinez,U,19930424,COL,,
209803,Maria,Arenas,R,19930813,COL,,
209804,Natali,Coronel,L,19920714,ARG,,
209805,Maria Eugenia,Torres,U,19890929,URU,,
209806,Fernanda,Perrotta,U,19890626,ARG,,
209807,Maria Jose,Arechavaleta,R,19900709,URU,,
209808,Juliette,Sapene,U,19921130,FRA,,
209809,Deepna,Vazirani,R,19900520,IND,,
209810,Laura,Noguera Aparicio,U,19890208,ESP,,
209811,Ofir,Morag,R,19910502,ISR,,
209812,Gaia,Tanganelli,U,19840517,ITA,,
209813,Amit,Berkovitz,U,19920820,ISR,,
209814,Ana Maria,Henriquez,U,19871027,CHI,,
209815,Valentina,Parrilla,R,19910129,ARG,,
209816,Daphne,Charalambous,U,19910516,AUS,,
209817,Maria Jose,Rodriguez,R,19920619,CHI,,
209818,Belen,Tajmuch,U,19911227,CHI,,
209819,Geraldine,Salazar,U,19910320,CHI,,
209820,Francesca,Piu,U,19870523,ITA,,
209821,Ester,Baschirotto,R,19891203,ITA,,
209822,Adriana,Quezada,U,19910429,PER,,
209823,Jimena,Wu,R,19920814,PER,,
209824,Kalinina,Sandoval,U,19900731,PER,,
209825,Micaela,Silva,U,19901222,PER,,
209826,Fiorella Maria,Jarufe,U,19920114,PER,,
209827,Aranxta,Portugal,U,19920416,PER,,
209828,Sandra,Herrera,U,19910511,PER,,
209829,Maria Grazia,Tonani,R,19910408,PER,,
209830,Andrea,Rivera,U,19900510,PER,,
209831,Kristin,Messmer,U,19841024,USA,,
209832,Andrea,Tabachnik,R,19920825,MEX,,
209833,Fernanda,Vargas,U,19860219,MEX,,
209834,Adriana,Moedano,U,19930802,MEX,,
209835,Ana Paula,Folch,R,19911126,MEX,,
209836,Nikkita,Fountain,R,19840324,BAH,168,Q101084269
209837,Stephanie,Weinstein,U,19890916,GER,,
209838,Briar,Preston,L,19930210,NZL,,
209839,Emma,Hiles,U,19880223,AUS,,
209840,Tanya,Raykova,R,19910407,BUL,,
209841,Ines,Kertesz,U,19910823,GER,,
209842,Ngozi,Okwudike,U,19740401,NGR,,
209843,Sofia,Mitrokhin,U,19880128,CAN,,
209844,Michal,Yogev,U,19930521,ISR,,
209845,Yulia,Georgieva,R,19931109,RUS,,
209846,Eva,Husakova,U,19910825,CZE,,
209847,Sylwia,Mikolajczuk,R,19920124,POL,,
209848,Katarzyna,Kaleta,U,19921101,POL,,
209849,Joanna,Kacprzyk,U,19881211,POL,,
209850,Lucie,Sipkova,L,19890918,CZE,,
209851,Martina,Darczuk,U,19910303,POL,,
209852,Agata,Bachanek,U,19920825,POL,,
209853,Kristyna,Hancarova,L,19920730,CZE,,
209854,Daphne,Staelens,R,19901006,BEL,,
209855,Thais,Romero,R,19930113,MEX,,
209856,Giadagiovanna,Dortona,R,19910416,ITA,,
209857,Bianca,Chidrawi,R,19860211,AUS,,
209858,Sandra,Vukojicic,U,19901029,SRB,,
209859,Jana,Bezbradica,U,19910504,SRB,,
209860,Zeljka,Gavrilovic,U,19900609,SRB,,
209861,Marina,Lazic,U,19900414,SRB,,
209862,Jacqueline,Wu,U,19900913,USA,,
209863,Stephany,Chang,R,19900609,USA,,
209864,Erica,Krisan,U,19900702,USA,,
209865,Julia,Courter,U,19910916,USA,,
209866,Grace,Leake,L,19891211,USA,,
209867,C C,Sardinha,U,19911009,USA,,
209868,Yevgeniya,Rezepkina,R,19890819,KAZ,,
209869,Bianca,Hincu,R,19920722,ROU,,
209870,Stefania Cristina,Nicolae,R,19910628,ROU,,
209871,Ana Maria,Stroe,U,19921119,ROU,,
209872,Olga,Serbyn,R,19921209,UKR,,
209873,Maria,Babanova,U,19900821,RUS,,
209874,Ece,Firat,U,19900101,TUR,,
209875,Lyubov,Pogribnyak,R,19930812,UKR,,
209876,Ulker,Yuregir,U,19910301,TUR,,
209877,Sarah,Leonard,U,19910422,USA,,
209878,Marianne,Baker,R,19850906,USA,,
209879,Monica,Yajima,R,19920622,USA,,
209880,Kate,Fuller,U,19920109,USA,,
209881,Marissa,Armienta,U,19910504,MEX,,
209882,Carina,Weisser,U,19890316,SUI,,
209883,Kristina,Huba,R,19910520,SUI,,
209884,Karin,Hechenberger,R,19880125,SUI,,
209885,Muriel,Wacker,U,19910107,SUI,,
209886,Megane,Bianco,R,19940216,SUI,,
209887,Alexandra,Ban,U,19910312,ROU,,
209888,Ioana Laura,Alecsiu,R,19910610,ROU,,
209889,Alexandra,Apostu,U,19911008,ROU,,
209890,Patricia,Avramescu,U,19920310,ROU,,
209891,Julia,Gragera Cano,U,19910511,ESP,,
209892,Kristina,Pejkovic,R,19910115,AUS,,
209893,Ekaterina,Kiseleva,U,19930215,RUS,,
209894,Maria Laura,Scapigliati,R,19890817,ARG,,
209895,Paula,Espinoza Pena,U,19910530,CHI,,
209896,Josella Francisca,Valderrama Ahumada,R,19910708,CHI,,
209897,Daniela,Noceto,U,19900606,ARG,,
209898,Natalie,Luft,U,19850209,GER,,
209899,Melanie,Junod,R,19910512,SUI,,
209900,Paloma,Mielgo,R,19920627,MEX,,
209901,Marianna,Natali,L,19910620,ITA,,
209902,Mariam,Kupreishvili,R,19901116,GEO,,
209903,Maria,Voscekova,R,19900825,SVK,,
209904,Yana,Shulaeva,U,19891021,UKR,,
209905,Yasmine,Sahyoun,U,19880920,LIB,,
209906,Milena,Zubkov,U,19930104,TUR,,
209907,Elena,Nartsissova,R,19900313,RUS,,
209908,Sabina,Kovtunova,U,19911010,UZB,,
209909,Ekin,Gunaysu,R,19920220,TUR,,
209910,Valentina,Franchini,R,19860624,ITA,,
209911,Michelle,Farley,R,19910910,GBR,,
209912,Amy,Askew,R,19930612,GBR,,
209913,Shahin,Ansari,U,19901018,IND,,
209914,Kesica,Jayapalan,U,19901107,IND,,
209915,Treta,Bhattacharyya,R,19911219,IND,,
209916,Nisha,Nair,U,19860316,IND,,
209917,Silvia,Miguel,U,19930623,POR,,
209918,Thale,Myhre,R,19930430,NOR,,
209919,Carina,Litfin,U,19920723,GER,,
209920,Monika,Sirilova,U,19900430,SVK,,
209921,Sabina,Stilu,R,19921228,ROU,,
209922,Alexandra,Ulbrichtova,U,19891009,SVK,,
209923,Aimee,Jarratt,R,19900501,GBR,,
209924,Georgina,Bastick,U,19920414,GBR,,
209925,Laura,Revert Oroz,R,19910528,ESP,,
209926,Victoria,Schweizer,U,19920105,SUI,,
209927,Maria,Petrova,U,19910417,RUS,,
209928,Lenka,Dzygovska,R,19890911,SVK,,
209929,Julia,Comas Espona,U,19910626,ESP,,
209930,Dipti,Srivastava,L,19900917,IND,,
209931,Parvathy,Vijayan,U,19900316,IND,,
209932,Neha Sujit,Nair,U,19890912,IND,,
209933,Dede Tari,Kusrini,U,19870718,INA,,
209934,Alicia,Doms Golobart,L,19921211,ESP,,
209935,Patricia,Fargas Osorio,U,19930824,ESP,,
209936,Petra,Padalikova,R,19900819,CZE,,
209937,Elizabeth,Rafailidis,U,19930604,AUS,,
209938,Yen Ling,Chen,U,19911207,TPE,,
209939,Moe,Aoki,U,19921029,JPN,,
209940,Ayano,Honda,U,19910919,JPN,,
209941,Anastasia,Meglinskaya,R,19890720,RUS,,
209942,Dilara,Ahmetagic,R,19901228,GER,,
209943,Amanda Marie,Taylor,U,19860106,USA,,
209944,Loreto,Alonso Martinez,R,19921206,ESP,,
209945,Almudena,Sanz Llaneza Fernandez,U,19910303,ESP,,
209946,Rebecca,Horompoliova,R,19920223,SVK,,
209947,Stefanie,Rath,U,19890114,AUT,,
209948,Alexandra,Wetterstrom,U,19911109,SWE,,
209949,Eveliina,Virtanen,U,19910224,SWE,,
209950,Francesca,Bernardi,R,19921213,ITA,,
209951,Laura,Gambarini,R,19901204,ITA,,
209952,Sabina,Lupu,R,19931002,ROU,,
209953,Nikolette,Budai,R,19930709,CAN,,
209954,Georgiana,Patrasc,R,19931017,ROU,,
209955,Irena,Mykytyn,U,19871129,UKR,,
209956,Irina Mihaela,Giusca,U,19920424,ROU,,
209957,Sandra,Ion,R,19900802,ROU,,
209958,Andreea,Zabrac,U,19930709,ROU,,
209959,Dana,Adelson,U,19910323,ISR,,
209960,Liat,Zimmermann,U,19930412,ISR,,
209961,Anastasia,Etkin,U,19920328,ISR,,
209962,Mary,Malkin,U,19910908,ISR,,
209963,Tal,Gorenstein,U,19930330,ISR,,
209964,Dena,Laadan,U,19890811,ISR,,
209965,Karni,Cohen,R,19920318,ISR,,
209966,Prang,Pantusart,U,19911114,THA,,
209967,Xi,Bai,R,19920206,CHN,,
209968,Jaruwadee,Kaewma,R,19930522,THA,,
209969,Kobkanok,Upapong,L,19920810,THA,,
209970,Galina,Vishnikina,R,19890704,KAZ,,
209971,Esmira,Gheisary,U,19900304,KAZ,,
209972,Anastassiya,Zherdeva,R,19900811,KAZ,,
209973,Daria,Tuaeva,R,19900131,UZB,,
209974,Camila,Bernal,U,19900712,CHI,,
209975,Zulema,Zelaya,R,19920318,HON,,
209976,Alexa,Wimes,R,19900824,USA,,
209977,Lesbia,Zuniga,U,19930605,NCA,,
209978,Anna,Naumova,R,19911217,UKR,,
209979,Irina,Chaukina,U,19921125,RUS,,
209980,Maryna,Chumak,U,19910619,UKR,,
209981,Kateryna,Pyatakova,R,19931207,UKR,,
209982,Ranim,Mkahal,R,19910615,SYR,,
209983,Line,Al Ghannam,R,19890925,SYR,,
209984,Kim,Sadi,U,19931002,SYR,,
209985,Diana,Makki,R,19930102,SYR,,
209986,Polina,Konop,U,19921107,UKR,,
209987,Karen,Kozangian,U,19860101,LIB,,
209988,Tatevik,Yedigaryan,R,19901224,ARM,,
209989,Nour,Abou Saleh,U,19900805,SYR,,
209990,Lucia,Bosio,R,19910524,ARG,,
209991,Sarah,Makki,U,19900501,SYR,,
209992,Lara,Alsamman,U,19870413,SYR,,
209993,Iris,Michailidou,R,19910723,GRE,,
209994,Nupur,Kaul,U,19920610,IND,,
209995,Savi,Sehrawat,U,19860815,IND,,
209996,Alessia,Bianchi,U,19900619,ITA,,
209997,Carolina,Petrelli,U,19881122,ITA,,
209998,Lisa,Wagner,R,19900331,AUT,,
209999,Marie,Menacer,R,19920221,FRA,,
210000,Laura,Bernard,U,19930424,BEL,,
210001,Sarah Marija,Merlic,R,19900920,CRO,,
210002,Verena,Gantschnig,L,19930523,GER,,
210003,Sandra,Milojevic,U,19910629,SRB,,
210004,Simone,Frank,R,19871119,CAN,,
210005,Laura,Morrill,U,19890613,GBR,,
210006,Ludovica,Perri,U,19891213,ITA,,
210007,Deborah,Pagani,R,19920326,ITA,,
210008,Tereza,Bekerova,R,19910703,CZE,,
210009,Kim,Berghaus,U,19920818,GER,,
210010,Rachel,Michell,U,19920717,GBR,,
210011,Laura,Hornsby,U,19930102,GBR,,
210012,Elzyata,Sovaeva,U,19901203,RUS,,
210013,Dominika,Rozanska,U,19930903,POL,,
210014,Mikaela,Hockman,U,19890323,SWE,,
210015,Stine,Sebakk,U,19871108,NOR,,
210016,Maria,Klein,R,19910118,SWE,,
210017,Luiza,Coman,U,19900223,ROU,,
210018,Linda,Fritschken,R,19910110,GER,,
210019,Julia,Rissanen,U,19921028,FIN,,
210020,Maria,Kuznetsova,U,19911106,RUS,,
210021,Ilinca Thea,Anghel,R,19910711,ROU,,
210022,Sophia,Bergner,U,19891019,GER,,
210023,Veronika,Makovey,R,19910724,AUS,,
210024,Marlen,Hacke,R,19920408,GER,,
210025,Anna,Agamennone,R,19891201,ITA,,
210026,Ekaterina,Prozorova,R,19890225,RUS,,
210027,Caroline,Wegner,U,19930106,GER,,
210028,Veronika,Blaskova,R,19910807,SVK,,
210029,Zuzana,Michalicova,R,19890922,SVK,,
210030,Karolina,Dziubanii,U,19910531,POL,,
210031,Barbora,Vykydalova,U,19890816,CZE,,
210032,Agnese,Rella,U,19931010,ITA,,
210033,Jeanette,Draeger,U,19931223,GER,,
210034,Victoria,Brook,R,19900102,GBR,,
210035,Elizabeth,Ullathorne,U,19900602,GBR,,
210036,Fleur,Goedkoop,R,19890215,NED,,
210037,Ajda,Kolmancic,R,19901118,SLO,,
210038,Marcela,Cuderman,R,19900628,SLO,,
210039,Vivien,Svirkovska,R,19901128,CRO,,
210040,Ivanna,Slobodian,R,19930623,UKR,,
210041,Dajana,Csongradyova,U,19910104,SVK,,
210042,Karolina,Lisiecka,U,19920822,POL,,
210043,Katharina,Negrin,R,19900523,AUT,,
210044,Carina,Paulitsch,U,19911024,AUT,,
210045,Alexia,Quartetto,L,19920129,SUI,,
210046,Anna Clarice,Patrimonio,R,19931125,PHI,,Q27825162
210047,Christina Lavinia,Badan,U,19920919,ROU,,
210048,Ilinca,Stoica,R,19930916,ROU,,
210049,Ilaria,Popovic,R,19920412,AUS,,
210050,Jovana,Karac,R,19920611,SRB,,
210051,Dragana,Pojuzina,U,19900506,SRB,,
210052,Amaia,Ormazabal Oregui,R,19910504,ESP,,
210053,Reka,Rohonyi,R,19901220,HUN,,
210054,Laura Zsofia,Biro,R,19900122,HUN,,
210055,Sophie,Douchet,U,19830614,FRA,,
210056,Priscilla,Heise,R,19900611,FRA,,
210057,Panoria,Tsekoura,U,19920331,GRE,,
210058,Christina,Madenoglou,L,19920915,GRE,,
210059,Simona,Syleouni,U,19910708,GRE,,
210060,Nikol,Hristova,R,19930723,BUL,,
210061,Maria Jesus,Ibanez Galindo,U,19920830,ESP,,
210062,Dagmar,Dudlakova,R,19901022,CZE,,
210063,Amina,El Khattabi,R,19920308,MAR,,
210064,Denise,Muresan,R,19890731,USA,,
210065,Molly,Scott,U,19890525,USA,,
210066,Ine,Nowe,R,19900419,BEL,,
210067,Violetta,Tosmuk,R,19930122,RUS,,
210068,Imke,Reimers,U,19860312,GER,,
210069,Ghizlane,Hatim,U,19890720,MAR,,
210070,Rani Fitriya,Wardhani,U,19920916,INA,,
210071,Jun Yi,Zheng,U,19910124,CHN,,
210072,Daria,Maslennikova,R,19910408,RUS,,
210073,Jin,Yoo,U,19920702,KOR,,
210074,Sakiko,Namba,U,19910213,JPN,,
210075,Chiho,Kobayashi,U,19781221,JPN,,
210076,Tomoko,Iyori,R,19910318,JPN,,
210077,Siriporn,Phakamad,R,19930528,THA,,
210078,Olfa,Dhaoui,R,19900317,TUN,,
210079,Audrey,Leitz,R,19901029,BEL,,
210080,Nevena,Arsic,R,19910425,BIH,,
210081,Amina,Mrad,R,19931026,TUN,,
210082,Nour,Kaddour,R,19900816,TUN,,
210083,Maiara,Olivera,U,19860911,BRA,,
210084,Juliana,Pires,U,19910727,BRA,,
210085,Lizette,Gomez,U,19920325,MEX,,
210086,Roxana,Rabago,U,19911024,MEX,,
210087,Nelo,Phiri,U,19920705,USA,,
210088,Adriana,Chavez,U,19920606,MEX,,
210089,Farwa,Husain,R,19891101,USA,,
210090,Millie,Didio,R,19641005,USA,,
210091,Silvia Priscila,Montoya,U,19910117,MEX,,
210092,Melissa,Garcia,R,19890811,COL,,
210093,Daniela,Garcia Diaz,U,19931012,COL,,
210094,Angie,Solorzano,U,19910127,COL,,
210095,Maria Fernanda,Vargas,U,19940325,COL,,
210096,Sara,Julio,R,19891018,COL,,
210097,Norma,Flautero,U,19830528,COL,,
210098,Gabi,Rojas,U,19910318,COL,,
210099,Nicole,Saracino,U,19920202,COL,,
210100,Brigith Alejandra,Teran,U,19930410,COL,,
210101,Diana,Rivera,U,19910828,COL,,
210102,Diana Carolina,Casas,U,19920202,COL,,
210103,Derly,Cunya,R,19920523,COL,,
210104,Maria Paula,Sanchez,U,19910912,COL,,
210105,Marina,Lebrao,U,19901027,BRA,,
210106,Sofia,Vignau,R,19900324,ARG,,
210107,Constanze,Lotz,L,19930502,GER,,
210108,Sandy,Marti,R,19920623,SUI,,
210109,Carolina,Camargo De Luca,U,19901210,BRA,,
210110,Mariana,Sonnervig,U,19910507,BRA,,
210111,Manuela,Leme,R,19911203,BRA,,
210112,Ana Maria,Chavez Franco,L,19901103,PAR,,
210113,Katherine Gabriela,Miranda Chang,R,19940211,PER,,Q6376489
210114,Marit,Nordfors,R,19880829,SWE,,
210115,Anastasia,Aleshcheva,R,19910915,RUS,,
210116,Natasha Natalia,Shigina,U,19920518,ISR,,
210117,Xenia,Suworowa,U,19901202,GER,,
210118,Arina,Alilueva,U,19910831,RUS,,
210119,Or,Meir,U,19920413,ISR,,
210120,Shir,Perkis,U,19930528,ISR,,
210121,Or,Sasson,U,19930703,ISR,193,
210122,Maayan,Mastey,R,19940412,ISR,,
210123,Daniel,Kestenboum,R,19931019,ISR,,
210124,Alicia,De La Capilla,R,19891101,ESP,,
210125,Talissa,Kucera,R,19910822,SUI,,
210126,Charitomeni,Matoula,L,19931106,GRE,,
